{
"type": "FeatureCollection",
"name": "林班",
"crs": { "type": "name", "properties": { "name": "urn:ogc:def:crs:OGC:1.3:CRS84" } },
"features": [
{ "type": "Feature", "properties": { "林班": "19", "基本計画区": "常緑広葉樹林動態研究区", "林班ID": "19", "area": 359836 }, "geometry": { "type": "MultiPolygon", "coordinates": [ [ [ [ 131.304837883492439, 31.872008055033625 ], [ 131.304753687805459, 31.871992820378424 ], [ 131.304642452512155, 31.871976950106429 ], [ 131.304562997209302, 31.871945220802491 ], [ 131.304488864591605, 31.8718999498542 ], [ 131.304487688937201, 31.871899016617292 ], [ 131.30448045776069, 31.871894600712551 ], [ 131.304407552894702, 31.871836728608926 ], [ 131.304340678976956, 31.871795878786539 ], [ 131.304255968349054, 31.87174154336304 ], [ 131.304224245361155, 31.871705330923159 ], [ 131.304187255351593, 31.871655602298009 ], [ 131.304102779426444, 31.871515513000347 ], [ 131.304078560186753, 31.871474027181698 ], [ 131.304044694437636, 31.871416017513944 ], [ 131.304002643398434, 31.871351248823675 ], [ 131.303991891839445, 31.87133468882611 ], [ 131.303920329234586, 31.871257510584766 ], [ 131.303819818300838, 31.871162555580785 ], [ 131.303751050628136, 31.871103742523523 ], [ 131.303744588359677, 31.8711000563084 ], [ 131.30374264391213, 31.871098393331696 ], [ 131.303631440670955, 31.871034960540229 ], [ 131.303472526572193, 31.870976010298154 ], [ 131.303144044798131, 31.870876173009421 ], [ 131.302960484452768, 31.870808802811577 ], [ 131.302840024123753, 31.870723020789715 ], [ 131.302763142250797, 31.870608962723015 ], [ 131.302721474042471, 31.870492730154126 ], [ 131.302708072097943, 31.870433098283609 ], [ 131.302707436136387, 31.870429803417203 ], [ 131.302697727028573, 31.870379501269763 ], [ 131.30268197656136, 31.870316263198518 ], [ 131.302703500464901, 31.870194381861662 ], [ 131.302724740243661, 31.870143022394103 ], [ 131.302740836379684, 31.870104100621898 ], [ 131.302730455863497, 31.870022811225294 ], [ 131.302698822295696, 31.869950450812102 ], [ 131.302587697863004, 31.869859959264922 ], [ 131.302513600391535, 31.869805667820252 ], [ 131.302455450725148, 31.869742389658359 ], [ 131.30237010558622, 31.869492964306374 ], [ 131.302286728371371, 31.869249288929169 ], [ 131.302199660817479, 31.869014046111527 ], [ 131.302131187774648, 31.868842279639633 ], [ 131.302073201312169, 31.868702196464138 ], [ 131.302064183166124, 31.868680925345139 ], [ 131.302012545522729, 31.868559127329203 ], [ 131.301986723153846, 31.868380109719787 ], [ 131.301965943245904, 31.868217530940132 ], [ 131.30196340016505, 31.868211960871257 ], [ 131.301963121676977, 31.868209782019072 ], [ 131.301915657174135, 31.868105821146923 ], [ 131.301846993505677, 31.868001840082496 ], [ 131.301804866651651, 31.867888847327716 ], [ 131.301799898603804, 31.867757868738757 ], [ 131.30181074221133, 31.867658560875537 ], [ 131.301810996410893, 31.867559207720856 ], [ 131.301800717326813, 31.867432680927777 ], [ 131.301758496252063, 31.867360345371861 ], [ 131.301684439724681, 31.867292524456165 ], [ 131.301525672520853, 31.867174875812999 ], [ 131.301372115872198, 31.86709787162367 ], [ 131.301266167679842, 31.867061552461251 ], [ 131.301197333437131, 31.867025286226411 ], [ 131.301059710107467, 31.866934785549809 ], [ 131.300969721632015, 31.866880460366218 ], [ 131.300880006608452, 31.866846332994584 ], [ 131.300824452483937, 31.866841899203422 ], [ 131.300750295997858, 31.866819244670211 ], [ 131.300665580053703, 31.866773926040736 ], [ 131.300602146553501, 31.866697060125507 ], [ 131.300554755683606, 31.866570550434322 ], [ 131.300512815566208, 31.866380822727592 ], [ 131.300504475344894, 31.86635830087554 ], [ 131.300465479144663, 31.866239186821147 ], [ 131.300414208051706, 31.866116040381087 ], [ 131.300336268416942, 31.866040486219301 ], [ 131.30021897556972, 31.866011798077878 ], [ 131.30009267299323, 31.865970276198365 ], [ 131.29996761632276, 31.865941284856511 ], [ 131.299908167851214, 31.865927503127249 ], [ 131.299825005135943, 31.865898750396056 ], [ 131.299810315650348, 31.865893608481326 ], [ 131.299726403185389, 31.865872205375233 ], [ 131.299652671823537, 31.865850346777076 ], [ 131.299595315354566, 31.86582832436871 ], [ 131.299541046589525, 31.865807117827845 ], [ 131.299439224431978, 31.865753764087785 ], [ 131.299365116679013, 31.865719327277457 ], [ 131.299341808687274, 31.865764417662586 ], [ 131.299276729034858, 31.865873388220656 ], [ 131.299189511566084, 31.865922837123897 ], [ 131.299042676693858, 31.865952111088514 ], [ 131.298869833490016, 31.865982584684421 ], [ 131.29876270082184, 31.865991644480314 ], [ 131.298708841808718, 31.865980322956737 ], [ 131.298661592341176, 31.865970390782536 ], [ 131.298495604811166, 31.865877769595766 ], [ 131.298420213586496, 31.865811006793599 ], [ 131.298339768090216, 31.865757925657082 ], [ 131.298260010715495, 31.865745429450755 ], [ 131.298169817760822, 31.865742117822908 ], [ 131.298069342002151, 31.865757009636987 ], [ 131.298000367300375, 31.86575336624864 ], [ 131.297930969432002, 31.865727246271739 ], [ 131.297794988030518, 31.865682666236104 ], [ 131.297634843239621, 31.865698406551903 ], [ 131.297550517894422, 31.865706958431115 ], [ 131.297500757893545, 31.865744196224551 ], [ 131.297465761291846, 31.865816838661747 ], [ 131.297463492178309, 31.865830637378728 ], [ 131.297487964060167, 31.865959016490105 ], [ 131.297462357962644, 31.865999198595095 ], [ 131.297412318260058, 31.866032009834321 ], [ 131.297329147285296, 31.866056871921781 ], [ 131.297303064376848, 31.86605906084257 ], [ 131.29723871859872, 31.866062779986645 ], [ 131.297043191119315, 31.866057670333714 ], [ 131.296948670264555, 31.866032963645925 ], [ 131.296932450838483, 31.866028309171003 ], [ 131.296962383359272, 31.866084342283695 ], [ 131.296972909079273, 31.866095454260943 ], [ 131.297001230908904, 31.866198968500445 ], [ 131.297075642978115, 31.866514115867641 ], [ 131.29717058636561, 31.866788276350398 ], [ 131.297262120867032, 31.866868390022944 ], [ 131.297369395751474, 31.866939165745841 ], [ 131.297783541990128, 31.867073059192883 ], [ 131.297876602740388, 31.867124150826779 ], [ 131.297925435969859, 31.867186748370511 ], [ 131.298092210526903, 31.867324535132038 ], [ 131.298193396854884, 31.867350298638843 ], [ 131.298279148317818, 31.86740329698199 ], [ 131.29833316895369, 31.867461302082219 ], [ 131.298366241281286, 31.867533096583649 ], [ 131.298372657876314, 31.867596216214274 ], [ 131.298357855617894, 31.867659667463204 ], [ 131.298343859273729, 31.867768213022192 ], [ 131.298328904137037, 31.867822645456549 ], [ 131.298340701831336, 31.867890191587517 ], [ 131.29846898391034, 31.867986108797083 ], [ 131.2985530938534, 31.868018499122787 ], [ 131.2986225497296, 31.868049198793958 ], [ 131.298660274219742, 31.86808483483146 ], [ 131.298650394311807, 31.868125585531814 ], [ 131.298609012618215, 31.868184871510177 ], [ 131.298572265453231, 31.86824159435379 ], [ 131.298547064749698, 31.868280494058485 ], [ 131.29850141364571, 31.868398555926618 ], [ 131.298508692275391, 31.868511349829273 ], [ 131.29853178805206, 31.868619385566909 ], [ 131.298564687467035, 31.868682161168312 ], [ 131.298583917371388, 31.868871590459452 ], [ 131.298613277391865, 31.869033797393222 ], [ 131.298641428170072, 31.869128221878213 ], [ 131.298675057580283, 31.869231652725738 ], [ 131.298709549063972, 31.869384757841701 ], [ 131.298706850939283, 31.86953379301848 ], [ 131.298676869418415, 31.869940645131759 ], [ 131.298652013176053, 31.870035757831801 ], [ 131.298605499407131, 31.870104145507099 ], [ 131.298532461172726, 31.870172877272427 ], [ 131.298312677891573, 31.870338346472657 ], [ 131.29820800413043, 31.870416523827508 ], [ 131.298167506961647, 31.870465730866787 ], [ 131.298029677919658, 31.870721341145835 ], [ 131.297984063289562, 31.870797926733349 ], [ 131.297926670771176, 31.870894286836965 ], [ 131.297874830233525, 31.870962686719761 ], [ 131.29780188789087, 31.871035927454194 ], [ 131.297608758321303, 31.87121014082712 ], [ 131.297389276824276, 31.871393716679332 ], [ 131.297290058809239, 31.871480829254512 ], [ 131.29719043775529, 31.871545324182431 ], [ 131.297176745832502, 31.871551223065794 ], [ 131.296995736463742, 31.87162920702016 ], [ 131.296911148518944, 31.871643919903565 ], [ 131.296791257765335, 31.871654039623969 ], [ 131.296612212235686, 31.871638980550014 ], [ 131.296403217422807, 31.871597364093827 ], [ 131.296359396924203, 31.871584367902717 ], [ 131.296196840704482, 31.871536157157301 ], [ 131.295983947167684, 31.871489301901711 ], [ 131.295760515923178, 31.871487900246795 ], [ 131.295558666244432, 31.871523948141135 ], [ 131.295458238980302, 31.871543195689306 ], [ 131.295431766339505, 31.871608453463804 ], [ 131.295417620144974, 31.871643325244378 ], [ 131.29547062342337, 31.871692807891073 ], [ 131.2956050292361, 31.871752022460488 ], [ 131.295718124744241, 31.871773805616513 ], [ 131.295753087568272, 31.871780539731077 ], [ 131.295947655170949, 31.871810671263656 ], [ 131.296109499572196, 31.871853586808154 ], [ 131.296232172359822, 31.871875849167647 ], [ 131.29640587854405, 31.871959323257922 ], [ 131.29654813618356, 31.872087456332483 ], [ 131.296674691186922, 31.87216094191162 ], [ 131.296850537660305, 31.872264498003055 ], [ 131.297002869264844, 31.872339813662929 ], [ 131.29711195937773, 31.872410810760069 ], [ 131.297223184463405, 31.872491633737088 ], [ 131.297222324419209, 31.87255296654028 ], [ 131.297337788274859, 31.872633869698404 ], [ 131.297425582626545, 31.872688591503959 ], [ 131.297614906078934, 31.872730547934658 ], [ 131.297680324443064, 31.87269612171173 ], [ 131.297741262800798, 31.872583238610467 ], [ 131.2977609019689, 31.872478569507468 ], [ 131.297732063076779, 31.872381319500199 ], [ 131.297693688029852, 31.872247022757492 ], [ 131.297725952048893, 31.872124285627471 ], [ 131.297846410221638, 31.872114984290171 ], [ 131.29786122119279, 31.872086539007274 ], [ 131.297910351823191, 31.871983072498949 ], [ 131.298185996578098, 31.871950949267219 ], [ 131.298382390933881, 31.872070673614193 ], [ 131.298462494276095, 31.872085138121093 ], [ 131.298561534526442, 31.872098684632533 ], [ 131.298673400012746, 31.872116177897993 ], [ 131.298785745272454, 31.872082001640742 ], [ 131.298939963057677, 31.871988199902965 ], [ 131.29907283205776, 31.871891471845185 ], [ 131.299344012368323, 31.871786309825648 ], [ 131.299503598600779, 31.871784130188335 ], [ 131.299505950531255, 31.87178651610358 ], [ 131.299506402709028, 31.871786509927407 ], [ 131.299646374210056, 31.87192850367466 ], [ 131.299789649380898, 31.87208204311278 ], [ 131.299844057539474, 31.872140269267856 ], [ 131.299864710917063, 31.872316907351514 ], [ 131.299860849497406, 31.872433264569686 ], [ 131.299873446335511, 31.872461982518281 ], [ 131.299934319285029, 31.872600758835134 ], [ 131.300009884496262, 31.872638345713458 ], [ 131.30025822355401, 31.872635579015707 ], [ 131.300428177625037, 31.872686267777642 ], [ 131.300605984704674, 31.872761618119988 ], [ 131.300671659691375, 31.872806559002743 ], [ 131.300784772780702, 31.87281350686732 ], [ 131.300856789369618, 31.872858432652272 ], [ 131.301177909121634, 31.872801762226306 ], [ 131.301300596084161, 31.872827627342584 ], [ 131.301352600264181, 31.872896952192079 ], [ 131.301472266421342, 31.872968822384557 ], [ 131.301510909878374, 31.873240567805727 ], [ 131.301516615809419, 31.87328069245569 ], [ 131.3016709023224, 31.873273111117339 ], [ 131.301954175370298, 31.873313936216757 ], [ 131.302089240940859, 31.873343378862497 ], [ 131.302190312016023, 31.87335219067754 ], [ 131.302304742404175, 31.873335728121681 ], [ 131.302312491676673, 31.873331895463085 ], [ 131.302449970558371, 31.873199828575629 ], [ 131.302476144955079, 31.87316152728993 ], [ 131.302545222215286, 31.87310325276917 ], [ 131.302716788739588, 31.873032265191888 ], [ 131.302978803325175, 31.873294912495712 ], [ 131.302999153347628, 31.873376939005844 ], [ 131.30299203795235, 31.873463450385255 ], [ 131.30281194127349, 31.873626225565278 ], [ 131.302810210488019, 31.873665071044741 ], [ 131.302871593419439, 31.873713558867731 ], [ 131.30302159644603, 31.873746493594389 ], [ 131.303088778586641, 31.873778972003546 ], [ 131.303262958973988, 31.873863177173025 ], [ 131.303301853136077, 31.873870930660452 ], [ 131.303370444332472, 31.873867406350225 ], [ 131.303423532616819, 31.87384036290182 ], [ 131.30344176199074, 31.873832975654711 ], [ 131.303592211807143, 31.873739820122942 ], [ 131.303779917587804, 31.873638365451448 ], [ 131.303882143876507, 31.873599346056249 ], [ 131.303988927824435, 31.873558586896674 ], [ 131.304132613734964, 31.873573575989141 ], [ 131.3042613508795, 31.873665389362433 ], [ 131.304304143243201, 31.873674573481612 ], [ 131.30435417682051, 31.873694196990648 ], [ 131.30453684835652, 31.873725042469143 ], [ 131.30467299090688, 31.873714735526882 ], [ 131.304741439124371, 31.8736915314783 ], [ 131.304757396768792, 31.873681434523018 ], [ 131.304796044395516, 31.873645379337734 ], [ 131.304951955541213, 31.873384121823666 ], [ 131.305028409099009, 31.873325546584219 ], [ 131.305069927890713, 31.873293736723696 ], [ 131.305164909459052, 31.873247510729843 ], [ 131.305328591843818, 31.873204727406105 ], [ 131.305412920492017, 31.873168447960623 ], [ 131.305594907827953, 31.873144116661223 ], [ 131.30574561867212, 31.873129866849677 ], [ 131.305924472559752, 31.873200598385903 ], [ 131.306076213624976, 31.873353569139635 ], [ 131.306203439429794, 31.873392587467869 ], [ 131.306215266718567, 31.873326325049792 ], [ 131.306219381304942, 31.87323937771658 ], [ 131.306230160704104, 31.873191712256709 ], [ 131.306267455813099, 31.873094883756242 ], [ 131.306269648181711, 31.873093257455857 ], [ 131.306311449259454, 31.873011233744212 ], [ 131.306290017632932, 31.872951283145284 ], [ 131.306220233375143, 31.872891571565606 ], [ 131.306130273964982, 31.872823721202796 ], [ 131.306003209669768, 31.872746729434425 ], [ 131.305888133760192, 31.872703812944099 ], [ 131.305755530962017, 31.872672395602979 ], [ 131.30560580320909, 31.872637763284217 ], [ 131.305505201685122, 31.872578886787778 ], [ 131.305346365504988, 31.872488371419927 ], [ 131.305245808081793, 31.872411456146839 ], [ 131.305171820438687, 31.872316438564546 ], [ 131.305118989932538, 31.872239620044898 ], [ 131.30507794877164, 31.872184997919025 ], [ 131.305071426718371, 31.872176317640406 ], [ 131.305039708953501, 31.872135595851898 ], [ 131.304995032909176, 31.872073545547426 ], [ 131.304893994752035, 31.872026746821405 ], [ 131.304837883492439, 31.872008055033625 ] ] ] ] } },
{ "type": "Feature", "properties": { "林班": "17", "基本計画区": "常緑広葉樹林動態研究区", "林班ID": "17", "area": 174788 }, "geometry": { "type": "MultiPolygon", "coordinates": [ [ [ [ 131.304995032909176, 31.872073545547426 ], [ 131.305039708953501, 31.872135595851898 ], [ 131.305071426718371, 31.872176317640406 ], [ 131.30507794877164, 31.872184997919025 ], [ 131.305118989932538, 31.872239620044898 ], [ 131.305171820438687, 31.872316438564546 ], [ 131.305245808081793, 31.872411456146839 ], [ 131.305346365504988, 31.872488371419927 ], [ 131.305505201685122, 31.872578886787778 ], [ 131.30560580320909, 31.872637763284217 ], [ 131.305755530962017, 31.872672395602979 ], [ 131.305888133760192, 31.872703812944099 ], [ 131.306003209669768, 31.872746729434425 ], [ 131.306130273964982, 31.872823721202796 ], [ 131.306220233375143, 31.872891571565606 ], [ 131.306290017632932, 31.872951283145284 ], [ 131.306311449259454, 31.873011233744212 ], [ 131.30642735449473, 31.872968164108723 ], [ 131.30652985752738, 31.872962595698699 ], [ 131.306575356933109, 31.872961081023721 ], [ 131.306719253967771, 31.873025192414421 ], [ 131.306789105952959, 31.87305388543378 ], [ 131.306883400179572, 31.873154583071731 ], [ 131.306992432974369, 31.873205729483413 ], [ 131.307201958203422, 31.873285494583829 ], [ 131.307396637348432, 31.873347175596891 ], [ 131.30750770575446, 31.873406433948222 ], [ 131.307762597058286, 31.873458128786286 ], [ 131.307888417195841, 31.873473400140924 ], [ 131.307973191164479, 31.873478311782399 ], [ 131.307995758114004, 31.873462450878161 ], [ 131.308077279610302, 31.873405154413735 ], [ 131.308183566403301, 31.873266090912054 ], [ 131.308239272616674, 31.873169540323133 ], [ 131.308282375252418, 31.873100077954692 ], [ 131.308344388151909, 31.87299629664366 ], [ 131.308528795263868, 31.872861652209959 ], [ 131.308827934582126, 31.872870847169672 ], [ 131.308891137051262, 31.872799809952149 ], [ 131.308963673209888, 31.872718281842811 ], [ 131.309185067628988, 31.872550978139845 ], [ 131.309255701619549, 31.872494075412838 ], [ 131.309327466225113, 31.872462423739549 ], [ 131.309429582513644, 31.872372975097466 ], [ 131.309589885895548, 31.872268962966352 ], [ 131.309826366553978, 31.872059321222018 ], [ 131.309862502738866, 31.872024689515651 ], [ 131.309966764739926, 31.871945066172071 ], [ 131.31014217423035, 31.871933824397974 ], [ 131.310172819445768, 31.872058485601425 ], [ 131.310212131735483, 31.872217939877689 ], [ 131.310122533145403, 31.872289320157925 ], [ 131.30996636208306, 31.872651994386949 ], [ 131.3098923272413, 31.872955852287095 ], [ 131.309896886637716, 31.873054962500003 ], [ 131.309924529133042, 31.873103508769599 ], [ 131.309990039752478, 31.873097937538823 ], [ 131.310031126864999, 31.873058242950588 ], [ 131.310296231197299, 31.873035057230162 ], [ 131.310319654429321, 31.87302630125842 ], [ 131.310402846807392, 31.872995202593536 ], [ 131.31052666387157, 31.872979026431789 ], [ 131.310577173130412, 31.872972409226058 ], [ 131.310773813233311, 31.87298807319079 ], [ 131.310844900497614, 31.873072680174491 ], [ 131.311088725028469, 31.872972872361888 ], [ 131.311165552402628, 31.872875285726845 ], [ 131.311302604210823, 31.872800090667187 ], [ 131.311380615179729, 31.872740282552293 ], [ 131.311259736543263, 31.872624320649976 ], [ 131.311169146401653, 31.872428825103029 ], [ 131.311061684376085, 31.872247891718708 ], [ 131.311031657804421, 31.872118990187019 ], [ 131.311086258131155, 31.871914571063478 ], [ 131.311221099439393, 31.871855389556384 ], [ 131.311239178812315, 31.871847454548956 ], [ 131.311382615779621, 31.87175429550016 ], [ 131.311496585053106, 31.87170173300154 ], [ 131.311366882026164, 31.871663940521145 ], [ 131.311315109423163, 31.87164004496497 ], [ 131.311276027493534, 31.871622006745024 ], [ 131.311162781868148, 31.871584402888356 ], [ 131.311099431907365, 31.871577802709986 ], [ 131.311050529947778, 31.871558501881534 ], [ 131.310988058435157, 31.871520769374371 ], [ 131.310950622894495, 31.871486244478831 ], [ 131.310870997472875, 31.871398160133253 ], [ 131.310792200948725, 31.871321020702322 ], [ 131.310690055527999, 31.871222379420345 ], [ 131.310631931017753, 31.871169243594 ], [ 131.310545556388888, 31.871095955203597 ], [ 131.310407396882823, 31.871006738409836 ], [ 131.310007894822547, 31.870867086616812 ], [ 131.309884353267194, 31.870780938103334 ], [ 131.309832859429946, 31.870723940737317 ], [ 131.309789808601892, 31.87068632253634 ], [ 131.309639622001725, 31.870654219104772 ], [ 131.309487351873855, 31.870631139798682 ], [ 131.309089227153919, 31.87047516449492 ], [ 131.30882481450854, 31.870690829174368 ], [ 131.308726594356642, 31.870540081996527 ], [ 131.308566604331787, 31.870452072832325 ], [ 131.308686480018764, 31.87029756201655 ], [ 131.308551507058098, 31.870104878007265 ], [ 131.308467534902519, 31.869993144029671 ], [ 131.308329068638869, 31.86998897023302 ], [ 131.308255679542498, 31.869878211585405 ], [ 131.308128187253288, 31.869709860906063 ], [ 131.307988764717607, 31.869478404347173 ], [ 131.307988329076096, 31.869379193821352 ], [ 131.30800978742198, 31.869354007838449 ], [ 131.308116189140378, 31.869271825759213 ], [ 131.30811705696064, 31.86921500247696 ], [ 131.308033965082814, 31.869150383663339 ], [ 131.308024327161775, 31.869112498044675 ], [ 131.308055803806951, 31.869040267913743 ], [ 131.308068240208485, 31.868966280056636 ], [ 131.308006321223161, 31.868779822068689 ], [ 131.307945752061272, 31.868727048153605 ], [ 131.307856527387855, 31.868766184012056 ], [ 131.307743414318622, 31.868791111775582 ], [ 131.307659456347835, 31.868789387869075 ], [ 131.307558771396174, 31.868766660590033 ], [ 131.30750055499081, 31.868721423296471 ], [ 131.307447675628907, 31.868667153908522 ], [ 131.307405423297496, 31.868599329954346 ], [ 131.307389707633433, 31.868522563521338 ], [ 131.307363424928269, 31.868427643165926 ], [ 131.307342436118205, 31.868341799811681 ], [ 131.307316018272957, 31.868305645796212 ], [ 131.307274292948307, 31.868278876099428 ], [ 131.307217006735954, 31.868287662378798 ], [ 131.307169152530207, 31.868341822978905 ], [ 131.307158450173489, 31.868382435394651 ], [ 131.307147704632399, 31.868441156808466 ], [ 131.30712091952978, 31.868549452337483 ], [ 131.307099595878242, 31.86859910963522 ], [ 131.307057095501136, 31.868630709171445 ], [ 131.306961640291917, 31.868635026425785 ], [ 131.30684493682304, 31.868661943045208 ], [ 131.306679484893181, 31.868687746535947 ], [ 131.306524979753931, 31.86872448331826 ], [ 131.306381669758537, 31.868783030972061 ], [ 131.306307347692069, 31.868823514677555 ], [ 131.306211767827108, 31.868877578457443 ], [ 131.306153291028323, 31.868940712994672 ], [ 131.306068347486956, 31.868990311862447 ], [ 131.305888041060115, 31.869003569989179 ], [ 131.305792492871262, 31.86904861406969 ], [ 131.305744654430612, 31.86908917474582 ], [ 131.305694128100185, 31.869151069303356 ], [ 131.30567869332387, 31.86916997682356 ], [ 131.30563251057805, 31.869284147088909 ], [ 131.305702189319931, 31.869371316313462 ], [ 131.305720226658877, 31.869393881280597 ], [ 131.305794593923792, 31.869476353504091 ], [ 131.305797826436191, 31.869479827512535 ], [ 131.305805706496983, 31.869503115300983 ], [ 131.305865664822477, 31.869647509338847 ], [ 131.305869711872958, 31.869655050912119 ], [ 131.305862366532978, 31.869719570751165 ], [ 131.305872631634486, 31.869786035750046 ], [ 131.305884985221383, 31.86985159732383 ], [ 131.305905132356628, 31.869934998403672 ], [ 131.305971644997925, 31.87003781389161 ], [ 131.305973983099534, 31.870046187853596 ], [ 131.306012910071274, 31.87016852595367 ], [ 131.306195137213535, 31.870395227500453 ], [ 131.306212331178102, 31.870616451357133 ], [ 131.30606515296094, 31.870775259537989 ], [ 131.305969991192654, 31.870921411646954 ], [ 131.305968642480906, 31.871023311138362 ], [ 131.305968630527104, 31.871027303319231 ], [ 131.305920599175039, 31.87115368724238 ], [ 131.305862089019797, 31.871225840412766 ], [ 131.30580985630931, 31.871285424943778 ], [ 131.305765811219715, 31.871343443321202 ], [ 131.305672469737914, 31.871452796811482 ], [ 131.305655255267737, 31.871470367937444 ], [ 131.30561797079497, 31.87153803130558 ], [ 131.305543483455864, 31.871641790570049 ], [ 131.305477129012132, 31.871715239389083 ], [ 131.30541112998003, 31.871801326939419 ], [ 131.305320189150905, 31.871885352957673 ], [ 131.305232996651938, 31.871938780427772 ], [ 131.305145540326862, 31.871970557671702 ], [ 131.305034099457288, 31.872011059346487 ], [ 131.304995032909176, 31.872073545547426 ] ] ] ] } },
{ "type": "Feature", "properties": { "林班": "1", "基本計画区": "針葉樹林施業研究区", "林班ID": "01", "area": 235522 }, "geometry": { "type": "MultiPolygon", "coordinates": [ [ [ [ 131.268193592202778, 31.86528587170238 ], [ 131.2681379134373, 31.865387588046904 ], [ 131.268097070007343, 31.865462202410111 ], [ 131.268029140691254, 31.865586298026471 ], [ 131.268079937239662, 31.865788790457824 ], [ 131.268116793506834, 31.865954522718152 ], [ 131.268185369781577, 31.86606941817746 ], [ 131.268209569519627, 31.866109963317719 ], [ 131.268105355917612, 31.86618066931597 ], [ 131.267892643990024, 31.866323069530427 ], [ 131.267885206752879, 31.866328048381956 ], [ 131.267882828496425, 31.86633256150127 ], [ 131.267830265626088, 31.866372411276974 ], [ 131.267830388672877, 31.866455162664742 ], [ 131.267842578256563, 31.866588143914143 ], [ 131.267882002604068, 31.866710037245397 ], [ 131.268001476560329, 31.866726388828727 ], [ 131.268023103153155, 31.866772180219083 ], [ 131.268146031410367, 31.866741282669427 ], [ 131.268341181851895, 31.866702043140968 ], [ 131.268435750336039, 31.86665666397365 ], [ 131.268541599271487, 31.866605871688336 ], [ 131.268626633659522, 31.866584054904262 ], [ 131.26872676445717, 31.866541975979395 ], [ 131.268846081648832, 31.866483297067205 ], [ 131.268876542789002, 31.866447832098711 ], [ 131.268901213506865, 31.866463611035766 ], [ 131.269079094467202, 31.866577380120816 ], [ 131.269234699295907, 31.866440833004244 ], [ 131.269281585948022, 31.866381892646963 ], [ 131.26939481766297, 31.866279283785044 ], [ 131.269471536508775, 31.866294598277047 ], [ 131.269638451322152, 31.866242501018903 ], [ 131.269757833965201, 31.866166711590431 ], [ 131.269774436940367, 31.866105002719177 ], [ 131.269906267489006, 31.865977948367089 ], [ 131.270062274874533, 31.865925855664024 ], [ 131.270165819241811, 31.865829887339057 ], [ 131.270311205630236, 31.865810610898595 ], [ 131.270442077967431, 31.865686459276457 ], [ 131.27066614493836, 31.8654738977785 ], [ 131.270830860944301, 31.865371737759389 ], [ 131.270811052915917, 31.865330985858517 ], [ 131.270997956915181, 31.865237905855267 ], [ 131.271101438825013, 31.865077864117822 ], [ 131.271230474616317, 31.865029714775133 ], [ 131.271310413469735, 31.864946729466201 ], [ 131.271472172163584, 31.864784452574721 ], [ 131.271489979033475, 31.864661617414445 ], [ 131.271481732197856, 31.864649590090092 ], [ 131.271423335926357, 31.864564423875049 ], [ 131.271378305351789, 31.864254510152229 ], [ 131.271372636288049, 31.864188050340125 ], [ 131.271333981715458, 31.864267186046302 ], [ 131.271308799203609, 31.864319679428245 ], [ 131.271296434974943, 31.864345452853389 ], [ 131.271277441007982, 31.864386489001763 ], [ 131.271274662688256, 31.864403010541913 ], [ 131.271271298374302, 31.86442125541631 ], [ 131.271251443521891, 31.864517580618617 ], [ 131.271144268941271, 31.864613641549454 ], [ 131.271141824656723, 31.864614914317627 ], [ 131.271004592715997, 31.864682753098261 ], [ 131.270909101053633, 31.864726053907578 ], [ 131.270902859094861, 31.864728400349804 ], [ 131.270863226876543, 31.864742680446966 ], [ 131.270834263667581, 31.86475311632551 ], [ 131.270816677021969, 31.864759475934378 ], [ 131.270778567851067, 31.864769804020739 ], [ 131.270715732375038, 31.864791343261118 ], [ 131.270629808835679, 31.864832305954032 ], [ 131.270575314493186, 31.864906400813634 ], [ 131.270513264802787, 31.864997570934332 ], [ 131.270419558039549, 31.865098109432175 ], [ 131.270356490432562, 31.865130585993441 ], [ 131.270266319548824, 31.865127254522026 ], [ 131.270091220389361, 31.865120509758427 ], [ 131.269900269333647, 31.865113939314707 ], [ 131.269704047622099, 31.865112030378434 ], [ 131.269629694733993, 31.865103943869133 ], [ 131.269576068889336, 31.865068544206256 ], [ 131.269527651919532, 31.865028553431181 ], [ 131.269446365071985, 31.864990935138096 ], [ 131.26943992476464, 31.864988043719318 ], [ 131.269362807555893, 31.864999096875835 ], [ 131.269336926295807, 31.865035581039226 ], [ 131.269327163239581, 31.865085348532773 ], [ 131.269180375311862, 31.865182123062013 ], [ 131.269064998144302, 31.865255860080534 ], [ 131.268746272909254, 31.865219400105588 ], [ 131.268644926273083, 31.865184594133108 ], [ 131.268540326238849, 31.865181549676709 ], [ 131.26835619579802, 31.865188445046439 ], [ 131.268351232712206, 31.86518977191389 ], [ 131.268193592202778, 31.86528587170238 ] ] ], [ [ [ 131.272636172209729, 31.866356071978981 ], [ 131.272617939748244, 31.866220822291286 ], [ 131.272550912660677, 31.866023035666068 ], [ 131.27258459144889, 31.865823905770256 ], [ 131.272672991776801, 31.865723377072104 ], [ 131.272757031320424, 31.865677114096783 ], [ 131.272851679872161, 31.865630687387064 ], [ 131.272893227718384, 31.865580499030091 ], [ 131.272924015540468, 31.865521384994185 ], [ 131.272949348389972, 31.865453334044751 ], [ 131.272952785552462, 31.865344884222292 ], [ 131.272908898713467, 31.865259647836581 ], [ 131.272838831005913, 31.865192858369273 ], [ 131.272769064242652, 31.865144106795512 ], [ 131.272720666285494, 31.865104046706236 ], [ 131.27270428052816, 31.865077165001651 ], [ 131.272703507908545, 31.865032070391472 ], [ 131.272734466803968, 31.8649819752832 ], [ 131.27278122296903, 31.864927125389226 ], [ 131.272833304375808, 31.864872263980903 ], [ 131.272885139316884, 31.864803874199378 ], [ 131.272914059539914, 31.864636392131988 ], [ 131.272857566862257, 31.864433932538091 ], [ 131.272680697577499, 31.864323332791326 ], [ 131.272557776888789, 31.864266239393665 ], [ 131.272434685251199, 31.864200127204231 ], [ 131.272359410217859, 31.864137928734859 ], [ 131.272310616358197, 31.864075321119216 ], [ 131.27223875858553, 31.863904672931145 ], [ 131.272209767762234, 31.863760497326062 ], [ 131.272211628070721, 31.863560356124808 ], [ 131.272095962461293, 31.863616057957358 ], [ 131.272011924530631, 31.863662320429878 ], [ 131.271955010597878, 31.863744390601369 ], [ 131.271903726913251, 31.863816618635173 ], [ 131.27188256498394, 31.863891872949171 ], [ 131.272111076535879, 31.863887880986457 ], [ 131.27215107096049, 31.864079995730357 ], [ 131.272095733315297, 31.864262645820876 ], [ 131.272045082388701, 31.864313929433735 ], [ 131.271810667057196, 31.864540480252984 ], [ 131.271700089179632, 31.864643289915971 ], [ 131.2716198758296, 31.864723545836657 ], [ 131.271588771738152, 31.864773461684649 ], [ 131.271801832482737, 31.864778345888926 ], [ 131.271942410178525, 31.864716516004599 ], [ 131.272065185432353, 31.864627711385694 ], [ 131.272102837256142, 31.864666269314306 ], [ 131.272017820672147, 31.864754443034858 ], [ 131.271895143651022, 31.864826381392081 ], [ 131.271760408711913, 31.864884158112346 ], [ 131.271560949034949, 31.864879235777344 ], [ 131.271372791016148, 31.865099355475468 ], [ 131.271295797886523, 31.865181503236553 ], [ 131.271128432035425, 31.865367261479079 ], [ 131.2711928217646, 31.865398601377262 ], [ 131.271374709351079, 31.865591775560492 ], [ 131.271488469747737, 31.865657418392363 ], [ 131.271452681316447, 31.865695781519225 ], [ 131.27129648559557, 31.865647095195335 ], [ 131.271123464733733, 31.865533280446474 ], [ 131.270977580056211, 31.86553013701252 ], [ 131.270796322311298, 31.865606284841547 ], [ 131.270469307274169, 31.86600173931398 ], [ 131.270461823393987, 31.866014319274445 ], [ 131.270454852053319, 31.866019219702558 ], [ 131.270413154544229, 31.866069643559591 ], [ 131.270302741188971, 31.866098288544425 ], [ 131.270281655816234, 31.866114743619136 ], [ 131.270247944272796, 31.866187714044209 ], [ 131.270184698005806, 31.866233242332775 ], [ 131.269948480441258, 31.86638857749556 ], [ 131.269972874996, 31.866480071120272 ], [ 131.270005483795529, 31.866612287260132 ], [ 131.270047897701374, 31.866718245563369 ], [ 131.270247280276152, 31.866782336712596 ], [ 131.27048215494483, 31.866807533202337 ], [ 131.270685082497749, 31.866757288089584 ], [ 131.270838144663401, 31.866728015626769 ], [ 131.270937370673209, 31.866709038982613 ], [ 131.271223056704116, 31.866834564221076 ], [ 131.271297383573653, 31.866778719814107 ], [ 131.271371334486929, 31.866723157766391 ], [ 131.271456169041016, 31.866654989585477 ], [ 131.271606830479669, 31.866563753832605 ], [ 131.271785971681084, 31.866439410498149 ], [ 131.271924889225318, 31.866826364102455 ], [ 131.271979663135511, 31.866892441211238 ], [ 131.272045982678378, 31.866874110742895 ], [ 131.272178121160465, 31.866849800202328 ], [ 131.272278281126717, 31.866816891003072 ], [ 131.272393506968541, 31.866734061740011 ], [ 131.272502956214055, 31.866624257419517 ], [ 131.272580898515002, 31.866532911372936 ], [ 131.272616841160669, 31.866464696695367 ], [ 131.272636172209729, 31.866356071978981 ] ], [ [ 131.270866151052786, 31.866272352251112 ], [ 131.270924384140073, 31.866391850543547 ], [ 131.270872307243081, 31.866429562741938 ], [ 131.270707344512317, 31.866274377008001 ], [ 131.270667079344037, 31.866068490046775 ], [ 131.27081448360164, 31.866016351598525 ], [ 131.270866151052786, 31.866272352251112 ] ] ], [ [ [ 131.266355313518716, 31.869542474953985 ], [ 131.26629183315552, 31.86952275653876 ], [ 131.266055768582845, 31.869552599307092 ], [ 131.265997080680847, 31.869648587684132 ], [ 131.265934582286405, 31.86975735525866 ], [ 131.265833823299261, 31.869820865477003 ], [ 131.265783794161109, 31.869852399688746 ], [ 131.265670278277895, 31.869927649995869 ], [ 131.265703790550418, 31.869949163037933 ], [ 131.26569430280756, 31.870093914745663 ], [ 131.265686320401329, 31.870163675699114 ], [ 131.26568052811615, 31.870214296378158 ], [ 131.265690160116634, 31.8703408343452 ], [ 131.26575419389178, 31.870416976316474 ], [ 131.265928239116505, 31.87046703005019 ], [ 131.266128622685557, 31.870590742736194 ], [ 131.266159389996545, 31.87076211769859 ], [ 131.266088521626784, 31.870865769398506 ], [ 131.265991989288437, 31.87102937306603 ], [ 131.26600473590031, 31.871161956390807 ], [ 131.266106057077508, 31.871248780125367 ], [ 131.266175516379036, 31.87142143449292 ], [ 131.266201154159404, 31.871491508005956 ], [ 131.266259875780747, 31.871652006274644 ], [ 131.266310133294979, 31.871714999673333 ], [ 131.266540703069296, 31.871845223480822 ], [ 131.266701147352308, 31.871880044080466 ], [ 131.266816104064105, 31.871934002991786 ], [ 131.266941604683836, 31.871992910859625 ], [ 131.266995640004126, 31.872018274063308 ], [ 131.267051306981955, 31.87203885076752 ], [ 131.267355663245098, 31.872284287782904 ], [ 131.267593148927858, 31.872410332550071 ], [ 131.26777027971508, 31.872449736390191 ], [ 131.26801086043389, 31.872498735467204 ], [ 131.268063948208123, 31.872558410966825 ], [ 131.268195474286728, 31.872602616834094 ], [ 131.268324032246255, 31.872570953511303 ], [ 131.268459067101844, 31.872515111053957 ], [ 131.268621907179721, 31.872411419344655 ], [ 131.268736437358996, 31.872379537832117 ], [ 131.268889166714132, 31.872341162761245 ], [ 131.269153902772814, 31.872400802152903 ], [ 131.269239474308563, 31.872420079461506 ], [ 131.269281636737247, 31.872352416044805 ], [ 131.26948562656014, 31.872146383147435 ], [ 131.269508869367826, 31.872094334758781 ], [ 131.269600774959486, 31.871859998441447 ], [ 131.269456527402696, 31.871804182519067 ], [ 131.269373684044865, 31.871647026335221 ], [ 131.269246520156742, 31.871426459439164 ], [ 131.268978906503349, 31.871337419607116 ], [ 131.26886180726413, 31.871281197758783 ], [ 131.268752073183038, 31.871246272713396 ], [ 131.268659651186056, 31.870949031317704 ], [ 131.268626108750851, 31.870764460167265 ], [ 131.268528827087579, 31.870711812855163 ], [ 131.268323229140179, 31.870675493433104 ], [ 131.268360843102698, 31.870547494077016 ], [ 131.268493107015814, 31.870581650358044 ], [ 131.26852380727567, 31.870606271210153 ], [ 131.268661606268552, 31.870632036746134 ], [ 131.268709127404321, 31.870549311013679 ], [ 131.268700504295452, 31.87037123518326 ], [ 131.268681747099606, 31.870281091364614 ], [ 131.268787778386525, 31.870300592374868 ], [ 131.26881032768631, 31.870280913657233 ], [ 131.268856703443248, 31.870240441611053 ], [ 131.268938847673127, 31.870096342041279 ], [ 131.269004921566477, 31.869987089092522 ], [ 131.269112273254819, 31.869860940377016 ], [ 131.269127248547534, 31.869843342911381 ], [ 131.269355662733489, 31.869641989445537 ], [ 131.269409772299213, 31.869621127271028 ], [ 131.269473699363317, 31.869603114356789 ], [ 131.269754041583582, 31.869465665975611 ], [ 131.269935851545227, 31.869430635751495 ], [ 131.270034391285691, 31.869410685290593 ], [ 131.270121012137281, 31.869389637979502 ], [ 131.270206696434144, 31.869368472646158 ], [ 131.270289722773072, 31.869263517929834 ], [ 131.270325271879159, 31.869172686141059 ], [ 131.27037594332424, 31.869036585029367 ], [ 131.270426785248503, 31.868909432358919 ], [ 131.270509735866455, 31.868799968030249 ], [ 131.270613563944352, 31.86867220930981 ], [ 131.270723263518335, 31.868575934880376 ], [ 131.270822032125182, 31.868461715632115 ], [ 131.270873945795671, 31.868397836153957 ], [ 131.270899451511184, 31.868338733878172 ], [ 131.270924089896653, 31.868230098139342 ], [ 131.270949274570938, 31.868152958037104 ], [ 131.27096432116781, 31.868103108764387 ], [ 131.271072926481764, 31.867943631116859 ], [ 131.271219185308752, 31.867742874159468 ], [ 131.271106947418303, 31.867699920303917 ], [ 131.270838720131025, 31.867589500968936 ], [ 131.270483065654304, 31.867455907194049 ], [ 131.270173368245224, 31.867338106707386 ], [ 131.2698042226979, 31.867354313369407 ], [ 131.269439682926446, 31.867369832757781 ], [ 131.269182090568364, 31.867375771798258 ], [ 131.268881723007581, 31.867369399298475 ], [ 131.268925193694258, 31.867177197318849 ], [ 131.268947297952678, 31.867073501331337 ], [ 131.268934179240716, 31.86690775879363 ], [ 131.268931929325532, 31.866872657055183 ], [ 131.268745217292604, 31.866888059811973 ], [ 131.26850609383709, 31.866979225505414 ], [ 131.268390584614764, 31.86704394292742 ], [ 131.268238092380813, 31.867118250684616 ], [ 131.268146854292979, 31.867162652223172 ], [ 131.267966562471713, 31.867156050518936 ], [ 131.267919510910417, 31.867090807617515 ], [ 131.267892377872698, 31.867047613379835 ], [ 131.267860454506803, 31.866944294583703 ], [ 131.267699454786595, 31.867058195013087 ], [ 131.26748729545335, 31.867180545668056 ], [ 131.267462503240182, 31.867246997548467 ], [ 131.267458663892342, 31.867333806904302 ], [ 131.267499393344849, 31.867391687965959 ], [ 131.267459474390819, 31.867471641505848 ], [ 131.267463491461456, 31.867475111849274 ], [ 131.267438189069367, 31.867533905989117 ], [ 131.267677571520693, 31.867728822444345 ], [ 131.267941359465794, 31.867752546730365 ], [ 131.268080776889661, 31.867721912135021 ], [ 131.268223913829758, 31.867680139785715 ], [ 131.268225461147097, 31.86780569351599 ], [ 131.268135786429042, 31.867827691182022 ], [ 131.268024676868293, 31.867882013864062 ], [ 131.26805691977691, 31.868005446503176 ], [ 131.26806039225616, 31.868073227871498 ], [ 131.268104899198846, 31.868229778677822 ], [ 131.268162865697462, 31.868433671923061 ], [ 131.268224515433928, 31.86865051967375 ], [ 131.268230874875513, 31.868733429241477 ], [ 131.268300818940958, 31.868718850886093 ], [ 131.268455711100074, 31.868677895483497 ], [ 131.268493249779311, 31.868851992757488 ], [ 131.268377078220738, 31.868921406614952 ], [ 131.268316694651588, 31.868967396923519 ], [ 131.268426502913201, 31.869025258160917 ], [ 131.268340039845583, 31.869131101150113 ], [ 131.268254522379181, 31.869111600789051 ], [ 131.268203146879046, 31.869099885714267 ], [ 131.267938765500134, 31.86922895105365 ], [ 131.267872303387179, 31.869261396293869 ], [ 131.267816193161025, 31.869256766284295 ], [ 131.267624436641086, 31.869240943050723 ], [ 131.267558527947756, 31.869227016159222 ], [ 131.267412005086754, 31.869221486558065 ], [ 131.26731394895981, 31.869212460321855 ], [ 131.266990381577898, 31.869258993964056 ], [ 131.266917763550083, 31.8692921027503 ], [ 131.266702734272911, 31.869451552869535 ], [ 131.266593496610597, 31.869529803878297 ], [ 131.266462237007005, 31.869568795884689 ], [ 131.266388211807453, 31.869563637352279 ], [ 131.266355313518716, 31.869542474953985 ] ], [ [ 131.269447166012242, 31.86876854026081 ], [ 131.269519573509825, 31.868812436827419 ], [ 131.269585692541852, 31.868990625262214 ], [ 131.26956464839148, 31.869000933779589 ], [ 131.2693596052423, 31.868794457682885 ], [ 131.269447166012242, 31.86876854026081 ] ], [ [ 131.269683520838925, 31.86830230322105 ], [ 131.269905912133851, 31.868322007449429 ], [ 131.269901470388675, 31.868415302975798 ], [ 131.269664667729529, 31.86846250703838 ], [ 131.269683520838925, 31.86830230322105 ] ] ] ] } },
{ "type": "Feature", "properties": { "林班": "18", "基本計画区": "針葉樹林施業研究区", "林班ID": "18", "area": 162647 }, "geometry": { "type": "MultiPolygon", "coordinates": [ [ [ [ 131.301059711271051, 31.8669351434989 ], [ 131.301197334601255, 31.867025644175502 ], [ 131.301266168844222, 31.867061910410335 ], [ 131.301372117036976, 31.86709822957274 ], [ 131.3015256736862, 31.867175233762062 ], [ 131.301684440890682, 31.867292882405216 ], [ 131.301758497418348, 31.867360703320912 ], [ 131.301800718493269, 31.867433038876815 ], [ 131.301810997577405, 31.867559565669893 ], [ 131.301810743377814, 31.867658918824556 ], [ 131.301799899770259, 31.86775822668778 ], [ 131.301804867818106, 31.86788920527674 ], [ 131.301846994672331, 31.86800219803149 ], [ 131.301915658341045, 31.868106179095921 ], [ 131.301963122844114, 31.868210139968067 ], [ 131.301963401332188, 31.868212318820252 ], [ 131.301965944413013, 31.868217888889127 ], [ 131.301986724321068, 31.868380467668768 ], [ 131.302012546690065, 31.868559485278197 ], [ 131.302064184333659, 31.868681283294119 ], [ 131.302073202479733, 31.868702554413108 ], [ 131.302131188942468, 31.868842637588589 ], [ 131.302199661985526, 31.869014404060469 ], [ 131.302286729539787, 31.869249646878103 ], [ 131.302370106754978, 31.869493322255277 ], [ 131.302455451894247, 31.869742747607248 ], [ 131.302513601560861, 31.869806025769151 ], [ 131.302587699032642, 31.869860317213799 ], [ 131.302698823465732, 31.869950808760976 ], [ 131.302730457033647, 31.870023169174178 ], [ 131.302740837549862, 31.870104458570779 ], [ 131.302724741413783, 31.870143380342956 ], [ 131.302703501634994, 31.870194739810536 ], [ 131.302681977731368, 31.870316621147378 ], [ 131.302697728198638, 31.870379859218609 ], [ 131.302707437306452, 31.870430161366055 ], [ 131.302708073268008, 31.870433456232462 ], [ 131.302721475212621, 31.870493088102979 ], [ 131.302763143421117, 31.870609320671843 ], [ 131.302840025294387, 31.870723378738536 ], [ 131.302960485623856, 31.870809160760388 ], [ 131.303144045969958, 31.870876530958242 ], [ 131.303472527745242, 31.870976368246957 ], [ 131.303631441844658, 31.871035318489021 ], [ 131.30374264508626, 31.871098751280474 ], [ 131.303744589533807, 31.871100414257171 ], [ 131.303751051802294, 31.871104100472294 ], [ 131.303819819475279, 31.871162913529542 ], [ 131.303920330409397, 31.871257868533537 ], [ 131.303941359106602, 31.871280017253458 ], [ 131.303989080971689, 31.871330280810284 ], [ 131.303999832529655, 31.871346840808116 ], [ 131.304041883564878, 31.871411609499372 ], [ 131.304078561362189, 31.871474385130444 ], [ 131.304102780601966, 31.871515870949082 ], [ 131.304187256527456, 31.871655960246734 ], [ 131.30422424653716, 31.871705688871899 ], [ 131.304255969525201, 31.871741901311765 ], [ 131.304340680153416, 31.871796236735246 ], [ 131.304407554071418, 31.871837086557651 ], [ 131.304480458937718, 31.871894958661258 ], [ 131.304487690114257, 31.871899374565999 ], [ 131.304488865768661, 31.871900307802921 ], [ 131.304562998386643, 31.871945578751212 ], [ 131.304642453689809, 31.871977308055126 ], [ 131.304753688983538, 31.871993178327113 ], [ 131.304837884670832, 31.872008412982314 ], [ 131.304893995930655, 31.87202710477008 ], [ 131.304995034088194, 31.872073903496108 ], [ 131.305034100636448, 31.87201141729517 ], [ 131.305145541506477, 31.871970915620377 ], [ 131.305232996651938, 31.871938780427772 ], [ 131.305320189150905, 31.871885352957673 ], [ 131.30541112998003, 31.871801326939419 ], [ 131.305477129012132, 31.871715239389083 ], [ 131.305543483455864, 31.871641790570049 ], [ 131.30561797079497, 31.87153803130558 ], [ 131.305655255267737, 31.871470367937444 ], [ 131.305672469737914, 31.871452796811482 ], [ 131.305765811219715, 31.871343443321202 ], [ 131.30580985630931, 31.871285424943778 ], [ 131.305862089019797, 31.871225840412766 ], [ 131.305920599175039, 31.87115368724238 ], [ 131.305968630527104, 31.871027303319231 ], [ 131.305968642480906, 31.871023311138362 ], [ 131.305969991192654, 31.870921411646954 ], [ 131.30606515296094, 31.870775259537989 ], [ 131.306212331178102, 31.870616451357133 ], [ 131.306195137213535, 31.870395227500453 ], [ 131.306012910071274, 31.87016852595367 ], [ 131.305973983099534, 31.870046187853596 ], [ 131.305971644997925, 31.87003781389161 ], [ 131.305905132356628, 31.869934998403672 ], [ 131.305884985221383, 31.86985159732383 ], [ 131.305872631634486, 31.869786035750046 ], [ 131.305862366532978, 31.869719570751165 ], [ 131.305869711872958, 31.869655050912119 ], [ 131.305865664822477, 31.869647509338847 ], [ 131.305805706496983, 31.869503115300983 ], [ 131.305797826436191, 31.869479827512535 ], [ 131.305794593923792, 31.869476353504091 ], [ 131.305720226658877, 31.869393881280597 ], [ 131.305702189319931, 31.869371316313462 ], [ 131.305632511759399, 31.869284505037722 ], [ 131.305595345534641, 31.869350006626426 ], [ 131.305575382880079, 31.869385382061868 ], [ 131.305527790921786, 31.869425750804009 ], [ 131.305378146382367, 31.869459579531082 ], [ 131.305293371298973, 31.869441392415492 ], [ 131.305182158229599, 31.869386980614234 ], [ 131.305060042138109, 31.869337174918893 ], [ 131.3050140074441, 31.869312864818355 ], [ 131.304959721358898, 31.869287316839863 ], [ 131.304870383194839, 31.869252328451246 ], [ 131.304592834624913, 31.869171942127899 ], [ 131.304449811954754, 31.869117535054297 ], [ 131.304375658434111, 31.869090302534048 ], [ 131.304333320467407, 31.869058625201163 ], [ 131.304275181664565, 31.868986328604247 ], [ 131.304248945983261, 31.868873369014118 ], [ 131.304243842809228, 31.868796576793795 ], [ 131.304238800832934, 31.868688146601791 ], [ 131.304260202356318, 31.868611431880751 ], [ 131.304263872694179, 31.86860110082392 ], [ 131.304281508013446, 31.868580144720109 ], [ 131.304295857087197, 31.868543488486342 ], [ 131.304303344651942, 31.868533688388769 ], [ 131.304377037309791, 31.86845462238259 ], [ 131.304415468082851, 31.868418478193224 ], [ 131.304449111890506, 31.868382381125905 ], [ 131.304558981204423, 31.868248842028024 ], [ 131.304624645400452, 31.868173472547404 ], [ 131.304632386331605, 31.868127663246209 ], [ 131.304637912975892, 31.868083037893825 ], [ 131.304644943068467, 31.867954572377204 ], [ 131.304654121676009, 31.867940302980898 ], [ 131.304653898531342, 31.8679464183591 ], [ 131.304710222173384, 31.867858855046727 ], [ 131.304728530262054, 31.867847158196319 ], [ 131.304804467323606, 31.867802892663001 ], [ 131.304862874066032, 31.867762306997509 ], [ 131.304879707112576, 31.867748023544198 ], [ 131.304880135059989, 31.867748352873136 ], [ 131.304913683518095, 31.867719193305916 ], [ 131.304933147511804, 31.867673908633456 ], [ 131.304951583586757, 31.867642656014159 ], [ 131.304955912590259, 31.867615735709879 ], [ 131.30497841867637, 31.86753286331572 ], [ 131.304963450270947, 31.867498222478567 ], [ 131.304958692254189, 31.867499199771409 ], [ 131.304931373719114, 31.867452580084432 ], [ 131.304916372761426, 31.867441375801764 ], [ 131.304865058414975, 31.867403048851738 ], [ 131.304846243038185, 31.867386829538127 ], [ 131.304810469098101, 31.867368070724432 ], [ 131.304731035606807, 31.867331766839833 ], [ 131.304603893655127, 31.867290991895473 ], [ 131.30457311709165, 31.867284363368004 ], [ 131.304497862986153, 31.867286313443614 ], [ 131.304402093016762, 31.867323525908255 ], [ 131.304377195880278, 31.86732886546902 ], [ 131.30430705860266, 31.867356213220663 ], [ 131.304222170742236, 31.867378612099067 ], [ 131.303951630583072, 31.867432458402266 ], [ 131.303861508108383, 31.867432321526632 ], [ 131.303787361948906, 31.867400579013157 ], [ 131.303709213953823, 31.867389867748873 ], [ 131.303690549682528, 31.867386374917714 ], [ 131.303563231794357, 31.867364095509682 ], [ 131.303477932795971, 31.867356391905766 ], [ 131.303385335060227, 31.86736507398442 ], [ 131.303275390581661, 31.867351373996939 ], [ 131.303199363813235, 31.867376161853308 ], [ 131.303158510265405, 31.867386213147597 ], [ 131.303034060300263, 31.867444158709613 ], [ 131.303033847320933, 31.867443856562865 ], [ 131.303022890885046, 31.867448958016098 ], [ 131.303020396267755, 31.867445418983717 ], [ 131.303017851465313, 31.867446603875205 ], [ 131.302918392814462, 31.867396424282095 ], [ 131.302812267651149, 31.867300812263064 ], [ 131.302755823767455, 31.867141999773892 ], [ 131.302629061807465, 31.866952122387158 ], [ 131.302549820699596, 31.866839077192186 ], [ 131.30251776943291, 31.866770044823962 ], [ 131.302509950670526, 31.866753291380054 ], [ 131.302477142485884, 31.866680228664602 ], [ 131.302458414240135, 31.866655048397565 ], [ 131.302440452064957, 31.866628246849697 ], [ 131.302410774135211, 31.866596465646566 ], [ 131.302342816048792, 31.866520910960073 ], [ 131.302322318365128, 31.866448689551905 ], [ 131.302321706510611, 31.866446976945735 ], [ 131.302303786241481, 31.866400724083647 ], [ 131.302299071112714, 31.866389774162492 ], [ 131.302281442790871, 31.866373863013397 ], [ 131.302264543206604, 31.866358897000804 ], [ 131.30226300533414, 31.866357582778779 ], [ 131.302220703779824, 31.866337811361429 ], [ 131.302218725876685, 31.866337244307481 ], [ 131.30215985869944, 31.866317448029541 ], [ 131.302133133586977, 31.866308103148178 ], [ 131.302098184620348, 31.866263276063293 ], [ 131.302080319614049, 31.866225466121637 ], [ 131.302058590542828, 31.866179076499321 ], [ 131.302045088189942, 31.866150062683218 ], [ 131.302038651381594, 31.866116153809887 ], [ 131.302035200392254, 31.866080041657231 ], [ 131.302038937477505, 31.866042143145076 ], [ 131.302054749375486, 31.866002248635063 ], [ 131.302073833485764, 31.865950467844193 ], [ 131.302074099164116, 31.865949512438942 ], [ 131.302077428728722, 31.865925697011754 ], [ 131.30207519603934, 31.86591355871002 ], [ 131.302074988268004, 31.865906926946934 ], [ 131.302083372914922, 31.865879831130481 ], [ 131.302143198017404, 31.865735743945717 ], [ 131.302143364533038, 31.865669278309568 ], [ 131.302123435470492, 31.865617995895974 ], [ 131.302097026129928, 31.865577260634257 ], [ 131.302088305388196, 31.865568870870117 ], [ 131.302088155829352, 31.865568640181941 ], [ 131.302045852818367, 31.865527942663221 ], [ 131.301966409869976, 31.865491702029598 ], [ 131.301802207603373, 31.865428252543918 ], [ 131.301721714826186, 31.865385193284297 ], [ 131.301673532989781, 31.865319244565985 ], [ 131.301617503196468, 31.865307506916011 ], [ 131.301533152184192, 31.865297002997274 ], [ 131.301473685845252, 31.865296740431777 ], [ 131.301455503902844, 31.86529863897908 ], [ 131.301434575922542, 31.865301935591212 ], [ 131.301341348245103, 31.865319436213746 ], [ 131.301290092568536, 31.865365630972054 ], [ 131.301241238992162, 31.865431153366128 ], [ 131.301202361951425, 31.865438533925513 ], [ 131.301162313434389, 31.865445497379866 ], [ 131.30109051002546, 31.865453698038557 ], [ 131.300989398533858, 31.865452686380625 ], [ 131.300983614113846, 31.865451597046267 ], [ 131.300901959311574, 31.865436787399364 ], [ 131.300856065819659, 31.86543311862496 ], [ 131.30079368569568, 31.865430979411986 ], [ 131.300725770165855, 31.865441409393217 ], [ 131.300636584316123, 31.865477902554279 ], [ 131.300541508619688, 31.865530733889003 ], [ 131.300439318885907, 31.86561267375502 ], [ 131.300342140938682, 31.865681204018422 ], [ 131.300127043681556, 31.865695106612495 ], [ 131.299917009703137, 31.865668820749619 ], [ 131.299746321331185, 31.865632189082234 ], [ 131.299691866390816, 31.865608299021684 ], [ 131.299552138627433, 31.865544362842606 ], [ 131.299467149754605, 31.865508044229628 ], [ 131.299431941271934, 31.865492640977163 ], [ 131.299402056112314, 31.865647140690257 ], [ 131.299365116679013, 31.865719327277457 ], [ 131.299439224431978, 31.865753764087785 ], [ 131.299541046589525, 31.865807117827845 ], [ 131.299595315354566, 31.86582832436871 ], [ 131.299652671823537, 31.865850346777076 ], [ 131.299726403185389, 31.865872205375233 ], [ 131.299810315650348, 31.865893608481326 ], [ 131.299825005135943, 31.865898750396056 ], [ 131.299908167851214, 31.865927503127249 ], [ 131.29996761632276, 31.865941284856511 ], [ 131.300092674153007, 31.865970634147569 ], [ 131.300218976730008, 31.866012156027043 ], [ 131.300336269577656, 31.866040844168474 ], [ 131.300414209212732, 31.866116398330245 ], [ 131.300465480305888, 31.866239544770309 ], [ 131.300504476506291, 31.86635865882468 ], [ 131.300512816727661, 31.866381180676758 ], [ 131.300554756845202, 31.866570908383462 ], [ 131.300602147715296, 31.866697418074633 ], [ 131.300665581215753, 31.866774283989859 ], [ 131.300750297160192, 31.866819602619326 ], [ 131.300824453646584, 31.86684225715253 ], [ 131.300880007771298, 31.866846690943703 ], [ 131.30096972279523, 31.866880818315323 ], [ 131.301059711271051, 31.8669351434989 ] ] ] ] } },
{ "type": "Feature", "properties": { "林班": "20", "基本計画区": "針葉樹林施業研究区", "林班ID": "20", "area": 189719 }, "geometry": { "type": "MultiPolygon", "coordinates": [ [ [ [ 131.293229716541418, 31.867245806061305 ], [ 131.29316229881465, 31.867344955211486 ], [ 131.293376466612614, 31.867303290129573 ], [ 131.29348644891968, 31.867281893565739 ], [ 131.293507771959895, 31.867329566356563 ], [ 131.293525524058992, 31.867369255407763 ], [ 131.293528184737454, 31.867380741349447 ], [ 131.29357595443912, 31.867482004347355 ], [ 131.293400060380065, 31.867671904585759 ], [ 131.293439395478146, 31.86774486968773 ], [ 131.293597045624495, 31.867700852670559 ], [ 131.293892767756233, 31.867618089812037 ], [ 131.293907698740384, 31.867613911100495 ], [ 131.293969393969292, 31.867705764764981 ], [ 131.293914241559349, 31.868180304375418 ], [ 131.294098203464586, 31.868467592848098 ], [ 131.294390038083037, 31.868245053254796 ], [ 131.29446642271634, 31.868572274848326 ], [ 131.294297908725895, 31.868950562121722 ], [ 131.294493372221211, 31.868970862871542 ], [ 131.294572337210951, 31.868878745296854 ], [ 131.294634364796138, 31.868806386095752 ], [ 131.294945578337547, 31.8686622677311 ], [ 131.295449053448323, 31.868350375764397 ], [ 131.295478995623995, 31.868331827103702 ], [ 131.295471498376742, 31.86838196854508 ], [ 131.295453953024236, 31.86849931130606 ], [ 131.295446078906906, 31.868551973057581 ], [ 131.295511018834304, 31.868666366514827 ], [ 131.295546101758219, 31.868833375022014 ], [ 131.295577867169726, 31.868984590324235 ], [ 131.295679734908305, 31.868988743435988 ], [ 131.29601758544166, 31.869002516895847 ], [ 131.296147211838672, 31.869184403712744 ], [ 131.296702519061057, 31.869290447205682 ], [ 131.296780278329521, 31.869380909099025 ], [ 131.296908813848347, 31.8694229994681 ], [ 131.296973157815728, 31.869380458792584 ], [ 131.297015764978767, 31.869352129062815 ], [ 131.297105205733459, 31.86922926749136 ], [ 131.297201328997289, 31.869212808238451 ], [ 131.297351208177332, 31.869151217220509 ], [ 131.297455855810597, 31.869156384015501 ], [ 131.297558506879341, 31.869230913342875 ], [ 131.297532973354748, 31.869379159180589 ], [ 131.297428377578967, 31.869587658088406 ], [ 131.29732102214524, 31.869726805416558 ], [ 131.297279642641001, 31.86977878433115 ], [ 131.297261006729599, 31.869819314188632 ], [ 131.297203512108467, 31.869894930735828 ], [ 131.297142084704035, 31.869992507812249 ], [ 131.297122306591945, 31.87005294555523 ], [ 131.297133371777221, 31.8701746794085 ], [ 131.297106164827255, 31.870259523813072 ], [ 131.297089958820891, 31.87048233683953 ], [ 131.297138360876801, 31.870744683541108 ], [ 131.297156077552046, 31.870803251390765 ], [ 131.297156627600259, 31.870805069740911 ], [ 131.297076846034884, 31.870977523577388 ], [ 131.296822603350165, 31.871124219919384 ], [ 131.296641265739709, 31.871264531441241 ], [ 131.296525557708065, 31.871403697558211 ], [ 131.296363768722699, 31.87137790993841 ], [ 131.296336116228503, 31.871323858967635 ], [ 131.296231086408085, 31.871233009406673 ], [ 131.295994411382253, 31.871255296915947 ], [ 131.295749527624224, 31.871321707144215 ], [ 131.295458238980302, 31.871543195689306 ], [ 131.295558666244432, 31.871523948141135 ], [ 131.295760515923178, 31.871487900246795 ], [ 131.295983947167684, 31.871489301901711 ], [ 131.296196840704482, 31.871536157157301 ], [ 131.296359396924203, 31.871584367902717 ], [ 131.296403217422807, 31.871597364093827 ], [ 131.296612212235686, 31.871638980550014 ], [ 131.296791257765335, 31.871654039623969 ], [ 131.296911148518944, 31.871643919903565 ], [ 131.296995736463742, 31.87162920702016 ], [ 131.297176745832502, 31.871551223065794 ], [ 131.29719043775529, 31.871545324182431 ], [ 131.297290058809239, 31.871480829254512 ], [ 131.297389276824276, 31.871393716679332 ], [ 131.297608758321303, 31.87121014082712 ], [ 131.29780188789087, 31.871035927454194 ], [ 131.297874830233525, 31.870962686719761 ], [ 131.297926670771176, 31.870894286836965 ], [ 131.297984063289562, 31.870797926733349 ], [ 131.298029677919658, 31.870721341145835 ], [ 131.298167506961647, 31.870465730866787 ], [ 131.29820800413043, 31.870416523827508 ], [ 131.298312677891573, 31.870338346472657 ], [ 131.298532461172726, 31.870172877272427 ], [ 131.298605499407131, 31.870104145507099 ], [ 131.298652013176053, 31.870035757831801 ], [ 131.298676869418415, 31.869940645131759 ], [ 131.298706850939283, 31.86953379301848 ], [ 131.298709549063972, 31.869384757841701 ], [ 131.298675057580283, 31.869231652725738 ], [ 131.298641428170072, 31.869128221878213 ], [ 131.298613277391865, 31.869033797393222 ], [ 131.298583917371388, 31.868871590459452 ], [ 131.298564687467035, 31.868682161168312 ], [ 131.29853178805206, 31.868619385566909 ], [ 131.298508692275391, 31.868511349829273 ], [ 131.29850141364571, 31.868398555926618 ], [ 131.298547064749698, 31.868280494058485 ], [ 131.298572265453231, 31.86824159435379 ], [ 131.298609012618215, 31.868184871510177 ], [ 131.298650394311807, 31.868125585531814 ], [ 131.298660274219742, 31.86808483483146 ], [ 131.2986225497296, 31.868049198793958 ], [ 131.2985530938534, 31.868018499122787 ], [ 131.29846898391034, 31.867986108797083 ], [ 131.298340701831336, 31.867890191587517 ], [ 131.298328904137037, 31.867822645456549 ], [ 131.298343859273729, 31.867768213022192 ], [ 131.298357855617894, 31.867659667463204 ], [ 131.298372657876314, 31.867596216214274 ], [ 131.298366241281286, 31.867533096583649 ], [ 131.29833316895369, 31.867461302082219 ], [ 131.298279148317818, 31.86740329698199 ], [ 131.298193396854884, 31.867350298638843 ], [ 131.298092210526903, 31.867324535132038 ], [ 131.297925435969859, 31.867186748370511 ], [ 131.297876602740388, 31.867124150826779 ], [ 131.297783541990128, 31.867073059192883 ], [ 131.297369395751474, 31.866939165745841 ], [ 131.297262120867032, 31.866868390022944 ], [ 131.29717058636561, 31.866788276350398 ], [ 131.297075642978115, 31.866514115867641 ], [ 131.297001230908904, 31.866198968500445 ], [ 131.296972909079273, 31.866095454260943 ], [ 131.296962383359272, 31.866084342283695 ], [ 131.296932450838483, 31.866028309171003 ], [ 131.296860103881585, 31.865970121508362 ], [ 131.296763713991652, 31.865892596266121 ], [ 131.296527893243734, 31.865746724566076 ], [ 131.296479464363046, 31.865706744127319 ], [ 131.296426153994531, 31.865689393653327 ], [ 131.296198220505175, 31.86569238636605 ], [ 131.295984203065899, 31.865722352627976 ], [ 131.295912124504355, 31.865732329857085 ], [ 131.295822339909591, 31.865724480864788 ], [ 131.295747602848877, 31.865693862491675 ], [ 131.295698945389603, 31.865640353418755 ], [ 131.29561762058637, 31.865537596256786 ], [ 131.295519369136315, 31.865376323706162 ], [ 131.295471037786001, 31.865340852274606 ], [ 131.295390649875543, 31.86529220832724 ], [ 131.2953472973727, 31.865238616297955 ], [ 131.295324608312825, 31.865153127076503 ], [ 131.294942897434879, 31.864851093132433 ], [ 131.294777165114795, 31.864771995259503 ], [ 131.294364053053101, 31.864493003268748 ], [ 131.294048438371533, 31.864437323568822 ], [ 131.293863315699156, 31.864404814369983 ], [ 131.293265748976978, 31.864494061034616 ], [ 131.293187274639592, 31.864553783077533 ], [ 131.293093669448012, 31.864658918085198 ], [ 131.293005693969462, 31.864782008051197 ], [ 131.292913890857818, 31.864935501237497 ], [ 131.293054570029312, 31.864938084644958 ], [ 131.293208833234758, 31.864967675704388 ], [ 131.293320548457132, 31.864988768441044 ], [ 131.293384868648133, 31.865028502022057 ], [ 131.293458543942506, 31.865080703350383 ], [ 131.293497614845904, 31.865150319175893 ], [ 131.29351320915822, 31.865182751589373 ], [ 131.293516612986878, 31.865198016353549 ], [ 131.293523550757214, 31.865220972156131 ], [ 131.293504234586749, 31.865295084390567 ], [ 131.293497008434883, 31.865392628723164 ], [ 131.293569925285595, 31.865469341726122 ], [ 131.293627932496349, 31.865553859826861 ], [ 131.29364261430888, 31.865562556544003 ], [ 131.293801824737926, 31.865626078128923 ], [ 131.293896266480715, 31.865654588444098 ], [ 131.293984461685341, 31.865688094073583 ], [ 131.294030136935959, 31.865708479443605 ], [ 131.294086879837039, 31.865728109280926 ], [ 131.294111684060766, 31.86573704927423 ], [ 131.294240697968831, 31.86581094808222 ], [ 131.294258363124925, 31.86584044162403 ], [ 131.294279553187863, 31.865884559165213 ], [ 131.294290488228711, 31.865913646403275 ], [ 131.294292008740996, 31.865917757910434 ], [ 131.294346351569658, 31.866029224097762 ], [ 131.29437112295426, 31.866110978104579 ], [ 131.29439869612159, 31.866171871962351 ], [ 131.294422556133924, 31.866227961054896 ], [ 131.294431281334113, 31.86624383453977 ], [ 131.294393538591407, 31.86631211560675 ], [ 131.294379340796496, 31.866338454650364 ], [ 131.294339627790009, 31.866411411259744 ], [ 131.294262219928356, 31.866557006540067 ], [ 131.294117093613579, 31.86658332240269 ], [ 131.293881510521089, 31.866601618041173 ], [ 131.293548704734377, 31.866630750210902 ], [ 131.293453607406974, 31.866650165213564 ], [ 131.293407431983724, 31.866852721540631 ], [ 131.293290301050689, 31.866970677937381 ], [ 131.293302741317746, 31.866988210750417 ], [ 131.293358909815851, 31.8670558048453 ], [ 131.293333809958114, 31.867092718629848 ], [ 131.293229716541418, 31.867245806061305 ] ] ] ] } },
{ "type": "Feature", "properties": { "林班": "16", "基本計画区": "針葉樹林施業研究区", "林班ID": "16", "area": 203653 }, "geometry": { "type": "MultiPolygon", "coordinates": [ [ [ [ 131.310407396882823, 31.871006738409836 ], [ 131.310545556388888, 31.871095955203597 ], [ 131.310631931017753, 31.871169243594 ], [ 131.310690055527999, 31.871222379420345 ], [ 131.310792200948725, 31.871321020702322 ], [ 131.310870997472875, 31.871398160133253 ], [ 131.310950622894495, 31.871486244478831 ], [ 131.310988058435157, 31.871520769374371 ], [ 131.311050529947778, 31.871558501881534 ], [ 131.311099431907365, 31.871577802709986 ], [ 131.311162781868148, 31.871584402888356 ], [ 131.311276027493534, 31.871622006745024 ], [ 131.311315109423163, 31.87164004496497 ], [ 131.311366882026164, 31.871663940521145 ], [ 131.311496585053106, 31.87170173300154 ], [ 131.311457664777862, 31.871439458930553 ], [ 131.311528067688499, 31.871349094160689 ], [ 131.311766459760634, 31.871206907967132 ], [ 131.311890675302749, 31.871058787179191 ], [ 131.311831263041967, 31.870988582890298 ], [ 131.311748622092779, 31.870928347658698 ], [ 131.311747164403045, 31.870809297381058 ], [ 131.311693093071028, 31.870758922238551 ], [ 131.311723545480504, 31.87070022258515 ], [ 131.311755324539632, 31.870435980401869 ], [ 131.311825806216405, 31.870334792185691 ], [ 131.31184452973298, 31.870245546065537 ], [ 131.311830489590903, 31.870156290099214 ], [ 131.311743594571595, 31.870087956995835 ], [ 131.311679759791815, 31.869962746146811 ], [ 131.311821204166847, 31.869937957255296 ], [ 131.312226636533921, 31.869812497000048 ], [ 131.312505595150526, 31.869826242515096 ], [ 131.312445114961463, 31.869724473808901 ], [ 131.312431116924728, 31.869647844725787 ], [ 131.312463773550775, 31.869616197170465 ], [ 131.31250389827963, 31.869605275488805 ], [ 131.312558974496, 31.869640315131161 ], [ 131.312572826512564, 31.869673652242767 ], [ 131.312623624409326, 31.869724936991421 ], [ 131.312670133086215, 31.869726635506911 ], [ 131.312771846044598, 31.869801244995802 ], [ 131.312795270988715, 31.869852596999745 ], [ 131.312868393616242, 31.8699110421163 ], [ 131.312935208587874, 31.869979423868159 ], [ 131.312975406573997, 31.869990148014338 ], [ 131.31302181780157, 31.869962976078963 ], [ 131.313031162030597, 31.869913347300479 ], [ 131.313069109031375, 31.869883490414367 ], [ 131.313075720104194, 31.869869417823171 ], [ 131.313089046396527, 31.869841050935989 ], [ 131.313276482460395, 31.869634048881704 ], [ 131.313466461897917, 31.869554211455739 ], [ 131.313606922324141, 31.869523199735792 ], [ 131.313774204546178, 31.869610192449347 ], [ 131.314049403071209, 31.869445736112318 ], [ 131.314394204042713, 31.869239684270941 ], [ 131.31440939411408, 31.869075496681255 ], [ 131.314448544641067, 31.868805815004592 ], [ 131.314596482589621, 31.868546606122234 ], [ 131.314545894702434, 31.868443761388733 ], [ 131.314438140292168, 31.86822469677027 ], [ 131.314361195159563, 31.868068266683903 ], [ 131.31426390525408, 31.867798832049559 ], [ 131.314201315145937, 31.867477180416749 ], [ 131.314211019004631, 31.86742843172356 ], [ 131.314247602662505, 31.867244648133251 ], [ 131.314291060051715, 31.867100341483539 ], [ 131.31430853973535, 31.867078822057437 ], [ 131.314404873373036, 31.867037645974513 ], [ 131.314449926587599, 31.867018388749667 ], [ 131.314484413823607, 31.866880719161092 ], [ 131.314533145904846, 31.866686184872542 ], [ 131.314200990729006, 31.866344184813311 ], [ 131.314157821300057, 31.866163973013542 ], [ 131.314123386872524, 31.866020225156692 ], [ 131.314123085418203, 31.865962502783461 ], [ 131.314145637985035, 31.865784768098369 ], [ 131.314293106400498, 31.865671753444744 ], [ 131.314467535382505, 31.865686654934407 ], [ 131.314605914090833, 31.865663764578091 ], [ 131.314784295354912, 31.865535529576356 ], [ 131.314856762666608, 31.865429825096189 ], [ 131.315078494149788, 31.865369839145643 ], [ 131.314942637682918, 31.865198810155274 ], [ 131.314800715213011, 31.86513963458275 ], [ 131.31470497517202, 31.865080073995305 ], [ 131.314494379481829, 31.864995805116809 ], [ 131.314666280133139, 31.864917011725133 ], [ 131.3148329277534, 31.865025242097062 ], [ 131.315011039835838, 31.865140917612536 ], [ 131.315010081170726, 31.865169781548833 ], [ 131.315041877925353, 31.865196760495671 ], [ 131.315145690489516, 31.865237089845827 ], [ 131.315223208755725, 31.865348736268377 ], [ 131.315308308192357, 31.865228569437281 ], [ 131.31536396981744, 31.865125612104944 ], [ 131.315311027300538, 31.865002970257326 ], [ 131.31529474035807, 31.8649652413281 ], [ 131.315329418994367, 31.864822708356364 ], [ 131.315348042265697, 31.864795648558545 ], [ 131.315419613317971, 31.864746266298503 ], [ 131.315548442356345, 31.864701340505206 ], [ 131.315570626570604, 31.864416376728638 ], [ 131.315681441139731, 31.864089605246566 ], [ 131.315656654986725, 31.86394896663705 ], [ 131.315608743978487, 31.86381091079809 ], [ 131.315600421486891, 31.863567411976 ], [ 131.315458443985762, 31.863423179586764 ], [ 131.315429577622581, 31.863393854692511 ], [ 131.315164694076714, 31.863224949685133 ], [ 131.315009416176423, 31.86310675462574 ], [ 131.314803280975923, 31.862949847035306 ], [ 131.314630042208165, 31.862817151742608 ], [ 131.314419696590335, 31.862687602056571 ], [ 131.314382231574029, 31.862664527666194 ], [ 131.314324012646949, 31.862634424758266 ], [ 131.314026521769563, 31.862480602226228 ], [ 131.313934828021843, 31.862553794275115 ], [ 131.313877791677157, 31.862594120197219 ], [ 131.313512149834395, 31.862855204263237 ], [ 131.313499165653894, 31.862872300854612 ], [ 131.313451236936658, 31.862935409714918 ], [ 131.313390587795624, 31.863129382686601 ], [ 131.313392877364919, 31.863166811760397 ], [ 131.313402994017679, 31.863332194851761 ], [ 131.31337805098434, 31.863385745594854 ], [ 131.313334901432881, 31.863478384152192 ], [ 131.313356275521642, 31.863548681567728 ], [ 131.313292247929212, 31.863681331963893 ], [ 131.313221814285384, 31.863745110109967 ], [ 131.313194369396996, 31.863769961609737 ], [ 131.313248871585358, 31.864014338982471 ], [ 131.313197199728592, 31.864089388904933 ], [ 131.313197180503352, 31.864097110878124 ], [ 131.31317590842167, 31.864124150563061 ], [ 131.313170756106985, 31.864127796444873 ], [ 131.313115614475265, 31.864207885748879 ], [ 131.313093426205, 31.864240112589822 ], [ 131.313086302885296, 31.864321303286872 ], [ 131.312982680169455, 31.864305314703664 ], [ 131.312939049107712, 31.864216131599832 ], [ 131.312982132585461, 31.864174537070131 ], [ 131.312990207898309, 31.864142911362919 ], [ 131.312999874325584, 31.864105054274518 ], [ 131.313085891390671, 31.863883780956126 ], [ 131.312987600430233, 31.863832816322848 ], [ 131.312938735851958, 31.863807479606525 ], [ 131.312934228590365, 31.863724603874946 ], [ 131.312922051854315, 31.863589435416031 ], [ 131.312883753965025, 31.863514669944649 ], [ 131.312845313272476, 31.863397604570267 ], [ 131.312767682655988, 31.86341396176352 ], [ 131.312725930649179, 31.863408631090334 ], [ 131.31250737458214, 31.86347229401154 ], [ 131.312375665555436, 31.863557398463893 ], [ 131.312324109844695, 31.86362507920639 ], [ 131.312176511099892, 31.863733672501386 ], [ 131.31197234329511, 31.863702278689789 ], [ 131.31203257445361, 31.863767700744351 ], [ 131.312062905296187, 31.863801670118839 ], [ 131.312102959563589, 31.86384746787056 ], [ 131.312217893045869, 31.863982628196041 ], [ 131.312245099795462, 31.864024309867069 ], [ 131.312304039124257, 31.864118309699172 ], [ 131.312335061032485, 31.864172088118163 ], [ 131.312350633274235, 31.864226692670467 ], [ 131.312369803409808, 31.864294856955134 ], [ 131.312401919535318, 31.864406503450727 ], [ 131.312432029460894, 31.864500953064944 ], [ 131.31244703448948, 31.86454796799433 ], [ 131.312464182581152, 31.864613075013306 ], [ 131.312489333738739, 31.864715277601061 ], [ 131.312499257121743, 31.864758528581032 ], [ 131.312512967857998, 31.86485110012886 ], [ 131.312522627350035, 31.864922930246934 ], [ 131.31254546322981, 31.865089766017128 ], [ 131.312581731539154, 31.865349716300681 ], [ 131.312521505977173, 31.865446779968313 ], [ 131.312485825621707, 31.865508850389748 ], [ 131.312421618479817, 31.865621823242435 ], [ 131.312402704418247, 31.865709339637174 ], [ 131.312397565158136, 31.86580681751623 ], [ 131.31239820911145, 31.86589054601891 ], [ 131.31240319286286, 31.866012433288489 ], [ 131.312397396718268, 31.86611179203328 ], [ 131.312380728541598, 31.866170664383876 ], [ 131.31236854901988, 31.866218553392759 ], [ 131.312348335285776, 31.866309007144494 ], [ 131.312333852913724, 31.866440102956822 ], [ 131.312351159501418, 31.866570909850115 ], [ 131.312356197499525, 31.866633849596727 ], [ 131.312339044435703, 31.866754903489589 ], [ 131.312240802674665, 31.866827010235021 ], [ 131.312230927379431, 31.866832598086031 ], [ 131.312180904108601, 31.866875229776056 ], [ 131.312117290244743, 31.867051262264223 ], [ 131.312076594457181, 31.86716410315162 ], [ 131.312023928046671, 31.867297720554078 ], [ 131.311981181228759, 31.867433184469142 ], [ 131.311954396866042, 31.867546061120731 ], [ 131.311927697074481, 31.867622790120411 ], [ 131.311916509120266, 31.867634804041117 ], [ 131.311854043971692, 31.867709385204687 ], [ 131.3117784672786, 31.867726504831335 ], [ 131.311512998803209, 31.867702800573113 ], [ 131.311471478001351, 31.867740807452904 ], [ 131.311518016984479, 31.86780701705047 ], [ 131.31152760651878, 31.867877997672416 ], [ 131.311581211927717, 31.867973106185747 ], [ 131.311634954967104, 31.868061875969026 ], [ 131.311729340841708, 31.868104808525224 ], [ 131.311730118101366, 31.868200576102467 ], [ 131.311740510725457, 31.868295464002564 ], [ 131.311761429557521, 31.868408364563464 ], [ 131.311777132713303, 31.868498729748126 ], [ 131.311776937166741, 31.868575534636989 ], [ 131.311766072627648, 31.868683862580589 ], [ 131.311712534148114, 31.868900596366078 ], [ 131.311717654420931, 31.868968368985541 ], [ 131.311664560462987, 31.869004435145122 ], [ 131.311062420728575, 31.86908594996774 ], [ 131.311094420144315, 31.869127997382463 ], [ 131.311146255240232, 31.869142301333987 ], [ 131.311147675748572, 31.86925052866339 ], [ 131.311169028337105, 31.869314512973229 ], [ 131.311133547616436, 31.869389639814379 ], [ 131.311085107201592, 31.869442069881924 ], [ 131.311009072910736, 31.869460294335799 ], [ 131.311032675517595, 31.86956485971346 ], [ 131.311029659383934, 31.869610865180412 ], [ 131.311113880980088, 31.869830638243318 ], [ 131.311103457642275, 31.86987395606269 ], [ 131.311281534620747, 31.870028651064459 ], [ 131.311293381623926, 31.87009446246002 ], [ 131.311213253936756, 31.870155899180087 ], [ 131.311174306923533, 31.870202894502469 ], [ 131.311192431521135, 31.870249750155946 ], [ 131.311147128350228, 31.870285795194125 ], [ 131.310926257347205, 31.870266635895579 ], [ 131.310920276036796, 31.870267114672153 ], [ 131.310915071983658, 31.870266663245278 ], [ 131.310903449302828, 31.87026759358649 ], [ 131.310690112771937, 31.870431162438663 ], [ 131.310689301379057, 31.870440333221261 ], [ 131.310629905336981, 31.870485873034621 ], [ 131.310627123710788, 31.870488005746267 ], [ 131.310597315835736, 31.870510859850555 ], [ 131.310218664059846, 31.870713273827224 ], [ 131.310007894822547, 31.870867086616812 ], [ 131.310407396882823, 31.871006738409836 ] ] ] ] } },
{ "type": "Feature", "properties": { "林班": "15", "基本計画区": "針葉樹林動態研究区", "林班ID": "15", "area": 325064 }, "geometry": { "type": "MultiPolygon", "coordinates": [ [ [ [ 131.304238800832934, 31.868688146601791 ], [ 131.304243842809228, 31.868796576793795 ], [ 131.304248945983261, 31.868873369014118 ], [ 131.304275181664565, 31.868986328604247 ], [ 131.304333320467407, 31.869058625201163 ], [ 131.304375658434111, 31.869090302534048 ], [ 131.304449811954754, 31.869117535054297 ], [ 131.304592834624913, 31.869171942127899 ], [ 131.304870383194839, 31.869252328451246 ], [ 131.304959721358898, 31.869287316839863 ], [ 131.3050140074441, 31.869312864818355 ], [ 131.305060042138109, 31.869337174918893 ], [ 131.305182158229599, 31.869386980614234 ], [ 131.305293371298973, 31.869441392415492 ], [ 131.305378146382367, 31.869459579531082 ], [ 131.305527790921786, 31.869425750804009 ], [ 131.305575382880079, 31.869385382061868 ], [ 131.305595345534641, 31.869350006626426 ], [ 131.30563251057805, 31.869284147088909 ], [ 131.30567869332387, 31.86916997682356 ], [ 131.305694128100185, 31.869151069303356 ], [ 131.305744654430612, 31.86908917474582 ], [ 131.305792492871262, 31.86904861406969 ], [ 131.305888041060115, 31.869003569989179 ], [ 131.306068347486956, 31.868990311862447 ], [ 131.306153291028323, 31.868940712994672 ], [ 131.306211767827108, 31.868877578457443 ], [ 131.306307347692069, 31.868823514677555 ], [ 131.306381669758537, 31.868783030972061 ], [ 131.306524979753931, 31.86872448331826 ], [ 131.306679484893181, 31.868687746535947 ], [ 131.30684493682304, 31.868661943045208 ], [ 131.306961640291917, 31.868635026425785 ], [ 131.307057095501136, 31.868630709171445 ], [ 131.307099595878242, 31.86859910963522 ], [ 131.30712091952978, 31.868549452337483 ], [ 131.307147704632399, 31.868441156808466 ], [ 131.307158450173489, 31.868382435394651 ], [ 131.307169152530207, 31.868341822978905 ], [ 131.307217006735954, 31.868287662378798 ], [ 131.307274292948307, 31.868278876099428 ], [ 131.307316018272957, 31.868305645796212 ], [ 131.307342436118205, 31.868341799811681 ], [ 131.307363424928269, 31.868427643165926 ], [ 131.307389707633433, 31.868522563521338 ], [ 131.307405423297496, 31.868599329954346 ], [ 131.307447675628907, 31.868667153908522 ], [ 131.30750055499081, 31.868721423296471 ], [ 131.307558771396174, 31.868766660590033 ], [ 131.307659456347835, 31.868789387869075 ], [ 131.307743414318622, 31.868791111775582 ], [ 131.307856527387855, 31.868766184012056 ], [ 131.307945752061272, 31.868727048153605 ], [ 131.308060429918442, 31.868567129917462 ], [ 131.308163692842101, 31.868529506897829 ], [ 131.308268842214289, 31.868629768522627 ], [ 131.308408593342989, 31.868644944453916 ], [ 131.308412016288372, 31.86864655790556 ], [ 131.308415233876815, 31.86864566556239 ], [ 131.308423201458851, 31.868646530777262 ], [ 131.308515064530894, 31.868621054077465 ], [ 131.308663661818628, 31.868494514365658 ], [ 131.308892194055431, 31.868217168113986 ], [ 131.3088978254832, 31.868211951171769 ], [ 131.308974643527591, 31.868133939496094 ], [ 131.30902494904808, 31.868094183959908 ], [ 131.309173134992989, 31.868161468032024 ], [ 131.309374227400269, 31.86824756362066 ], [ 131.309478179443119, 31.868360962063072 ], [ 131.309603160108452, 31.868441740761945 ], [ 131.30976109257756, 31.868582056216347 ], [ 131.309822613550182, 31.868625607402905 ], [ 131.30993377183654, 31.868704297058315 ], [ 131.309989969834504, 31.868759177406798 ], [ 131.310185846148556, 31.868865045554276 ], [ 131.310427047569277, 31.868934806992648 ], [ 131.310416475831545, 31.868935063459759 ], [ 131.310551071469689, 31.868985342069529 ], [ 131.310715619364316, 31.869042603592657 ], [ 131.310726806350743, 31.868943364680838 ], [ 131.31076571674933, 31.868885546495648 ], [ 131.310830406614514, 31.868951228796664 ], [ 131.310845453760948, 31.868994484339066 ], [ 131.310928269790907, 31.86905533316736 ], [ 131.310933953861593, 31.869051746423441 ], [ 131.310970436769878, 31.869075351864716 ], [ 131.311062420728575, 31.86908594996774 ], [ 131.311664560462987, 31.869004435145122 ], [ 131.311717654420931, 31.868968368985541 ], [ 131.311712534148114, 31.868900596366078 ], [ 131.311766072627648, 31.868683862580589 ], [ 131.311776937166741, 31.868575534636989 ], [ 131.311777132713303, 31.868498729748126 ], [ 131.311761429557521, 31.868408364563464 ], [ 131.311740510725457, 31.868295464002564 ], [ 131.311730118101366, 31.868200576102467 ], [ 131.311729340841708, 31.868104808525224 ], [ 131.311634954967104, 31.868061875969026 ], [ 131.311581211927717, 31.867973106185747 ], [ 131.31152760651878, 31.867877997672416 ], [ 131.311518016984479, 31.86780701705047 ], [ 131.311471478001351, 31.867740807452904 ], [ 131.311512998803209, 31.867702800573113 ], [ 131.3117784672786, 31.867726504831335 ], [ 131.311854043971692, 31.867709385204687 ], [ 131.311916509120266, 31.867634804041117 ], [ 131.311927697074481, 31.867622790120411 ], [ 131.311954396866042, 31.867546061120731 ], [ 131.311981181228759, 31.867433184469142 ], [ 131.312023928046671, 31.867297720554078 ], [ 131.312076594457181, 31.86716410315162 ], [ 131.312117290244743, 31.867051262264223 ], [ 131.312180904108601, 31.866875229776056 ], [ 131.312230927379431, 31.866832598086031 ], [ 131.312240802674665, 31.866827010235021 ], [ 131.312339044435703, 31.866754903489589 ], [ 131.312356197499525, 31.866633849596727 ], [ 131.312351159501418, 31.866570909850115 ], [ 131.312333852913724, 31.866440102956822 ], [ 131.312348335285776, 31.866309007144494 ], [ 131.31236854901988, 31.866218553392759 ], [ 131.312380728541598, 31.866170664383876 ], [ 131.312397396718268, 31.86611179203328 ], [ 131.31240319286286, 31.866012433288489 ], [ 131.31239820911145, 31.86589054601891 ], [ 131.312397565158136, 31.86580681751623 ], [ 131.312402704418247, 31.865709339637174 ], [ 131.312421618479817, 31.865621823242435 ], [ 131.312485825621707, 31.865508850389748 ], [ 131.312521505977173, 31.865446779968313 ], [ 131.312581731539154, 31.865349716300681 ], [ 131.31254546322981, 31.865089766017128 ], [ 131.312522627350035, 31.864922930246934 ], [ 131.312512967857998, 31.86485110012886 ], [ 131.312499257121743, 31.864758528581032 ], [ 131.312489333738739, 31.864715277601061 ], [ 131.312464182581152, 31.864613075013306 ], [ 131.31244703448948, 31.86454796799433 ], [ 131.312432029460894, 31.864500953064944 ], [ 131.312401919535318, 31.864406503450727 ], [ 131.312369803409808, 31.864294856955134 ], [ 131.312350633274235, 31.864226692670467 ], [ 131.312335061032485, 31.864172088118163 ], [ 131.312304039124257, 31.864118309699172 ], [ 131.312245099795462, 31.864024309867069 ], [ 131.312217893045869, 31.863982628196041 ], [ 131.312102959563589, 31.86384746787056 ], [ 131.312062905296187, 31.863801670118839 ], [ 131.31203257445361, 31.863767700744351 ], [ 131.31197234329511, 31.863702278689789 ], [ 131.311795078176687, 31.863676338074036 ], [ 131.311643904405713, 31.863664893415709 ], [ 131.311533107846884, 31.863667749248894 ], [ 131.311489622651294, 31.863668870073731 ], [ 131.311304464944584, 31.863744491548935 ], [ 131.31126513358717, 31.863887402536964 ], [ 131.3112421513313, 31.863965487473049 ], [ 131.311124411753411, 31.864053391768543 ], [ 131.31106398500205, 31.864098506236349 ], [ 131.311064236401847, 31.864173365321374 ], [ 131.311099413857136, 31.864263381488108 ], [ 131.311042679054822, 31.864362731912994 ], [ 131.31106448024795, 31.864563807651869 ], [ 131.311028609023936, 31.864581933869466 ], [ 131.311043564997078, 31.864629699263723 ], [ 131.311022814806307, 31.864747902060682 ], [ 131.310986928361871, 31.864761518683494 ], [ 131.310997593466794, 31.864790354170562 ], [ 131.31098926003628, 31.86482645150987 ], [ 131.310874096867821, 31.864835752323042 ], [ 131.310857778402863, 31.86469689591484 ], [ 131.31086070516065, 31.864621127142104 ], [ 131.310845791658778, 31.86458598855873 ], [ 131.310732674321883, 31.864578138666243 ], [ 131.310642766167518, 31.864554908292234 ], [ 131.310598216514393, 31.864506313207109 ], [ 131.310608423236488, 31.864395351617727 ], [ 131.310518009000106, 31.864229197876472 ], [ 131.310484859083232, 31.864168278289842 ], [ 131.310465552277691, 31.864083544557694 ], [ 131.310291978337801, 31.864038871977733 ], [ 131.310073046231054, 31.863987996291431 ], [ 131.310059767942022, 31.86395737354697 ], [ 131.310029399671549, 31.863933738961972 ], [ 131.30996522481729, 31.86385396262779 ], [ 131.309786433860296, 31.863829144401379 ], [ 131.309683564522885, 31.863722065964012 ], [ 131.309508728372919, 31.863612447818603 ], [ 131.309249554453373, 31.863567982107472 ], [ 131.309049292664326, 31.863699238924937 ], [ 131.308773228694548, 31.864107489053374 ], [ 131.308714179456274, 31.864147317074789 ], [ 131.308674290497322, 31.864098075410606 ], [ 131.308546336871132, 31.863937311362708 ], [ 131.308518347445528, 31.863897121291455 ], [ 131.308502032913992, 31.863872656969424 ], [ 131.308473876264884, 31.863832226714813 ], [ 131.308403843954522, 31.863779174017964 ], [ 131.308379845895388, 31.86358622042059 ], [ 131.30824071958159, 31.863412576512051 ], [ 131.308147451631527, 31.863360490928063 ], [ 131.307738565708433, 31.863393941273152 ], [ 131.307622572356877, 31.863439227927742 ], [ 131.307461255401904, 31.863552358577543 ], [ 131.307408770609698, 31.863630952871688 ], [ 131.307382937984556, 31.863776225124479 ], [ 131.307313571210528, 31.863775603858318 ], [ 131.307254758972647, 31.863903555645198 ], [ 131.307201434724334, 31.864025444243619 ], [ 131.307158763138375, 31.864129268604184 ], [ 131.30714794267476, 31.864215047963359 ], [ 131.307126484404279, 31.864323401189548 ], [ 131.307125906527006, 31.864553745584608 ], [ 131.307141497254435, 31.864680259149335 ], [ 131.307146634403722, 31.864747961476592 ], [ 131.307140988904763, 31.864887984765687 ], [ 131.307130087503367, 31.865005402147837 ], [ 131.307097944045893, 31.865140838885178 ], [ 131.307088179330805, 31.86516836302517 ], [ 131.306899331976211, 31.865293959527829 ], [ 131.306745319696944, 31.86539762963319 ], [ 131.306585909469561, 31.86554189907644 ], [ 131.306495539659778, 31.865641117220417 ], [ 131.306486788983506, 31.865658160937723 ], [ 131.306481633663822, 31.865663821017321 ], [ 131.306428350720608, 31.865767600191063 ], [ 131.306359168108997, 31.865875927338109 ], [ 131.306300542246873, 31.865993248187415 ], [ 131.306220749471265, 31.866101530317632 ], [ 131.30616224234106, 31.866173684192646 ], [ 131.306103729394749, 31.866250347674175 ], [ 131.305992095373313, 31.866367655044385 ], [ 131.305933570697533, 31.866453337714187 ], [ 131.305901605035871, 31.866512039669153 ], [ 131.305890809512562, 31.866593309215144 ], [ 131.305895913914924, 31.866670101460386 ], [ 131.305911683219563, 31.866719810259504 ], [ 131.305932777932014, 31.866769506244705 ], [ 131.305932490319719, 31.866882388342006 ], [ 131.305905861465902, 31.866932058216431 ], [ 131.305852745754578, 31.866968122017486 ], [ 131.305751851098023, 31.867031217482747 ], [ 131.305613842100172, 31.867094190657923 ], [ 131.305588098298728, 31.867104730732994 ], [ 131.305459402514032, 31.86716412355236 ], [ 131.305332046942254, 31.86720910277602 ], [ 131.30523645654111, 31.867272185096329 ], [ 131.305183264326644, 31.867335306517241 ], [ 131.305119433559668, 31.867421071960695 ], [ 131.305042827884648, 31.86748191835078 ], [ 131.304963450270947, 31.867498222478567 ], [ 131.30497841867637, 31.86753286331572 ], [ 131.304955912590259, 31.867615735709879 ], [ 131.304951583586757, 31.867642656014159 ], [ 131.304933147511804, 31.867673908633456 ], [ 131.304913683518095, 31.867719193305916 ], [ 131.304880135059989, 31.867748352873136 ], [ 131.304879707112576, 31.867748023544198 ], [ 131.304862874066032, 31.867762306997509 ], [ 131.304804467323606, 31.867802892663001 ], [ 131.304728530262054, 31.867847158196319 ], [ 131.304710222173384, 31.867858855046727 ], [ 131.304653898531342, 31.8679464183591 ], [ 131.304654121676009, 31.867940302980898 ], [ 131.304644943068467, 31.867954572377204 ], [ 131.304637912975892, 31.868083037893825 ], [ 131.304632386331605, 31.868127663246209 ], [ 131.304624645400452, 31.868173472547404 ], [ 131.304558981204423, 31.868248842028024 ], [ 131.304449111890506, 31.868382381125905 ], [ 131.304415468082851, 31.868418478193224 ], [ 131.304377037309791, 31.86845462238259 ], [ 131.304303344651942, 31.868533688388769 ], [ 131.304295857087197, 31.868543488486342 ], [ 131.304281508013446, 31.868580144720109 ], [ 131.304263872694179, 31.86860110082392 ], [ 131.304260202356318, 31.868611431880751 ], [ 131.304238800832934, 31.868688146601791 ] ] ] ] } },
{ "type": "Feature", "properties": { "林班": "21", "基本計画区": "常緑広葉樹林施業研究区", "林班ID": "21", "area": 180387 }, "geometry": { "type": "MultiPolygon", "coordinates": [ [ [ [ 131.293516612986878, 31.865198016353549 ], [ 131.29351320915822, 31.865182751589373 ], [ 131.293497614845904, 31.865150319175893 ], [ 131.293458543942506, 31.865080703350383 ], [ 131.293384868648133, 31.865028502022057 ], [ 131.293320548457132, 31.864988768441044 ], [ 131.293208833234758, 31.864967675704388 ], [ 131.293054570029312, 31.864938084644958 ], [ 131.292913890857818, 31.864935501237497 ], [ 131.292863048730368, 31.864940432468156 ], [ 131.292789333911003, 31.864949810807644 ], [ 131.292658975454145, 31.864977932999253 ], [ 131.292433505983013, 31.865012201710922 ], [ 131.292221192228055, 31.864991605999098 ], [ 131.292019227896844, 31.864946235840705 ], [ 131.2919741087604, 31.864928196249547 ], [ 131.291819025669582, 31.864866190552284 ], [ 131.291713023150379, 31.864784912488176 ], [ 131.291511247465706, 31.864604221722939 ], [ 131.291438849245537, 31.864520523999342 ], [ 131.291430944206439, 31.864511840066271 ], [ 131.291344016027409, 31.86439105447694 ], [ 131.291253499446384, 31.864369700182735 ], [ 131.291019808043416, 31.864345714149319 ], [ 131.290982620863247, 31.864341712368937 ], [ 131.290929139476276, 31.864315340651139 ], [ 131.290843394830802, 31.864262266861932 ], [ 131.290784055543469, 31.864204341182386 ], [ 131.290732510727423, 31.864129684609562 ], [ 131.29059310708115, 31.863927774190419 ], [ 131.290530880246791, 31.863924267722361 ], [ 131.290456610995079, 31.863887814925349 ], [ 131.289773337393882, 31.86379397686601 ], [ 131.289723387394304, 31.863790799799901 ], [ 131.289387277572473, 31.863752909987049 ], [ 131.289066250185272, 31.863715352514042 ], [ 131.28897341021721, 31.86375337236867 ], [ 131.288932245404226, 31.863769482480823 ], [ 131.28885390813025, 31.863815649929638 ], [ 131.288745741592777, 31.863882530075266 ], [ 131.288727794987096, 31.863893721222549 ], [ 131.288670862886903, 31.863919982466825 ], [ 131.288619192162628, 31.863943574461477 ], [ 131.288605679855692, 31.863948003243475 ], [ 131.288476417066562, 31.863986711394812 ], [ 131.288442250941358, 31.863988419192541 ], [ 131.288437017597744, 31.863987532807563 ], [ 131.288196388410682, 31.863948207610914 ], [ 131.287919195820905, 31.863901183076862 ], [ 131.287635003782697, 31.863784028961739 ], [ 131.287537729627871, 31.863664504952901 ], [ 131.287472881223238, 31.863593131644453 ], [ 131.287424305293513, 31.863544058384846 ], [ 131.287351802695724, 31.863512927081384 ], [ 131.287351185461517, 31.863512674225703 ], [ 131.287335213788424, 31.863520723397681 ], [ 131.287277340856207, 31.863545509325885 ], [ 131.286951131633941, 31.863617154470163 ], [ 131.286664680359053, 31.863680066818461 ], [ 131.286342836019998, 31.863770138748858 ], [ 131.286101695096136, 31.863819057605472 ], [ 131.28597729188084, 31.863861298649724 ], [ 131.285976715690367, 31.863861607190664 ], [ 131.285811126277054, 31.863954842798762 ], [ 131.285360660385095, 31.86416875869827 ], [ 131.285337084013065, 31.864178512147625 ], [ 131.285293856442877, 31.864198810471539 ], [ 131.28522233750283, 31.864224256490914 ], [ 131.285115045169078, 31.864245745272129 ], [ 131.284887535996859, 31.864248046884505 ], [ 131.284678625004602, 31.864236344333623 ], [ 131.284431065428379, 31.864204682561333 ], [ 131.284208419668573, 31.864213843144455 ], [ 131.284012393910132, 31.864255079094047 ], [ 131.283917137107494, 31.864309548223993 ], [ 131.283772934300828, 31.864443808639731 ], [ 131.283736991871564, 31.864472745417729 ], [ 131.283703265459792, 31.864503475286504 ], [ 131.283579988735312, 31.864558232273705 ], [ 131.283558976205939, 31.864569163976057 ], [ 131.283513608686349, 31.864595202347868 ], [ 131.283423873730015, 31.864644307094235 ], [ 131.283421079021082, 31.864647711212179 ], [ 131.283333712004548, 31.864753583325967 ], [ 131.283314958922006, 31.864776308435832 ], [ 131.283273506271286, 31.864798301653799 ], [ 131.283219042271782, 31.864828313203883 ], [ 131.283177319457593, 31.864874437065787 ], [ 131.283106800438304, 31.864969556687583 ], [ 131.283090671124995, 31.864990188408683 ], [ 131.28295851947982, 31.865155649332419 ], [ 131.282946314769191, 31.865164459825408 ], [ 131.282867955029417, 31.86520928737696 ], [ 131.282807392311923, 31.865252994774256 ], [ 131.282677720172558, 31.865367833979619 ], [ 131.282572599370098, 31.865466402515086 ], [ 131.282411693588273, 31.865622794839489 ], [ 131.282358949181202, 31.865693070189632 ], [ 131.282284446840691, 31.8657493599503 ], [ 131.282154113578684, 31.86577502162287 ], [ 131.282063596104337, 31.865782790717542 ], [ 131.281936394025166, 31.86581652671547 ], [ 131.281934874590689, 31.865816573371458 ], [ 131.281819273300982, 31.866106621388841 ], [ 131.281765956668892, 31.866301555304702 ], [ 131.281748880770095, 31.866559543641813 ], [ 131.281753567697535, 31.86671059664339 ], [ 131.28175525289879, 31.866766089489875 ], [ 131.281756621429992, 31.86681115449138 ], [ 131.281753393505284, 31.866854289248515 ], [ 131.281757874767749, 31.866912126432482 ], [ 131.281778021918939, 31.866949962751097 ], [ 131.281933081251054, 31.867115704155623 ], [ 131.28202594854551, 31.867383369869639 ], [ 131.282072907352699, 31.867498712075612 ], [ 131.282018060611534, 31.867850674528786 ], [ 131.282030459160268, 31.86806981471155 ], [ 131.282323591069428, 31.867878858161454 ], [ 131.282380328656473, 31.86776959930441 ], [ 131.282757165641584, 31.86765241367025 ], [ 131.282925823974551, 31.867505024823487 ], [ 131.283090649082936, 31.867490236227557 ], [ 131.283252471040328, 31.867219208294028 ], [ 131.283355567297434, 31.867060239869311 ], [ 131.283539982142116, 31.866920030489087 ], [ 131.283826966866712, 31.866784553918446 ], [ 131.283985340558047, 31.866709790173122 ], [ 131.284037680135498, 31.866649154130432 ], [ 131.284210374271396, 31.866444031372488 ], [ 131.284220646032196, 31.866343894767535 ], [ 131.284396767271801, 31.866222643095046 ], [ 131.284528362331969, 31.866056394569874 ], [ 131.284536602159136, 31.866038681356301 ], [ 131.284596204321133, 31.865972131877626 ], [ 131.284774359471186, 31.8659304198782 ], [ 131.284789026208756, 31.865930452562587 ], [ 131.285112021070148, 31.865766480429251 ], [ 131.285140112856112, 31.865759923585912 ], [ 131.285216784543962, 31.865742073922164 ], [ 131.285282731115274, 31.865532679439493 ], [ 131.285453963345361, 31.86519769009119 ], [ 131.285906615469514, 31.864926997694525 ], [ 131.285953930303322, 31.864848423845011 ], [ 131.286164017266799, 31.864754047091079 ], [ 131.286254683580779, 31.864715371052085 ], [ 131.286257523210111, 31.864714159733904 ], [ 131.286393760882191, 31.86464981632583 ], [ 131.286586933343074, 31.864576415422565 ], [ 131.286896690114418, 31.864576627938447 ], [ 131.287099160645766, 31.864434568794664 ], [ 131.287141766030544, 31.864426306588751 ], [ 131.28726529244625, 31.864402351765204 ], [ 131.287357927276702, 31.864384387496376 ], [ 131.287447821835173, 31.864390701491271 ], [ 131.287632867475054, 31.864403698484708 ], [ 131.287769421475446, 31.864490979272091 ], [ 131.287804413886221, 31.864513345209872 ], [ 131.287886849434926, 31.864487476802413 ], [ 131.288037605528416, 31.864440169122837 ], [ 131.288113867714202, 31.864416237751396 ], [ 131.28830412303904, 31.864424825825701 ], [ 131.288616372281979, 31.864546779342433 ], [ 131.288814672829716, 31.864623218060949 ], [ 131.288965545093561, 31.864681374352166 ], [ 131.289073069662379, 31.86470037061061 ], [ 131.289222601911405, 31.864726788159693 ], [ 131.28935770453424, 31.864773380917129 ], [ 131.289374532856556, 31.864779190136339 ], [ 131.289480217573185, 31.864815672949547 ], [ 131.289616905130401, 31.864591693400875 ], [ 131.28970503379773, 31.864419315218434 ], [ 131.289814958276594, 31.864471545909232 ], [ 131.28988611617649, 31.864505356551092 ], [ 131.289967622800816, 31.864544084304704 ], [ 131.2899906767868, 31.864577661196076 ], [ 131.290077646381832, 31.864704327476279 ], [ 131.290086819384641, 31.864711063067237 ], [ 131.290198766906286, 31.864739073530799 ], [ 131.29027064841199, 31.86475705898895 ], [ 131.290345192703938, 31.864853749326432 ], [ 131.290446894054583, 31.864985664296427 ], [ 131.290559067910067, 31.865302885549106 ], [ 131.290528507600669, 31.865330915035166 ], [ 131.291006602583309, 31.865426237641206 ], [ 131.290950226509807, 31.865510652798879 ], [ 131.290879313327054, 31.865616834957695 ], [ 131.290919751416425, 31.865671759857811 ], [ 131.291027127271889, 31.865567792841144 ], [ 131.291121333431676, 31.865581106084846 ], [ 131.291177489303521, 31.865932637919812 ], [ 131.291316882924349, 31.866200190266138 ], [ 131.291446700888145, 31.866144875415984 ], [ 131.291516645387702, 31.865903910260627 ], [ 131.291738792949644, 31.8658980945048 ], [ 131.291705971880873, 31.8661813741017 ], [ 131.291568792019945, 31.866592761830159 ], [ 131.291634083482251, 31.866686502449355 ], [ 131.291710735045825, 31.866796641018404 ], [ 131.29196116463558, 31.866782537438969 ], [ 131.292046809273444, 31.866661031942972 ], [ 131.292125193344475, 31.866415618645384 ], [ 131.292244485122239, 31.866506869711607 ], [ 131.292319170565833, 31.866563999453604 ], [ 131.292378841227929, 31.86668481034134 ], [ 131.292437872813679, 31.866803999203945 ], [ 131.292511089426881, 31.866738863772245 ], [ 131.292537123697912, 31.866715702965276 ], [ 131.292572349281755, 31.866684365285504 ], [ 131.292801990791588, 31.866479911630435 ], [ 131.29285328006722, 31.866545898842443 ], [ 131.292965941200578, 31.866690854921469 ], [ 131.293091748426548, 31.866704102910909 ], [ 131.293102027788649, 31.866717903938891 ], [ 131.293290301050689, 31.866970677937381 ], [ 131.293407431983724, 31.866852721540631 ], [ 131.293453607406974, 31.866650165213564 ], [ 131.293548704734377, 31.866630750210902 ], [ 131.293881510521089, 31.866601618041173 ], [ 131.294117093613579, 31.86658332240269 ], [ 131.294262219928356, 31.866557006540067 ], [ 131.294339627790009, 31.866411411259744 ], [ 131.294379340796496, 31.866338454650364 ], [ 131.294393538591407, 31.86631211560675 ], [ 131.294431281334113, 31.86624383453977 ], [ 131.294422556133924, 31.866227961054896 ], [ 131.29439869612159, 31.866171871962351 ], [ 131.29437112295426, 31.866110978104579 ], [ 131.294346351569658, 31.866029224097762 ], [ 131.294292008740996, 31.865917757910434 ], [ 131.294290488228711, 31.865913646403275 ], [ 131.294279553187863, 31.865884559165213 ], [ 131.294258363124925, 31.86584044162403 ], [ 131.294240697968831, 31.86581094808222 ], [ 131.294111684060766, 31.86573704927423 ], [ 131.294086879837039, 31.865728109280926 ], [ 131.294030136935959, 31.865708479443605 ], [ 131.293984461685341, 31.865688094073583 ], [ 131.293896266480715, 31.865654588444098 ], [ 131.293801824737926, 31.865626078128923 ], [ 131.29364261430888, 31.865562556544003 ], [ 131.293627932496349, 31.865553859826861 ], [ 131.293569925285595, 31.865469341726122 ], [ 131.293497008434883, 31.865392628723164 ], [ 131.293504234586749, 31.865295084390567 ], [ 131.293523550757214, 31.865220972156131 ], [ 131.293516612986878, 31.865198016353549 ] ] ] ] } },
{ "type": "Feature", "properties": { "林班": "5", "基本計画区": "常緑広葉樹林動態研究区", "林班ID": "05", "area": 257980 }, "geometry": { "type": "MultiPolygon", "coordinates": [ [ [ [ 131.275712087657837, 31.862992500276281 ], [ 131.275730575449643, 31.86307556361157 ], [ 131.275780225255858, 31.863125539878819 ], [ 131.275944838745318, 31.863155451425555 ], [ 131.276217544681458, 31.863076040144424 ], [ 131.276232134855235, 31.863141903131218 ], [ 131.27616548223574, 31.863164736889122 ], [ 131.276122045699935, 31.863179617289802 ], [ 131.275888620041059, 31.863259583444794 ], [ 131.275769215056158, 31.8632716756848 ], [ 131.275559366620911, 31.863166082153171 ], [ 131.275505230098929, 31.863245577907264 ], [ 131.275587412363137, 31.863414041872083 ], [ 131.275621765052307, 31.863543988999705 ], [ 131.27557547825927, 31.863604207108882 ], [ 131.275514795906815, 31.8636831533831 ], [ 131.275445304440098, 31.863837605316146 ], [ 131.275393776586952, 31.863909591346545 ], [ 131.275322205787631, 31.864281116924776 ], [ 131.27527438448999, 31.864497482221775 ], [ 131.275217796449169, 31.864748506580671 ], [ 131.275213900253306, 31.86487952644854 ], [ 131.275203354244013, 31.864897764574177 ], [ 131.275200329343704, 31.864945916463117 ], [ 131.27507003433297, 31.865199188391856 ], [ 131.275071708549717, 31.865210342699907 ], [ 131.275077173883687, 31.865257877363394 ], [ 131.275091310010396, 31.865374079787344 ], [ 131.275303366813802, 31.86521490911317 ], [ 131.275383274236077, 31.865197175617112 ], [ 131.275650473964589, 31.865385432804121 ], [ 131.27582233470153, 31.865423761776277 ], [ 131.275804549850164, 31.865293301165963 ], [ 131.275795431815027, 31.865226415756254 ], [ 131.275768054369905, 31.865008073933478 ], [ 131.275907110779002, 31.864808843681942 ], [ 131.275887363974078, 31.864622593856112 ], [ 131.275997454937141, 31.864406632481689 ], [ 131.27648718322996, 31.864217372960134 ], [ 131.276668206139647, 31.864132315536374 ], [ 131.276894933689164, 31.8640251874486 ], [ 131.276998858459592, 31.863723781193737 ], [ 131.276983981961621, 31.863410412555968 ], [ 131.277399538373572, 31.86321139887955 ], [ 131.277472541736927, 31.862939336152209 ], [ 131.277654419045774, 31.862562240996418 ], [ 131.277940631114575, 31.862487486549227 ], [ 131.278240750047871, 31.862409147446964 ], [ 131.278548706302104, 31.862392555304773 ], [ 131.278596032499792, 31.862443716751699 ], [ 131.278634345081315, 31.862485134076696 ], [ 131.278746980831016, 31.862639368493994 ], [ 131.278782836417946, 31.862567624760128 ], [ 131.278911591750642, 31.862429733818985 ], [ 131.27891682783536, 31.862433991183053 ], [ 131.278918589216886, 31.862432104821941 ], [ 131.278965054090321, 31.86226976454763 ], [ 131.279013772022182, 31.862157286772856 ], [ 131.278976033929013, 31.862122275638253 ], [ 131.278834786054318, 31.861919967824623 ], [ 131.278864928208407, 31.861829456637576 ], [ 131.27881983688772, 31.861616006577048 ], [ 131.278616921062138, 31.861366266125085 ], [ 131.278466554778873, 31.861276366807289 ], [ 131.278351911081927, 31.861180373285336 ], [ 131.27830516542727, 31.861175100739342 ], [ 131.278238014048753, 31.861167526555292 ], [ 131.278191712764368, 31.861113620531899 ], [ 131.278076426948076, 31.861134481658407 ], [ 131.277905583914531, 31.861119522353722 ], [ 131.277792120123962, 31.861027098234864 ], [ 131.277791273851591, 31.861071095155545 ], [ 131.277575200193269, 31.86116184969659 ], [ 131.277423235499924, 31.861198133971396 ], [ 131.277394263437628, 31.861207443645934 ], [ 131.277374397947767, 31.861209794761546 ], [ 131.277248832828548, 31.861239775454127 ], [ 131.276919650592106, 31.861284795234365 ], [ 131.276705934643843, 31.861326830157918 ], [ 131.276663484050857, 31.86135536924921 ], [ 131.276578429501853, 31.861435437809334 ], [ 131.276491263351005, 31.861562248693119 ], [ 131.27634663458511, 31.861659231437386 ], [ 131.27614541299593, 31.861755840852123 ], [ 131.276038169940279, 31.861802135012407 ], [ 131.27595822114526, 31.861776576575515 ], [ 131.275903518280586, 31.861802326768327 ], [ 131.275866134226106, 31.861819924483299 ], [ 131.275762806971301, 31.862013737900593 ], [ 131.275831951665992, 31.862194189545342 ], [ 131.275985189588852, 31.862414720642811 ], [ 131.275948653260315, 31.862523806652423 ], [ 131.275925426369383, 31.862627253797008 ], [ 131.275858176315211, 31.862707021676766 ], [ 131.275808815009555, 31.86288874948605 ], [ 131.275712087657837, 31.862992500276281 ] ] ], [ [ [ 131.274565599221432, 31.866651175039738 ], [ 131.274359753060992, 31.867147716817268 ], [ 131.274398228423479, 31.867251319814649 ], [ 131.274383400674651, 31.86735119490255 ], [ 131.274409693044987, 31.867414624666498 ], [ 131.274441199211282, 31.867440303117281 ], [ 131.274450105510681, 31.867472869126214 ], [ 131.274469105345872, 31.86749946692748 ], [ 131.274472232737224, 31.867522543077026 ], [ 131.274489166037256, 31.86760297128885 ], [ 131.274456336377142, 31.867655929749958 ], [ 131.274311312788512, 31.867784787861133 ], [ 131.274317670029262, 31.867824215949963 ], [ 131.274644413128811, 31.867737601874154 ], [ 131.274910126218373, 31.867667165084999 ], [ 131.275207023752188, 31.867585054617116 ], [ 131.275661645365403, 31.867459322095261 ], [ 131.275735267088578, 31.867474480502292 ], [ 131.275939379081507, 31.867516506064426 ], [ 131.276113806911013, 31.867454131459009 ], [ 131.27616319503818, 31.867436470428686 ], [ 131.277001096042994, 31.867267160563266 ], [ 131.277630070037162, 31.867202045166792 ], [ 131.27773690612932, 31.867190984495643 ], [ 131.278050619608337, 31.86712624423885 ], [ 131.278414223376529, 31.867011138736885 ], [ 131.278486013193657, 31.866961141173825 ], [ 131.27861630956653, 31.866774488569007 ], [ 131.27864743900443, 31.866729894789348 ], [ 131.27901669851525, 31.866517854321728 ], [ 131.279255985323687, 31.86639697621878 ], [ 131.27953581277913, 31.866384852857042 ], [ 131.27997790398976, 31.866133460843766 ], [ 131.280373292575945, 31.866001314553785 ], [ 131.280550287158661, 31.866062255099351 ], [ 131.280736668365449, 31.866038742719102 ], [ 131.281024734463273, 31.866002402016019 ], [ 131.28132380463677, 31.865927331955127 ], [ 131.281530416702935, 31.865850841358828 ], [ 131.281636190965969, 31.865825744441661 ], [ 131.281661282903201, 31.865819688923477 ], [ 131.281699322195493, 31.865823806058081 ], [ 131.281932283094704, 31.865823075554228 ], [ 131.281934874590689, 31.865816573371458 ], [ 131.281936394025166, 31.86581652671547 ], [ 131.282063596104337, 31.865782790717542 ], [ 131.282154113578684, 31.86577502162287 ], [ 131.282284446840691, 31.8657493599503 ], [ 131.282358949181202, 31.865693070189632 ], [ 131.282411693588273, 31.865622794839489 ], [ 131.282572599370098, 31.865466402515086 ], [ 131.282677720172558, 31.865367833979619 ], [ 131.282807392311923, 31.865252994774256 ], [ 131.282867955029417, 31.86520928737696 ], [ 131.282946314769191, 31.865164459825408 ], [ 131.28295851947982, 31.865155649332419 ], [ 131.283090671124995, 31.864990188408683 ], [ 131.283106800438304, 31.864969556687583 ], [ 131.283177319457593, 31.864874437065787 ], [ 131.283219042271782, 31.864828313203883 ], [ 131.283049227395395, 31.864770989080004 ], [ 131.282861297196973, 31.864711815702577 ], [ 131.282700620543608, 31.864676816886234 ], [ 131.282567872800144, 31.864622158054367 ], [ 131.282348416062007, 31.864564651156979 ], [ 131.282143999068779, 31.864484770039098 ], [ 131.281968972830242, 31.86443193461951 ], [ 131.28182026015773, 31.86439249444771 ], [ 131.28164983062905, 31.864239302068928 ], [ 131.281435936673404, 31.864133728972813 ], [ 131.2811853857188, 31.86405578749779 ], [ 131.281014533714426, 31.863985772697362 ], [ 131.280753621884969, 31.863921452634049 ], [ 131.280695237702929, 31.86391770612024 ], [ 131.280604669144878, 31.863891834650644 ], [ 131.280279292684611, 31.863778684107018 ], [ 131.280199161550257, 31.863743629246276 ], [ 131.28008076503292, 31.863641296051441 ], [ 131.279904287387723, 31.863553324127025 ], [ 131.279713448946183, 31.863555857835578 ], [ 131.279592173331167, 31.863593540348873 ], [ 131.279492170855008, 31.863635544705751 ], [ 131.279418024269717, 31.863640992342724 ], [ 131.279358139337148, 31.86366005850714 ], [ 131.279158889672829, 31.863983547638366 ], [ 131.278966622016412, 31.864039618331656 ], [ 131.278669192619191, 31.864235379863153 ], [ 131.278659765055465, 31.864247086946648 ], [ 131.278636288668025, 31.8642570364314 ], [ 131.27849839380093, 31.864347795225388 ], [ 131.278329630141741, 31.864467926104073 ], [ 131.278260113712747, 31.864517409763323 ], [ 131.2780661005024, 31.864547018835708 ], [ 131.277949231875311, 31.864564854436484 ], [ 131.277732309303474, 31.864590149344817 ], [ 131.277526424270889, 31.864694500601122 ], [ 131.27735898626733, 31.864748264992912 ], [ 131.277241354391066, 31.864786036453534 ], [ 131.27685592570981, 31.864855557448358 ], [ 131.276545342044443, 31.865100974483855 ], [ 131.276224927207551, 31.865300009658167 ], [ 131.276148245660295, 31.865382368636151 ], [ 131.276141844027165, 31.865392708993443 ], [ 131.276093382261678, 31.86547067530849 ], [ 131.275958211198258, 31.865547828985303 ], [ 131.275819601380192, 31.865608581735483 ], [ 131.275576129470949, 31.865592813101696 ], [ 131.275533733562185, 31.865593327789046 ], [ 131.275523389115705, 31.865594355494629 ], [ 131.275475727260186, 31.865591964500172 ], [ 131.275357274831038, 31.865538015334749 ], [ 131.275227949679078, 31.865559427400768 ], [ 131.275113697895421, 31.865546235934779 ], [ 131.275089998047378, 31.865549114924175 ], [ 131.274926246155189, 31.865569006907734 ], [ 131.274869646272663, 31.865655639628912 ], [ 131.274812328165979, 31.865823544078591 ], [ 131.274639391139999, 31.865992613758788 ], [ 131.274589151339143, 31.866122232937418 ], [ 131.274561715354622, 31.866193017885323 ], [ 131.274569052113236, 31.866361328326594 ], [ 131.274589655337252, 31.866591238657115 ], [ 131.274565599221432, 31.866651175039738 ] ] ] ] } },
{ "type": "Feature", "properties": { "林班": "13", "基本計画区": "針葉樹林施業研究区", "林班ID": "13", "area": 340187 }, "geometry": { "type": "MultiPolygon", "coordinates": [ [ [ [ 131.299031195863961, 31.865070763985798 ], [ 131.299096687434229, 31.86518034402047 ], [ 131.29911677376225, 31.865214388936682 ], [ 131.299201567068621, 31.865314257800581 ], [ 131.299291514102691, 31.865382113221404 ], [ 131.299319298692353, 31.865404169880559 ], [ 131.299330634543423, 31.86541290427493 ], [ 131.299431941271934, 31.865492640977163 ], [ 131.299467149754605, 31.865508044229628 ], [ 131.299552138627433, 31.865544362842606 ], [ 131.299691866390816, 31.865608299021684 ], [ 131.299746321331185, 31.865632189082234 ], [ 131.299917009703137, 31.865668820749619 ], [ 131.300127043681556, 31.865695106612495 ], [ 131.300342140938682, 31.865681204018422 ], [ 131.300439318885907, 31.86561267375502 ], [ 131.300541508619688, 31.865530733889003 ], [ 131.300636584316123, 31.865477902554279 ], [ 131.300725770165855, 31.865441409393217 ], [ 131.30079368569568, 31.865430979411986 ], [ 131.300856065819659, 31.86543311862496 ], [ 131.300901959311574, 31.865436787399364 ], [ 131.300983614113846, 31.865451597046267 ], [ 131.300989398533858, 31.865452686380625 ], [ 131.30109051002546, 31.865453698038557 ], [ 131.301162313434389, 31.865445497379866 ], [ 131.301202361951425, 31.865438533925513 ], [ 131.301241238992162, 31.865431153366128 ], [ 131.301290092568536, 31.865365630972054 ], [ 131.301341348245103, 31.865319436213746 ], [ 131.301434575922542, 31.865301935591212 ], [ 131.301455503902844, 31.86529863897908 ], [ 131.301473685845252, 31.865296740431777 ], [ 131.301533152184192, 31.865297002997274 ], [ 131.301617503196468, 31.865307506916011 ], [ 131.301673532989781, 31.865319244565985 ], [ 131.301721714826186, 31.865385193284297 ], [ 131.301802207603373, 31.865428252543918 ], [ 131.301966409869976, 31.865491702029598 ], [ 131.302045852818367, 31.865527942663221 ], [ 131.302088155829352, 31.865568640181941 ], [ 131.302088305388196, 31.865568870870117 ], [ 131.302097026129928, 31.865577260634257 ], [ 131.302123435470492, 31.865617995895974 ], [ 131.302143364533038, 31.865669278309568 ], [ 131.302143198017404, 31.865735743945717 ], [ 131.302083372914922, 31.865879831130481 ], [ 131.302074988268004, 31.865906926946934 ], [ 131.30207519603934, 31.86591355871002 ], [ 131.302077428728722, 31.865925697011754 ], [ 131.302074099164116, 31.865949512438942 ], [ 131.302073833485764, 31.865950467844193 ], [ 131.302054749375486, 31.866002248635063 ], [ 131.302038937477505, 31.866042143145076 ], [ 131.302035200392254, 31.866080041657231 ], [ 131.302038651381594, 31.866116153809887 ], [ 131.302045088189942, 31.866150062683218 ], [ 131.302058590542828, 31.866179076499321 ], [ 131.302080319614049, 31.866225466121637 ], [ 131.302098184620348, 31.866263276063293 ], [ 131.302133133586977, 31.866308103148178 ], [ 131.30215985869944, 31.866317448029541 ], [ 131.302218725876685, 31.866337244307481 ], [ 131.302220703779824, 31.866337811361429 ], [ 131.30226300533414, 31.866357582778779 ], [ 131.302264543206604, 31.866358897000804 ], [ 131.302281442790871, 31.866373863013397 ], [ 131.302299071112714, 31.866389774162492 ], [ 131.302303786241481, 31.866400724083647 ], [ 131.302321706510611, 31.866446976945735 ], [ 131.302322318365128, 31.866448689551905 ], [ 131.302342816048792, 31.866520910960073 ], [ 131.302410774135211, 31.866596465646566 ], [ 131.302440452064957, 31.866628246849697 ], [ 131.302458414240135, 31.866655048397565 ], [ 131.302477142485884, 31.866680228664602 ], [ 131.302509950670526, 31.866753291380054 ], [ 131.30251776943291, 31.866770044823962 ], [ 131.302549820699596, 31.866839077192186 ], [ 131.302629061807465, 31.866952122387158 ], [ 131.302755823767455, 31.867141999773892 ], [ 131.302812267651149, 31.867300812263064 ], [ 131.302918392814462, 31.867396424282095 ], [ 131.303017851465313, 31.867446603875205 ], [ 131.303020396267755, 31.867445418983717 ], [ 131.303022890885046, 31.867448958016098 ], [ 131.303033847320933, 31.867443856562865 ], [ 131.303034060300263, 31.867444158709613 ], [ 131.303158510265405, 31.867386213147597 ], [ 131.303199363813235, 31.867376161853308 ], [ 131.303275390581661, 31.867351373996939 ], [ 131.303385335060227, 31.86736507398442 ], [ 131.303477932795971, 31.867356391905766 ], [ 131.303563231794357, 31.867364095509682 ], [ 131.303690549682528, 31.867386374917714 ], [ 131.303709213953823, 31.867389867748873 ], [ 131.303787361948906, 31.867400579013157 ], [ 131.303861508108383, 31.867432321526632 ], [ 131.303951630583072, 31.867432458402266 ], [ 131.304222170742236, 31.867378612099067 ], [ 131.30430705860266, 31.867356213220663 ], [ 131.304377195880278, 31.86732886546902 ], [ 131.304402093016762, 31.867323525908255 ], [ 131.304497862986153, 31.867286313443614 ], [ 131.30457311709165, 31.867284363368004 ], [ 131.304603893655127, 31.867290991895473 ], [ 131.304731035606807, 31.867331766839833 ], [ 131.304810469098101, 31.867368070724432 ], [ 131.304846243038185, 31.867386829538127 ], [ 131.304865058414975, 31.867403048851738 ], [ 131.304916372761426, 31.867441375801764 ], [ 131.304931373719114, 31.867452580084432 ], [ 131.304958692254189, 31.867499199771409 ], [ 131.305042827884648, 31.86748191835078 ], [ 131.305119433559668, 31.867421071960695 ], [ 131.305183264326644, 31.867335306517241 ], [ 131.30523645654111, 31.867272185096329 ], [ 131.305332046942254, 31.86720910277602 ], [ 131.305459402514032, 31.86716412355236 ], [ 131.305588098298728, 31.867104730732994 ], [ 131.305613842100172, 31.867094190657923 ], [ 131.305751851098023, 31.867031217482747 ], [ 131.305852745754578, 31.866968122017486 ], [ 131.305905861465902, 31.866932058216431 ], [ 131.305932490319719, 31.866882388342006 ], [ 131.305932777932014, 31.866769506244705 ], [ 131.305911683219563, 31.866719810259504 ], [ 131.305895913914924, 31.866670101460386 ], [ 131.305890809512562, 31.866593309215144 ], [ 131.305901605035871, 31.866512039669153 ], [ 131.305933570697533, 31.866453337714187 ], [ 131.305992095373313, 31.866367655044385 ], [ 131.306103729394749, 31.866250347674175 ], [ 131.30616224234106, 31.866173684192646 ], [ 131.306220749471265, 31.866101530317632 ], [ 131.306300542246873, 31.865993248187415 ], [ 131.306359168108997, 31.865875927338109 ], [ 131.306428350720608, 31.865767600191063 ], [ 131.306481633663822, 31.865663821017321 ], [ 131.306486788983506, 31.865658160937723 ], [ 131.306495539659778, 31.865641117220417 ], [ 131.306585909469561, 31.86554189907644 ], [ 131.306745319696944, 31.86539762963319 ], [ 131.306899331976211, 31.865293959527829 ], [ 131.307088179330805, 31.86516836302517 ], [ 131.307097944045893, 31.865140838885178 ], [ 131.307130087503367, 31.865005402147837 ], [ 131.307140988904763, 31.864887984765687 ], [ 131.307146634403722, 31.864747961476592 ], [ 131.307141497254435, 31.864680259149335 ], [ 131.307125906527006, 31.864553745584608 ], [ 131.307126484404279, 31.864323401189548 ], [ 131.30714794267476, 31.864215047963359 ], [ 131.307158763138375, 31.864129268604184 ], [ 131.307201434724334, 31.864025444243619 ], [ 131.307254758972647, 31.863903555645198 ], [ 131.307313571210528, 31.863775603858318 ], [ 131.307263224066048, 31.863603457970175 ], [ 131.307357723832723, 31.863447196706826 ], [ 131.307355283080824, 31.863380460204613 ], [ 131.307335811080662, 31.863276876155226 ], [ 131.307296464006953, 31.863203013439328 ], [ 131.307260273066419, 31.863153495043033 ], [ 131.307206424692453, 31.863143464075897 ], [ 131.307140779694151, 31.863131235579555 ], [ 131.307073012805489, 31.863091705533627 ], [ 131.306974243499468, 31.862997931829206 ], [ 131.306930071451291, 31.862905136855002 ], [ 131.306881589824997, 31.862814695256013 ], [ 131.306834729098171, 31.86273517405662 ], [ 131.306556840308929, 31.862465178661161 ], [ 131.306365867423523, 31.862244890773397 ], [ 131.306256742402752, 31.862090057540378 ], [ 131.30620739606465, 31.86200985604782 ], [ 131.306175756854969, 31.861942006044952 ], [ 131.306170777528024, 31.861815607671545 ], [ 131.306166177756381, 31.861759017914672 ], [ 131.306076813789332, 31.861687070034275 ], [ 131.306029212002699, 31.861641876944905 ], [ 131.306002822728431, 31.861601142422799 ], [ 131.306002915740095, 31.861560555589744 ], [ 131.30604014652954, 31.861515440265013 ], [ 131.306151574362872, 31.861474937795609 ], [ 131.306231195253588, 31.861434441325823 ], [ 131.306268425880916, 31.861389325862202 ], [ 131.306262110055656, 31.861334287636343 ], [ 131.306261830940457, 31.861334651666372 ], [ 131.306257632159543, 31.861298062038312 ], [ 131.306210583095719, 31.861199497294635 ], [ 131.306057093366832, 31.861090931141085 ], [ 131.30591946241131, 31.861009384467241 ], [ 131.305818835765393, 31.860964107417455 ], [ 131.305646183269573, 31.860918378363454 ], [ 131.305568685314569, 31.860893358003526 ], [ 131.305395583611585, 31.860891709577331 ], [ 131.305001430107382, 31.860887955222768 ], [ 131.304736295602623, 31.860910152421845 ], [ 131.304521711687812, 31.860926826842714 ], [ 131.304491426748143, 31.860928163025349 ], [ 131.304039401206666, 31.860948105696103 ], [ 131.303985574012103, 31.861097986615302 ], [ 131.303890558577791, 31.861127066261627 ], [ 131.303808813470539, 31.861338943309015 ], [ 131.303719797583568, 31.861586373496749 ], [ 131.303603296853254, 31.861834680962573 ], [ 131.303538021427528, 31.86203140517437 ], [ 131.303504836512417, 31.862102787605419 ], [ 131.303527934685121, 31.862382329120912 ], [ 131.303486974162468, 31.862460082583798 ], [ 131.303433497181999, 31.862588283482381 ], [ 131.30336731660023, 31.862725025801119 ], [ 131.303139706086654, 31.862914569868295 ], [ 131.302961728809208, 31.862905685904622 ], [ 131.302812042212878, 31.862898213912295 ], [ 131.302465067419121, 31.862793505410455 ], [ 131.302221933207477, 31.862772437240913 ], [ 131.301928679659966, 31.862710711591916 ], [ 131.301653590965543, 31.862907983956244 ], [ 131.301533383321384, 31.862728692469901 ], [ 131.301523275380703, 31.862721573604823 ], [ 131.301520765845652, 31.862717983823451 ], [ 131.301237299484654, 31.862520824361038 ], [ 131.300954833979119, 31.862584035630981 ], [ 131.300662953633434, 31.86252167245912 ], [ 131.300636812066159, 31.862527593102058 ], [ 131.300566898718273, 31.862546806100248 ], [ 131.30035434623818, 31.862607779538443 ], [ 131.300324951377689, 31.862614991625382 ], [ 131.3002526011133, 31.862761265242789 ], [ 131.300254243046084, 31.862909177014686 ], [ 131.300236422870114, 31.862967628476298 ], [ 131.300135057688152, 31.863300112138194 ], [ 131.300118772197465, 31.863347781835841 ], [ 131.300069262703914, 31.863437436750633 ], [ 131.300042154798831, 31.863466906380051 ], [ 131.299966111338733, 31.863603671628994 ], [ 131.299903449410607, 31.863689368139781 ], [ 131.299829893607978, 31.86378996288191 ], [ 131.299644693770801, 31.863971956797403 ], [ 131.29961076129382, 31.864103266765003 ], [ 131.299543343990081, 31.864171069917766 ], [ 131.299448711111296, 31.864352579609136 ], [ 131.299389127237333, 31.864419345668352 ], [ 131.299077597305171, 31.86466370592612 ], [ 131.299049824278597, 31.864774070578129 ], [ 131.299027407772684, 31.864863149255534 ], [ 131.299027479978065, 31.86488848853304 ], [ 131.299031195863961, 31.865070763985798 ] ] ] ] } },
{ "type": "Feature", "properties": { "林班": "12", "基本計画区": "常緑広葉樹林動態研究区", "林班ID": "12", "area": 376831 }, "geometry": { "type": "MultiPolygon", "coordinates": [ [ [ [ 131.29059310708115, 31.863927774190419 ], [ 131.290732510727423, 31.864129684609562 ], [ 131.290784055543469, 31.864204341182386 ], [ 131.290843394830802, 31.864262266861932 ], [ 131.290929139476276, 31.864315340651139 ], [ 131.290982620863247, 31.864341712368937 ], [ 131.291019808043416, 31.864345714149319 ], [ 131.291253499446384, 31.864369700182735 ], [ 131.291344016027409, 31.86439105447694 ], [ 131.291430944206439, 31.864511840066271 ], [ 131.291438849245537, 31.864520523999342 ], [ 131.291511247465706, 31.864604221722939 ], [ 131.291713023150379, 31.864784912488176 ], [ 131.291819025669582, 31.864866190552284 ], [ 131.2919741087604, 31.864928196249547 ], [ 131.292019227896844, 31.864946235840705 ], [ 131.292221192228055, 31.864991605999098 ], [ 131.292433505983013, 31.865012201710922 ], [ 131.292658975454145, 31.864977932999253 ], [ 131.292789333911003, 31.864949810807644 ], [ 131.292863048730368, 31.864940432468156 ], [ 131.292913890857818, 31.864935501237497 ], [ 131.293006532823455, 31.864782006118457 ], [ 131.29309450830084, 31.864658916151875 ], [ 131.293188113491482, 31.864553781143609 ], [ 131.293266587828327, 31.864494059100164 ], [ 131.293864154549652, 31.864404812431605 ], [ 131.294048438371533, 31.864437323568822 ], [ 131.294364053053101, 31.864493003268748 ], [ 131.294777165114795, 31.864771995259503 ], [ 131.294942897434879, 31.864851093132433 ], [ 131.295324608312825, 31.865153127076503 ], [ 131.2953472973727, 31.865238616297955 ], [ 131.295390649875543, 31.86529220832724 ], [ 131.295471037786001, 31.865340852274606 ], [ 131.295519369136315, 31.865376323706162 ], [ 131.29561762058637, 31.865537596256786 ], [ 131.295698945389603, 31.865640353418755 ], [ 131.295747602848877, 31.865693862491675 ], [ 131.295822339909591, 31.865724480864788 ], [ 131.295912124504355, 31.865732329857085 ], [ 131.295984203065899, 31.865722352627976 ], [ 131.296198220505175, 31.86569238636605 ], [ 131.296426153994531, 31.865689393653327 ], [ 131.296479464363046, 31.865706744127319 ], [ 131.296527893243734, 31.865746724566076 ], [ 131.296763713991652, 31.865892596266121 ], [ 131.296860103881585, 31.865970121508362 ], [ 131.296932450838483, 31.866028309171003 ], [ 131.296948670264555, 31.866032963645925 ], [ 131.297043191119315, 31.866057670333714 ], [ 131.29723871859872, 31.866062779986645 ], [ 131.297303064376848, 31.86605906084257 ], [ 131.297329147285296, 31.866056871921781 ], [ 131.297412318260058, 31.866032009834321 ], [ 131.297463483581083, 31.865998460521951 ], [ 131.297487964060167, 31.865959016490105 ], [ 131.297463492178309, 31.865830637378728 ], [ 131.297465761291846, 31.865816838661747 ], [ 131.297500757893545, 31.865744196224551 ], [ 131.297550517894422, 31.865706958431115 ], [ 131.297634843239621, 31.865698406551903 ], [ 131.297794988030518, 31.865682666236104 ], [ 131.297930969432002, 31.865727246271739 ], [ 131.298000367300375, 31.86575336624864 ], [ 131.298069342002151, 31.865757009636987 ], [ 131.298169817760822, 31.865742117822908 ], [ 131.298260010715495, 31.865745429450755 ], [ 131.298339768090216, 31.865757925657082 ], [ 131.298420213586496, 31.865811006793599 ], [ 131.298495604811166, 31.865877769595766 ], [ 131.298661592341176, 31.865970390782536 ], [ 131.298708841808718, 31.865980322956737 ], [ 131.29876270082184, 31.865991644480314 ], [ 131.298869833490016, 31.865982584684421 ], [ 131.299042676693858, 31.865952111088514 ], [ 131.299189511566084, 31.865922837123897 ], [ 131.299276729034858, 31.865873388220656 ], [ 131.299341808687274, 31.865764417662586 ], [ 131.299365116679013, 31.865719327277457 ], [ 131.299401831876935, 31.865648299936129 ], [ 131.299431941271934, 31.865492640977163 ], [ 131.299330634543423, 31.86541290427493 ], [ 131.299319298692353, 31.865404169880559 ], [ 131.299291514102691, 31.865382113221404 ], [ 131.299201567068621, 31.865314257800581 ], [ 131.29911677376225, 31.865214388936682 ], [ 131.299096687434229, 31.86518034402047 ], [ 131.299032034720085, 31.865070762013289 ], [ 131.298966429614779, 31.86503722100386 ], [ 131.298916099920461, 31.864988727623039 ], [ 131.298916000163416, 31.864987753290873 ], [ 131.298898651218195, 31.864818304915612 ], [ 131.29870912816267, 31.864709608343553 ], [ 131.298499584147436, 31.864619005989947 ], [ 131.298464473698317, 31.864546032512362 ], [ 131.298540120893449, 31.864375391216246 ], [ 131.298507668322884, 31.864140065088556 ], [ 131.298427446003615, 31.86394029668671 ], [ 131.298391042634307, 31.863826739606438 ], [ 131.298571631904878, 31.863787442804135 ], [ 131.298703120344726, 31.863626600470489 ], [ 131.298803687560564, 31.863417117703332 ], [ 131.298820971008666, 31.863286061666383 ], [ 131.298852374499575, 31.863141826082821 ], [ 131.298773698883224, 31.863028368428544 ], [ 131.298630642987177, 31.862941217733162 ], [ 131.298449022872944, 31.862955254125588 ], [ 131.298299664354317, 31.86287984286767 ], [ 131.298208640217297, 31.862836763951233 ], [ 131.29805955028317, 31.862811859565923 ], [ 131.297990745201901, 31.862776845738896 ], [ 131.29781248209278, 31.862717366485654 ], [ 131.297641508341002, 31.862689897271121 ], [ 131.297364468152864, 31.862640939488866 ], [ 131.297297820472181, 31.862619449112465 ], [ 131.297452807851073, 31.862506436294339 ], [ 131.297558234311936, 31.862424114507792 ], [ 131.297742906920718, 31.862340795396257 ], [ 131.297903848389126, 31.862173571422623 ], [ 131.298226357673997, 31.861965282642785 ], [ 131.29831317256594, 31.861718853538072 ], [ 131.298461857693951, 31.861648163565238 ], [ 131.298593717491656, 31.861573896203989 ], [ 131.298728507959254, 31.8614581332752 ], [ 131.299056697664497, 31.861344540178461 ], [ 131.299134417984646, 31.861257411833016 ], [ 131.299378243819064, 31.861101526624743 ], [ 131.299491780839702, 31.860917176422234 ], [ 131.299501037049396, 31.86083507945056 ], [ 131.299483907032055, 31.860766573489521 ], [ 131.299612903633601, 31.860787915861874 ], [ 131.299624669367887, 31.860798483864613 ], [ 131.299625520625568, 31.860798624703868 ], [ 131.299704318617756, 31.860869401103354 ], [ 131.299814499391914, 31.860710695980202 ], [ 131.300024466663956, 31.860640662411498 ], [ 131.300146833266268, 31.860572729307911 ], [ 131.300241757561508, 31.86051207627424 ], [ 131.300506615118763, 31.860390511609186 ], [ 131.300595076253302, 31.860323538421447 ], [ 131.300529369469103, 31.860268523236886 ], [ 131.300529372679165, 31.860268381204097 ], [ 131.300516752446129, 31.860257814483866 ], [ 131.300519524846692, 31.86013514612625 ], [ 131.300594492783176, 31.860112420834074 ], [ 131.300510882322499, 31.860073835643295 ], [ 131.300441367655026, 31.860078323482131 ], [ 131.30047284835311, 31.860009702805584 ], [ 131.300638907058953, 31.860054406628052 ], [ 131.300653230247605, 31.859909072639663 ], [ 131.300991916794061, 31.860068814205604 ], [ 131.301174778606423, 31.860081017276414 ], [ 131.301155207257608, 31.860237096651705 ], [ 131.301237620104985, 31.860313314654743 ], [ 131.301626960234643, 31.860144087196129 ], [ 131.301931626890905, 31.859913283200772 ], [ 131.30180955498912, 31.859746626615934 ], [ 131.30219401547879, 31.859619173603697 ], [ 131.302442526764537, 31.859635728475869 ], [ 131.302610628546375, 31.859658778665725 ], [ 131.302707824164997, 31.859650430040958 ], [ 131.303016398784337, 31.85964970424364 ], [ 131.303294578241662, 31.859725704792773 ], [ 131.303309450743825, 31.859423434246185 ], [ 131.303402861386473, 31.859227493703763 ], [ 131.303243899037767, 31.859090780204102 ], [ 131.303035187630201, 31.858961400446887 ], [ 131.30280027269589, 31.858865444941923 ], [ 131.30255381352643, 31.858793877461473 ], [ 131.302476564186293, 31.858692307097517 ], [ 131.302221452537026, 31.858659285337115 ], [ 131.302131690464392, 31.858678439031692 ], [ 131.302122449742143, 31.858675621375948 ], [ 131.302119073475666, 31.858667730434767 ], [ 131.302090200049463, 31.858563175693721 ], [ 131.301948920490673, 31.858503798098177 ], [ 131.301825530287971, 31.858554984191315 ], [ 131.301775555028996, 31.858533556708291 ], [ 131.301696023613346, 31.858537973111005 ], [ 131.301642955441338, 31.858555996571578 ], [ 131.301611054631223, 31.858596588440005 ], [ 131.301579088660333, 31.858655218887233 ], [ 131.301531185603665, 31.858731925687639 ], [ 131.301462147457954, 31.858776974195816 ], [ 131.301387792852864, 31.858831054517079 ], [ 131.301339946017976, 31.85888070335492 ], [ 131.301313221968144, 31.858970959190142 ], [ 131.301275912904856, 31.859043201589525 ], [ 131.30121739429913, 31.859124372546155 ], [ 131.301148338030714, 31.85918302022575 ], [ 131.301026263023175, 31.859237001980087 ], [ 131.300835232234022, 31.859304464208392 ], [ 131.300622971163961, 31.859380925091191 ], [ 131.300447903794577, 31.859425800875538 ], [ 131.300347147510109, 31.859434705851402 ], [ 131.300156443034865, 31.859380194981544 ], [ 131.300029223594237, 31.859375492290056 ], [ 131.299976151675594, 31.859379919052664 ], [ 131.299923162667255, 31.859384338877113 ], [ 131.299843514307781, 31.85942941159961 ], [ 131.299758543102229, 31.859487955201086 ], [ 131.299662950751866, 31.85955554295084 ], [ 131.299567482007177, 31.859597634281545 ], [ 131.299452333039909, 31.859620293802436 ], [ 131.299267515002981, 31.859694432869475 ], [ 131.299209407703387, 31.859725618929023 ], [ 131.2989771113225, 31.859821262367582 ], [ 131.29883762678088, 31.859895143148655 ], [ 131.298690842912663, 31.859923391288298 ], [ 131.298584763242275, 31.859920258156876 ], [ 131.29846784579459, 31.859903762410561 ], [ 131.298345624074727, 31.859887349421928 ], [ 131.298206103128479, 31.859894751128564 ], [ 131.298149739593441, 31.859903522049592 ], [ 131.298065488675689, 31.859936202906123 ], [ 131.297923640663299, 31.860010380425063 ], [ 131.297839466092256, 31.860047641001216 ], [ 131.297702539693319, 31.86009911770179 ], [ 131.29760737421185, 31.86011392621673 ], [ 131.297517033942881, 31.860101595195317 ], [ 131.297421465818871, 31.860093856455741 ], [ 131.297305409325219, 31.86012696351289 ], [ 131.297179549810721, 31.860205471463328 ], [ 131.29699116960478, 31.860347964719384 ], [ 131.296897190882504, 31.860430484813367 ], [ 131.296787146445979, 31.860504234489088 ], [ 131.296671797253566, 31.860577996371703 ], [ 131.296576957194844, 31.860610841932584 ], [ 131.296386527836262, 31.860635947885243 ], [ 131.296185281456388, 31.860647690784543 ], [ 131.296184476972002, 31.860648015171751 ], [ 131.296177454793138, 31.860648424916072 ], [ 131.296061626352753, 31.860695129607912 ], [ 131.295919775334994, 31.860769234405783 ], [ 131.295783783693111, 31.860874963292311 ], [ 131.29566438656272, 31.860912351445513 ], [ 131.29562546830013, 31.860928834303316 ], [ 131.295620969307805, 31.860932210213946 ], [ 131.295620729368522, 31.860931939538716 ], [ 131.295548215142446, 31.860958441649043 ], [ 131.295371141336346, 31.861010348614304 ], [ 131.295072912506356, 31.861077988464213 ], [ 131.294912073321285, 31.861156885906887 ], [ 131.294831775950058, 31.861209212416046 ], [ 131.294699315033881, 31.861232428367785 ], [ 131.294564010230488, 31.861259407256224 ], [ 131.294354421478459, 31.861294714052093 ], [ 131.294199529336993, 31.861382648363147 ], [ 131.294045734460667, 31.861317667995216 ], [ 131.293893192859883, 31.861349658521839 ], [ 131.293838647373605, 31.861383566302095 ], [ 131.293755484325089, 31.861383084060279 ], [ 131.293690955642944, 31.861363820582724 ], [ 131.293618439374768, 31.861333437630293 ], [ 131.293542885885557, 31.861287501089045 ], [ 131.293440955077216, 31.861245301239755 ], [ 131.293349843705101, 31.861207951665946 ], [ 131.293303530587139, 31.861197978936332 ], [ 131.29326647871352, 31.861190031172878 ], [ 131.293203476786005, 31.86123710578833 ], [ 131.293170306621363, 31.86126483274284 ], [ 131.293152574813263, 31.861279462909248 ], [ 131.293072939142832, 31.861368745149186 ], [ 131.293046548736527, 31.861371755972854 ], [ 131.292953287727158, 31.861379796996392 ], [ 131.292902579821288, 31.861377723715407 ], [ 131.29281497753837, 31.861378460525113 ], [ 131.292789565430496, 31.861376644514298 ], [ 131.29272064373643, 31.861371607451606 ], [ 131.292694321552347, 31.861368549061048 ], [ 131.292633097800604, 31.861388066371173 ], [ 131.292622252959688, 31.861392233338474 ], [ 131.292558926451932, 31.861416146396934 ], [ 131.292491538863231, 31.861431290184502 ], [ 131.292447070164911, 31.861471289643177 ], [ 131.292439059399413, 31.861511908298553 ], [ 131.292445939727543, 31.861616781660992 ], [ 131.292431537642415, 31.861741280446214 ], [ 131.292246258117103, 31.861971697245977 ], [ 131.292219262825455, 31.862090813388843 ], [ 131.292178370165942, 31.862174426634134 ], [ 131.292018138179486, 31.862320454522667 ], [ 131.291928896047409, 31.862397683997319 ], [ 131.291908026877024, 31.862405281827623 ], [ 131.291822049008658, 31.862471517089368 ], [ 131.291610507643014, 31.862561234755383 ], [ 131.291551483066883, 31.86260091439074 ], [ 131.291485653556151, 31.862671613981373 ], [ 131.291344697931351, 31.862880281651307 ], [ 131.291322487560109, 31.862920740414559 ], [ 131.291286867605606, 31.86297519026704 ], [ 131.291245097570282, 31.86304533067964 ], [ 131.291196464167768, 31.863093556623816 ], [ 131.291103095432362, 31.863315643920515 ], [ 131.291024217588046, 31.863437584315495 ], [ 131.290964399767148, 31.863537834855332 ], [ 131.290880161033982, 31.863635435450714 ], [ 131.290806389044178, 31.863704150458805 ], [ 131.290661107109656, 31.863882242968707 ], [ 131.29059310708115, 31.863927774190419 ] ] ] ] } },
{ "type": "Feature", "properties": { "林班": "2", "基本計画区": "針葉樹林施業研究区", "林班ID": "02", "area": 225442 }, "geometry": { "type": "MultiPolygon", "coordinates": [ [ [ [ 131.27478742613917, 31.858865186626264 ], [ 131.274821590450784, 31.858817017378247 ], [ 131.274839180917951, 31.858792216048219 ], [ 131.27489070994767, 31.858705787538458 ], [ 131.274915813434603, 31.858624137244497 ], [ 131.274914395892324, 31.858542896385472 ], [ 131.274902486313465, 31.858466258401457 ], [ 131.274843701050571, 31.858389689163975 ], [ 131.2747573507163, 31.858295334698933 ], [ 131.274725201284269, 31.858247932210698 ], [ 131.274705693868071, 31.858217022153813 ], [ 131.274670335167031, 31.85815888390372 ], [ 131.274656098083966, 31.858136278657852 ], [ 131.27465455979339, 31.858132945349713 ], [ 131.274612002563458, 31.85804439456891 ], [ 131.274548353290925, 31.857942598175253 ], [ 131.274547811533239, 31.857941751412632 ], [ 131.274544999224901, 31.857864865437076 ], [ 131.274541673667528, 31.857794604262612 ], [ 131.274520345792808, 31.857713756335666 ], [ 131.274519643281224, 31.857712936257656 ], [ 131.27451737952137, 31.857704544351421 ], [ 131.27439299319434, 31.857555574884696 ], [ 131.274338163463682, 31.857478002768488 ], [ 131.274307665652117, 31.857403525770543 ], [ 131.274296788243532, 31.857311038654043 ], [ 131.274247052045524, 31.857257079741107 ], [ 131.27413885143153, 31.857225854985703 ], [ 131.274131642589367, 31.857224416171526 ], [ 131.274122327832401, 31.857221600277065 ], [ 131.274060470213186, 31.857210204751347 ], [ 131.273977129000542, 31.857165698756951 ], [ 131.273997079435077, 31.857093219832457 ], [ 131.274019733258484, 31.857049415048603 ], [ 131.274026128265632, 31.857016134060938 ], [ 131.274030866886136, 31.857003559352076 ], [ 131.274052900777605, 31.856959401424511 ], [ 131.274074831591975, 31.856917368127156 ], [ 131.274163775853907, 31.856797790496724 ], [ 131.27417111840029, 31.856787991352721 ], [ 131.274207287868222, 31.85672245527277 ], [ 131.274081462304423, 31.856799205431937 ], [ 131.273843585813921, 31.857047150805254 ], [ 131.273836746956306, 31.857054973856648 ], [ 131.273809210107459, 31.857083754346462 ], [ 131.273734334984795, 31.857172123938916 ], [ 131.273594679906267, 31.857331876174587 ], [ 131.273461281701856, 31.857478960405125 ], [ 131.273264236524113, 31.857527718148805 ], [ 131.27315239696776, 31.857576554183122 ], [ 131.273041305458349, 31.857615105051273 ], [ 131.27290926015209, 31.85768410772636 ], [ 131.273167720460577, 31.857960272898342 ], [ 131.273208961220831, 31.85803048947232 ], [ 131.273198346713173, 31.858172240972902 ], [ 131.273105900731593, 31.858340369171444 ], [ 131.273165836610616, 31.858826658296849 ], [ 131.273211252424858, 31.858932861766327 ], [ 131.273282888925479, 31.858903692894057 ], [ 131.273400971892301, 31.858871547001886 ], [ 131.273521483271793, 31.858870918098134 ], [ 131.273642311400749, 31.85886661755903 ], [ 131.273791923756534, 31.858772251729956 ], [ 131.273922429367076, 31.858785039631737 ], [ 131.273960946354663, 31.858770074888028 ], [ 131.273973967083975, 31.858638338557743 ], [ 131.274023995854719, 31.858603199964914 ], [ 131.274067158026469, 31.85875462154474 ], [ 131.274126799262007, 31.858867999546611 ], [ 131.273944716824133, 31.858910242116302 ], [ 131.273810300197454, 31.858900754688872 ], [ 131.273711934104455, 31.859017919186151 ], [ 131.273573391630435, 31.858964020524212 ], [ 131.273518300340669, 31.858956120890394 ], [ 131.273429621089832, 31.858954020678187 ], [ 131.273363200552069, 31.85899600381212 ], [ 131.273360185331143, 31.859037814570929 ], [ 131.273404506517124, 31.859138238972747 ], [ 131.273490284475912, 31.859231403904069 ], [ 131.27353152963326, 31.859263709483397 ], [ 131.273601089178385, 31.859318192437485 ], [ 131.273668336816428, 31.85929790321639 ], [ 131.273677203740135, 31.859295227981875 ], [ 131.273732605411652, 31.859375912315119 ], [ 131.273616121616016, 31.859441606725198 ], [ 131.273632189519788, 31.859511282024314 ], [ 131.273505954008129, 31.859531296718291 ], [ 131.273289250970691, 31.859523555025461 ], [ 131.273203696958262, 31.859524270970972 ], [ 131.273096458111382, 31.859568037260846 ], [ 131.272901141854675, 31.859634883367015 ], [ 131.272682437398345, 31.859720527669328 ], [ 131.272670945633678, 31.859807338330437 ], [ 131.272519537891924, 31.859874054336888 ], [ 131.272498181448896, 31.859887296629307 ], [ 131.272471442350451, 31.859913535519709 ], [ 131.272352473197316, 31.859914403650574 ], [ 131.272342462636601, 31.859796409636385 ], [ 131.272341790351589, 31.859795538714927 ], [ 131.272336096093909, 31.859728420615859 ], [ 131.272164567393247, 31.859807591211773 ], [ 131.272155444111917, 31.859812023137692 ], [ 131.272028720985645, 31.859799387685435 ], [ 131.271985067042806, 31.859775870506219 ], [ 131.271921711976461, 31.859741739922452 ], [ 131.271881508559034, 31.85972964987036 ], [ 131.271824974063321, 31.859763033748713 ], [ 131.271805569806162, 31.859798660045367 ], [ 131.271778777710097, 31.859847850394978 ], [ 131.271729591836561, 31.860033968730075 ], [ 131.27167212297141, 31.860123589626838 ], [ 131.271629994480321, 31.860319992836434 ], [ 131.271534006840881, 31.860399188491201 ], [ 131.271370103562873, 31.860465270692611 ], [ 131.271232505550159, 31.860503228647431 ], [ 131.271090373032706, 31.860456942679438 ], [ 131.271050797192714, 31.860458692382913 ], [ 131.271006674953981, 31.860472432048724 ], [ 131.270916598496541, 31.860509313532795 ], [ 131.270699004858841, 31.860580857650387 ], [ 131.270606166510703, 31.860588090242793 ], [ 131.270454502758525, 31.860633473077808 ], [ 131.270341011868538, 31.860654188091775 ], [ 131.270202867161316, 31.860675244001921 ], [ 131.270148563115441, 31.8606875083068 ], [ 131.269844336477973, 31.860789178899395 ], [ 131.26957391850803, 31.86093174258788 ], [ 131.269678941373968, 31.861142092599874 ], [ 131.269793900388834, 31.861236956876215 ], [ 131.269862827888801, 31.861293277919312 ], [ 131.269971208120694, 31.861381835792812 ], [ 131.270124734868176, 31.861507328465891 ], [ 131.270297250807573, 31.861766202490077 ], [ 131.270374434575615, 31.861732035818395 ], [ 131.270512655110053, 31.861740039610762 ], [ 131.270580939335645, 31.861719925710045 ], [ 131.270689709235484, 31.861692537258815 ], [ 131.27076118896602, 31.861608731473105 ], [ 131.270772007763242, 31.861539088779573 ], [ 131.270802418042308, 31.861490644724736 ], [ 131.270980025019639, 31.86149868138882 ], [ 131.271184864558592, 31.861380020323466 ], [ 131.271254783682906, 31.861319279831907 ], [ 131.271260214942174, 31.861320159296223 ], [ 131.271272273637265, 31.861313781527791 ], [ 131.271351980569506, 31.861335018537332 ], [ 131.271535391134421, 31.861253625109335 ], [ 131.271518214123006, 31.861208935275865 ], [ 131.271654723393311, 31.861123727439207 ], [ 131.271798743128642, 31.861091509592253 ], [ 131.271946773070141, 31.86106462240884 ], [ 131.272133968128429, 31.861063139681967 ], [ 131.272314545403759, 31.861028525072012 ], [ 131.27239992329433, 31.861118381497334 ], [ 131.272454847373439, 31.861223527617298 ], [ 131.272393486593529, 31.86127622329613 ], [ 131.272285327640475, 31.861216305468762 ], [ 131.272063855823063, 31.861216166128994 ], [ 131.271926803235999, 31.861249406594151 ], [ 131.271659665026505, 31.861280877475146 ], [ 131.271621755883331, 31.86131765792965 ], [ 131.271586944687556, 31.861352935948847 ], [ 131.271564832669355, 31.86137957933386 ], [ 131.271369581013687, 31.861430476897905 ], [ 131.271209266953178, 31.8615067249535 ], [ 131.27104219826245, 31.861571640974844 ], [ 131.270882104926073, 31.861600672327647 ], [ 131.270859799110013, 31.861648720331367 ], [ 131.270878816072553, 31.861766155673262 ], [ 131.270826484703633, 31.861813546077933 ], [ 131.270852148474006, 31.861927215254642 ], [ 131.270943181411354, 31.862104385061524 ], [ 131.270867046850128, 31.862135988372859 ], [ 131.270761938591988, 31.862096590592259 ], [ 131.270681088879059, 31.862087806573392 ], [ 131.270640794926607, 31.862023923221489 ], [ 131.270561621482216, 31.861973326803366 ], [ 131.270500536857384, 31.861970245936771 ], [ 131.27041439836276, 31.861965901402058 ], [ 131.270368834708222, 31.861946056694126 ], [ 131.270304332931062, 31.861911613965816 ], [ 131.270180604090484, 31.861911967072768 ], [ 131.270178763358189, 31.861912507518138 ], [ 131.270112768465879, 31.861931883824461 ], [ 131.270043897503967, 31.861952104508738 ], [ 131.269869954669446, 31.861997741393139 ], [ 131.269720539413328, 31.862022211389792 ], [ 131.269558675016015, 31.862048719991346 ], [ 131.269354104829432, 31.862155842234881 ], [ 131.269165775289309, 31.862149557696807 ], [ 131.26906969336639, 31.862197671316746 ], [ 131.269083004595245, 31.862298000443268 ], [ 131.269056430379578, 31.86237954566684 ], [ 131.269017850875827, 31.862381052323144 ], [ 131.26879452555761, 31.86252250455728 ], [ 131.268758480523843, 31.862618094679991 ], [ 131.268728276212755, 31.86276353090787 ], [ 131.268743584325136, 31.862947846755755 ], [ 131.268745797183641, 31.862974490400841 ], [ 131.268646290545064, 31.862995381683852 ], [ 131.268585008653758, 31.86300824768978 ], [ 131.268294000366524, 31.863069343824723 ], [ 131.268049279633487, 31.863217144340123 ], [ 131.267867627177509, 31.863232823744784 ], [ 131.267704344721182, 31.863062929071617 ], [ 131.267390696733656, 31.863144482640433 ], [ 131.267266868930051, 31.863173562784112 ], [ 131.267228045616093, 31.863182680154999 ], [ 131.2671439608946, 31.863202426789034 ], [ 131.267015160618513, 31.863306056370252 ], [ 131.266996602522397, 31.863320987734806 ], [ 131.266997251858783, 31.863324042240123 ], [ 131.267015265289018, 31.863408778082899 ], [ 131.2671111227246, 31.863677214173656 ], [ 131.267113379332358, 31.863681577463712 ], [ 131.267330084331746, 31.863926633790879 ], [ 131.267423992856834, 31.86407285496356 ], [ 131.267926186282324, 31.864241603477044 ], [ 131.268063614044422, 31.864328665365118 ], [ 131.268221124386969, 31.864347291730855 ], [ 131.268562300925424, 31.864398856317091 ], [ 131.268757535605772, 31.8643721978362 ], [ 131.268977408499296, 31.864223086627689 ], [ 131.269164910746582, 31.86422690190329 ], [ 131.269394157381498, 31.864139813594825 ], [ 131.269734873416269, 31.863993367272521 ], [ 131.269809796522992, 31.863896480463008 ], [ 131.269816160151436, 31.86388884729709 ], [ 131.269817793267265, 31.863886139459225 ], [ 131.269910552643978, 31.863766187303973 ], [ 131.269909813476175, 31.863733562231534 ], [ 131.269919814135562, 31.863716980264751 ], [ 131.269956387033119, 31.863664531084218 ], [ 131.270003082313224, 31.86359756529632 ], [ 131.270118890684699, 31.863460668616703 ], [ 131.270121011410879, 31.863358006933975 ], [ 131.270196579445468, 31.86334913380151 ], [ 131.270296026430628, 31.863255239456976 ], [ 131.270564277352491, 31.863074365073089 ], [ 131.270627142685868, 31.86301861857357 ], [ 131.270786804352127, 31.862938665733843 ], [ 131.270938115815341, 31.862883614613722 ], [ 131.270998551818508, 31.862969322113234 ], [ 131.270857664217829, 31.86304013480418 ], [ 131.270756508846915, 31.863124157139268 ], [ 131.270703458113843, 31.86319327640706 ], [ 131.270621542151758, 31.863253933881836 ], [ 131.270528441580467, 31.863262763390061 ], [ 131.270442537285845, 31.863340159954461 ], [ 131.270415631603242, 31.863409214480274 ], [ 131.270284769480924, 31.863562441220562 ], [ 131.270250200525737, 31.863583488638003 ], [ 131.270191206593609, 31.86361940723593 ], [ 131.270081794701724, 31.863771767437505 ], [ 131.270154879476564, 31.863755621063373 ], [ 131.270224996526878, 31.863819842524311 ], [ 131.270183158096927, 31.863968749139815 ], [ 131.270154609486781, 31.863962496447318 ], [ 131.270061048984331, 31.863942004854003 ], [ 131.270011453526024, 31.863997451643822 ], [ 131.269904315203064, 31.864117229981332 ], [ 131.269497524899748, 31.864295880247472 ], [ 131.269512658190877, 31.864331164853223 ], [ 131.269550163189649, 31.864418610946871 ], [ 131.26944448698427, 31.864529807808275 ], [ 131.269285379017418, 31.864394423063146 ], [ 131.268984642902012, 31.864497996275471 ], [ 131.268860120109309, 31.864509147967166 ], [ 131.268801995603525, 31.864528899554276 ], [ 131.268628602512223, 31.864605293312387 ], [ 131.268139237728093, 31.864559508881225 ], [ 131.26807262315856, 31.864548473979653 ], [ 131.268013361783801, 31.864547731754183 ], [ 131.26797057155639, 31.864540678676505 ], [ 131.267873593144742, 31.864495480054646 ], [ 131.267437829019656, 31.864381131105631 ], [ 131.267420211158566, 31.864402895541936 ], [ 131.267295766736197, 31.864553905473876 ], [ 131.267160868686119, 31.864715263363351 ], [ 131.267090301044419, 31.8648021407543 ], [ 131.267327803290897, 31.864817019550994 ], [ 131.267600183076354, 31.864861867657105 ], [ 131.267746945420697, 31.864887516163908 ], [ 131.268031738538866, 31.865038231594461 ], [ 131.268104988349847, 31.865076995959939 ], [ 131.268172773919218, 31.865239077154829 ], [ 131.268193592202778, 31.86528587170238 ], [ 131.268351232712206, 31.86518977191389 ], [ 131.26835619579802, 31.865188445046439 ], [ 131.268540326238849, 31.865181549676709 ], [ 131.268644926273083, 31.865184594133108 ], [ 131.268746272909254, 31.865219400105588 ], [ 131.269064998144302, 31.865255860080534 ], [ 131.269180375311862, 31.865182123062013 ], [ 131.269327163239581, 31.865085348532773 ], [ 131.269336926295807, 31.865035581039226 ], [ 131.269362807555893, 31.864999096875835 ], [ 131.26943992476464, 31.864988043719318 ], [ 131.269446365071985, 31.864990935138096 ], [ 131.269527651919532, 31.865028553431181 ], [ 131.269576068889336, 31.865068544206256 ], [ 131.269629694733993, 31.865103943869133 ], [ 131.269704047622099, 31.865112030378434 ], [ 131.269900269333647, 31.865113939314707 ], [ 131.270091220389361, 31.865120509758427 ], [ 131.270266319548824, 31.865127254522026 ], [ 131.270356490432562, 31.865130585993441 ], [ 131.270419558039549, 31.865098109432175 ], [ 131.270513264802787, 31.864997570934332 ], [ 131.270575314493186, 31.864906400813634 ], [ 131.270629808835679, 31.864832305954032 ], [ 131.270715732375038, 31.864791343261118 ], [ 131.270778567851067, 31.864769804020739 ], [ 131.270816677021969, 31.864759475934378 ], [ 131.270834263667581, 31.86475311632551 ], [ 131.270863226876543, 31.864742680446966 ], [ 131.270902859094861, 31.864728400349804 ], [ 131.270909101053633, 31.864726053907578 ], [ 131.271004592715997, 31.864682753098261 ], [ 131.271141824656723, 31.864614914317627 ], [ 131.271144268941271, 31.864613641549454 ], [ 131.271251443521891, 31.864517580618617 ], [ 131.271271298374302, 31.86442125541631 ], [ 131.271274662688256, 31.864403010541913 ], [ 131.271277441007982, 31.864386489001763 ], [ 131.271296434974943, 31.864345452853389 ], [ 131.271308799203609, 31.864319679428245 ], [ 131.271333981715458, 31.864267186046302 ], [ 131.271372632093176, 31.864186618539463 ], [ 131.271598235199036, 31.864027850500744 ], [ 131.271619737317508, 31.864017567388331 ], [ 131.27188256498394, 31.863891872949171 ], [ 131.271903726913251, 31.863816618635173 ], [ 131.271955010597878, 31.863744390601369 ], [ 131.272011924530631, 31.863662320429878 ], [ 131.272095962461293, 31.863616057957358 ], [ 131.272211628070721, 31.863560356124808 ], [ 131.272210642231215, 31.863470547158013 ], [ 131.272241267957497, 31.863402369114439 ], [ 131.272303014347699, 31.863293230841304 ], [ 131.272344185350107, 31.8632204249644 ], [ 131.272314903349667, 31.863030885976215 ], [ 131.272390612582797, 31.862959381865032 ], [ 131.272634348461253, 31.862842979941913 ], [ 131.272694202109051, 31.862738644312952 ], [ 131.272734655154494, 31.862595630361284 ], [ 131.272926679842243, 31.862549645607238 ], [ 131.273125672647922, 31.862432444582215 ], [ 131.273214175079033, 31.862138291335842 ], [ 131.2733352540167, 31.861966836639201 ], [ 131.273317104763237, 31.861932197789791 ], [ 131.273239826887561, 31.861784708385915 ], [ 131.273222544209716, 31.861731553251179 ], [ 131.273224014880043, 31.861658662322796 ], [ 131.273257362416956, 31.861588909252028 ], [ 131.273282104769777, 31.861517981690291 ], [ 131.273293669227741, 31.861489771166372 ], [ 131.273313341467372, 31.861427829743789 ], [ 131.273331368361198, 31.861340123199909 ], [ 131.273351884824649, 31.861248870048424 ], [ 131.273471011404581, 31.861183644891231 ], [ 131.273547925783333, 31.861097505190312 ], [ 131.273544675820119, 31.86087771110742 ], [ 131.273543373680781, 31.860854608506973 ], [ 131.273555932116324, 31.860754006867531 ], [ 131.273563121517526, 31.860636633384399 ], [ 131.273494899795651, 31.860557155139777 ], [ 131.273415269867485, 31.860469046376132 ], [ 131.273439900964519, 31.860390272191474 ], [ 131.273491431803251, 31.860367446103609 ], [ 131.273559439772384, 31.860337321260882 ], [ 131.273699866944156, 31.860283634287455 ], [ 131.273769423225474, 31.860250126238608 ], [ 131.273826022357383, 31.860220666674458 ], [ 131.27387962790948, 31.860182884198633 ], [ 131.273940391685528, 31.860115833261219 ], [ 131.273992939567734, 31.860053263980856 ], [ 131.274025246915585, 31.859987949568151 ], [ 131.274057737779174, 31.859924602904726 ], [ 131.274076555544468, 31.859889354372196 ], [ 131.274120011634466, 31.859848057724694 ], [ 131.274270600885586, 31.859723170308317 ], [ 131.274304980823274, 31.859694658097503 ], [ 131.274404660344118, 31.859543623298585 ], [ 131.274483664063951, 31.85948695024431 ], [ 131.274487787610951, 31.859484123489295 ], [ 131.274526196686935, 31.859416897326224 ], [ 131.274542699127863, 31.859332233052463 ], [ 131.274549188930678, 31.859257764895325 ], [ 131.274554281460183, 31.859179814048442 ], [ 131.274600506757508, 31.859093467603678 ], [ 131.274656585977283, 31.859008004872742 ], [ 131.27478742613917, 31.858865186626264 ] ], [ [ 131.271525510965887, 31.861870428211713 ], [ 131.271700948727641, 31.861819599798348 ], [ 131.271701347998516, 31.86182108276353 ], [ 131.271703188403848, 31.861820549553578 ], [ 131.271727986831536, 31.861912655352192 ], [ 131.271549216354458, 31.861944216764037 ], [ 131.271546976676774, 31.861943267006083 ], [ 131.271525510965887, 31.861870428211713 ] ], [ [ 131.271095328134891, 31.861818853844937 ], [ 131.271204168907417, 31.861790418569157 ], [ 131.271262495574462, 31.861884960311635 ], [ 131.271168393681137, 31.861933910082257 ], [ 131.271095328134891, 31.861818853844937 ] ] ] ] } },
{ "type": "Feature", "properties": { "林班": "6", "基本計画区": "針葉樹林施業研究区", "林班ID": "06", "area": 274748 }, "geometry": { "type": "MultiPolygon", "coordinates": [ [ [ [ 131.278782836417946, 31.862567624760128 ], [ 131.278746980831016, 31.862639368493994 ], [ 131.278889153808223, 31.862797038060094 ], [ 131.279036848943008, 31.862995588643976 ], [ 131.279151193325305, 31.863278830896903 ], [ 131.279149860252403, 31.863364388376251 ], [ 131.279358139337148, 31.86366005850714 ], [ 131.279418024269717, 31.863640992342724 ], [ 131.279492170855008, 31.863635544705751 ], [ 131.279592173331167, 31.863593540348873 ], [ 131.279713448946183, 31.863555857835578 ], [ 131.279904287387723, 31.863553324127025 ], [ 131.28008076503292, 31.863641296051441 ], [ 131.280199161550257, 31.863743629246276 ], [ 131.280279292684611, 31.863778684107018 ], [ 131.280604669144878, 31.863891834650644 ], [ 131.280695237702929, 31.86391770612024 ], [ 131.280753621884969, 31.863921452634049 ], [ 131.281014533714426, 31.863985772697362 ], [ 131.2811853857188, 31.86405578749779 ], [ 131.281435936673404, 31.864133728972813 ], [ 131.28164983062905, 31.864239302068928 ], [ 131.28182026015773, 31.86439249444771 ], [ 131.281968972830242, 31.86443193461951 ], [ 131.282143999068779, 31.864484770039098 ], [ 131.282348416062007, 31.864564651156979 ], [ 131.282567872800144, 31.864622158054367 ], [ 131.282700620543608, 31.864676816886234 ], [ 131.282861297196973, 31.864711815702577 ], [ 131.283049227395395, 31.864770989080004 ], [ 131.283219042271782, 31.864828313203883 ], [ 131.283273506271286, 31.864798301653799 ], [ 131.283314958922006, 31.864776308435832 ], [ 131.283333712004548, 31.864753583325967 ], [ 131.283421079021082, 31.864647711212179 ], [ 131.283423873730015, 31.864644307094235 ], [ 131.283513608686349, 31.864595202347868 ], [ 131.283558976205939, 31.864569163976057 ], [ 131.283579988735312, 31.864558232273705 ], [ 131.283703265459792, 31.864503475286504 ], [ 131.283736991871564, 31.864472745417729 ], [ 131.283772934300828, 31.864443808639731 ], [ 131.283917137107494, 31.864309548223993 ], [ 131.284012393910132, 31.864255079094047 ], [ 131.284208419668573, 31.864213843144455 ], [ 131.284431065428379, 31.864204682561333 ], [ 131.284678625004602, 31.864236344333623 ], [ 131.284887535996859, 31.864248046884505 ], [ 131.285115045169078, 31.864245745272129 ], [ 131.28522233750283, 31.864224256490914 ], [ 131.285293856442877, 31.864198810471539 ], [ 131.285337084013065, 31.864178512147625 ], [ 131.285360660385095, 31.86416875869827 ], [ 131.285811126277054, 31.863954842798762 ], [ 131.285976715690367, 31.863861607190664 ], [ 131.28597729188084, 31.863861298649724 ], [ 131.286101695096136, 31.863819057605472 ], [ 131.286342836019998, 31.863770138748858 ], [ 131.286664680359053, 31.863680066818461 ], [ 131.286951131633941, 31.863617154470163 ], [ 131.287277340856207, 31.863545509325885 ], [ 131.287335213788424, 31.863520723397681 ], [ 131.287351185461517, 31.863512674225703 ], [ 131.287351802695724, 31.863512927081384 ], [ 131.287367977200915, 31.863481809155758 ], [ 131.287397909847073, 31.863430430930748 ], [ 131.287460220505778, 31.863326245320092 ], [ 131.287486793833011, 31.863239322176753 ], [ 131.287513408590172, 31.863165762483515 ], [ 131.287585643681894, 31.863057055877 ], [ 131.287646971020365, 31.862925222042911 ], [ 131.287692557678042, 31.862802724799081 ], [ 131.287733619638118, 31.862725404670773 ], [ 131.287842265631525, 31.862570422296557 ], [ 131.287933355887617, 31.862500361983905 ], [ 131.288021300659011, 31.862402693433065 ], [ 131.288022604556886, 31.8622636562955 ], [ 131.288032597412922, 31.86215905709393 ], [ 131.288039969272575, 31.862078818908195 ], [ 131.288035684221029, 31.861982235974235 ], [ 131.288027138794718, 31.861803528460744 ], [ 131.288071080390523, 31.861628778967383 ], [ 131.288140699037342, 31.861505571182711 ], [ 131.288150591419367, 31.861489885352597 ], [ 131.288150242542571, 31.861377727747115 ], [ 131.288010174748365, 31.861312934178031 ], [ 131.287876547191928, 31.861188073661708 ], [ 131.287755900412463, 31.861119810725324 ], [ 131.287738396254667, 31.861113775472106 ], [ 131.287612365631077, 31.861047242776799 ], [ 131.287465869882652, 31.860983965727627 ], [ 131.287513013304846, 31.86084274011877 ], [ 131.287559339196633, 31.860713178817949 ], [ 131.287588068318058, 31.860640277320886 ], [ 131.287602450162154, 31.860602188542568 ], [ 131.287586362493641, 31.860474399721038 ], [ 131.287563614914177, 31.860312109393597 ], [ 131.287508123357981, 31.860312697822796 ], [ 131.287381841579474, 31.860318751461964 ], [ 131.287239664652816, 31.860479615388773 ], [ 131.28716278134911, 31.860497129346115 ], [ 131.287164944086896, 31.860579897853324 ], [ 131.287146296763439, 31.860700797969169 ], [ 131.287068075791325, 31.860694661073737 ], [ 131.286896565284138, 31.860594032434697 ], [ 131.286801366218299, 31.860565385536002 ], [ 131.286662510122909, 31.860430400746377 ], [ 131.286514500570092, 31.860410891909332 ], [ 131.286450249397632, 31.86047958297867 ], [ 131.286550986011747, 31.860590292885366 ], [ 131.286526086496167, 31.86074006861503 ], [ 131.286440987101315, 31.860871039501681 ], [ 131.286614580524116, 31.860961751896021 ], [ 131.286631631309007, 31.861007711666122 ], [ 131.286594697048457, 31.861024931484952 ], [ 131.286395300292895, 31.861133602695798 ], [ 131.285967906543902, 31.861030526497043 ], [ 131.285910557270029, 31.861016695224389 ], [ 131.285858052081835, 31.861004032202917 ], [ 131.285691250586751, 31.861059415443389 ], [ 131.285608844071334, 31.861083651958481 ], [ 131.285437851265016, 31.861133942306854 ], [ 131.285209600476918, 31.861138964010316 ], [ 131.285202280692289, 31.861137730537752 ], [ 131.28497138259371, 31.86109882117162 ], [ 131.284817089835883, 31.861098255858327 ], [ 131.284584562612395, 31.861090659059911 ], [ 131.284483984267553, 31.861141292269565 ], [ 131.284291228806836, 31.861238328960326 ], [ 131.283949691873119, 31.861175055251177 ], [ 131.283811395048133, 31.861245470257174 ], [ 131.28356360405175, 31.861371634509087 ], [ 131.283335313901404, 31.861364016962447 ], [ 131.283069602740653, 31.861249162184464 ], [ 131.282823781866114, 31.861391950150185 ], [ 131.2827500676905, 31.861434767723534 ], [ 131.282563405165831, 31.861565961783299 ], [ 131.282427233750639, 31.861616772082868 ], [ 131.282223032115411, 31.861537855949653 ], [ 131.281900388549673, 31.861432135291494 ], [ 131.281766089117156, 31.861403571287699 ], [ 131.281480782019685, 31.861412320400223 ], [ 131.281236700413018, 31.861424585417694 ], [ 131.281048880452346, 31.861523310501855 ], [ 131.280914933652781, 31.86161569341505 ], [ 131.280862851210742, 31.861651614511782 ], [ 131.280700672364816, 31.861703344808493 ], [ 131.280649970536189, 31.861719517150966 ], [ 131.28045542774413, 31.861781570149503 ], [ 131.280395949850174, 31.860943172047573 ], [ 131.280083110058541, 31.860643738083965 ], [ 131.280000329211589, 31.860634782365469 ], [ 131.279768204882998, 31.860595626505827 ], [ 131.279566005820129, 31.860562483423241 ], [ 131.27938237411206, 31.860438087480155 ], [ 131.279237283599286, 31.860317104994884 ], [ 131.279208852551136, 31.860293397951214 ], [ 131.27919728180666, 31.860294911537668 ], [ 131.279004455092945, 31.86042280871283 ], [ 131.278588460066345, 31.860699087586401 ], [ 131.27855930324796, 31.860815890102717 ], [ 131.278534871408084, 31.860913764076329 ], [ 131.278650472264928, 31.861061002759353 ], [ 131.278724327080113, 31.861129483576395 ], [ 131.278843409518288, 31.861239900750952 ], [ 131.279041444789755, 31.861318231566433 ], [ 131.279044916889575, 31.861345147079437 ], [ 131.279061636016394, 31.861474752535617 ], [ 131.279099943934369, 31.86160075767426 ], [ 131.279062870461871, 31.861716141198098 ], [ 131.279092170970927, 31.861770796727036 ], [ 131.27924821124941, 31.861912480419953 ], [ 131.279295596248375, 31.861981986980499 ], [ 131.279485428987357, 31.862024050637775 ], [ 131.279680160176525, 31.862116872626096 ], [ 131.279586094920148, 31.862204566229121 ], [ 131.279474462562206, 31.862102154430573 ], [ 131.279259456183325, 31.862158068092786 ], [ 131.279205808242466, 31.862202150870196 ], [ 131.279202920015621, 31.862204524138569 ], [ 131.279202043432036, 31.862205895071437 ], [ 131.279172659359574, 31.862251850262776 ], [ 131.279142807162941, 31.862298537522804 ], [ 131.279173862577693, 31.862440982602994 ], [ 131.279432005883535, 31.862650501170684 ], [ 131.279306287694567, 31.862737930394033 ], [ 131.279151586605195, 31.862585240365675 ], [ 131.279018402181407, 31.862520143038875 ], [ 131.278973995088478, 31.862480472784085 ], [ 131.27891682783536, 31.862433991183053 ], [ 131.278911591750642, 31.862429733818985 ], [ 131.278782836417946, 31.862567624760128 ] ] ] ] } },
{ "type": "Feature", "properties": { "林班": "7", "基本計画区": "落葉広葉樹林施業研究区", "林班ID": "07", "area": 177760 }, "geometry": { "type": "MultiPolygon", "coordinates": [ [ [ [ 131.290653815292956, 31.863028355235038 ], [ 131.290645371252197, 31.862962549995846 ], [ 131.290758017261027, 31.862756545819259 ], [ 131.290811288762058, 31.862659123889966 ], [ 131.290929718921262, 31.862435104502975 ], [ 131.291182489536936, 31.862402948563073 ], [ 131.291306100493841, 31.862391842382724 ], [ 131.291649550850678, 31.862354978219589 ], [ 131.291659502183734, 31.862215609821586 ], [ 131.291668680826291, 31.862087062598135 ], [ 131.291700211530667, 31.861829414788136 ], [ 131.291711860155857, 31.861734229665316 ], [ 131.291763630835391, 31.861428358273677 ], [ 131.291855694773602, 31.860893846529155 ], [ 131.291983380075521, 31.860834928306598 ], [ 131.292203548909981, 31.860609933443527 ], [ 131.292340525564441, 31.860466065828813 ], [ 131.292490991484101, 31.860308029651769 ], [ 131.292548742646318, 31.860205380672127 ], [ 131.292627616168886, 31.860065187645084 ], [ 131.292721027073782, 31.859895410716142 ], [ 131.292725872308353, 31.85975659324756 ], [ 131.292735407293435, 31.859587466315553 ], [ 131.292751922033631, 31.85929453451314 ], [ 131.292748221433925, 31.859245266291293 ], [ 131.292546041782401, 31.859291244426828 ], [ 131.292345102327374, 31.859321019046234 ], [ 131.292228491304627, 31.859322555432922 ], [ 131.292059204301751, 31.85934288528637 ], [ 131.291958485284937, 31.859344243941578 ], [ 131.291724578061064, 31.859306730679322 ], [ 131.291602510374815, 31.859299259680817 ], [ 131.291459800041764, 31.859323755593476 ], [ 131.291269219667754, 31.859339835047276 ], [ 131.291110845297538, 31.85937803616828 ], [ 131.290878881939364, 31.859453398506474 ], [ 131.290577319202782, 31.85948903746521 ], [ 131.290343116901369, 31.859489426321314 ], [ 131.290101468908063, 31.859456206693189 ], [ 131.290044892867627, 31.859405530853962 ], [ 131.289972639871166, 31.859358853425142 ], [ 131.289844870843126, 31.859323769970018 ], [ 131.289682232189762, 31.859234453381323 ], [ 131.289628184398339, 31.859207410970104 ], [ 131.289395076154221, 31.859184091885506 ], [ 131.28933226776482, 31.859230035721424 ], [ 131.289079486966898, 31.859328272185461 ], [ 131.289000786318752, 31.859374463318019 ], [ 131.288769221805808, 31.859472369047751 ], [ 131.288668617496285, 31.85949503897697 ], [ 131.288555018246967, 31.859509360382589 ], [ 131.288504810523477, 31.859517122375443 ], [ 131.288476552242969, 31.859538933463615 ], [ 131.288417078129299, 31.859584838366072 ], [ 131.288396995314912, 31.85959529234848 ], [ 131.288348332592477, 31.859631611205991 ], [ 131.288307301261483, 31.859690329387568 ], [ 131.288608040452033, 31.859888079928432 ], [ 131.288607387772117, 31.859958934698383 ], [ 131.288607242857466, 31.859974666588037 ], [ 131.288451985111152, 31.860002978503434 ], [ 131.288189682232399, 31.859931410083391 ], [ 131.288120045013272, 31.859966742955795 ], [ 131.288106738996476, 31.860105669628918 ], [ 131.288052101107013, 31.860206809046204 ], [ 131.287946697980885, 31.860261163259651 ], [ 131.287733249908513, 31.860267959820618 ], [ 131.287563614914177, 31.860312109393597 ], [ 131.287586362493641, 31.860474399721038 ], [ 131.287602450162154, 31.860602188542568 ], [ 131.287588068318058, 31.860640277320886 ], [ 131.287559339196633, 31.860713178817949 ], [ 131.287513013304846, 31.86084274011877 ], [ 131.287465869882652, 31.860983965727627 ], [ 131.287612365631077, 31.861047242776799 ], [ 131.287738396254667, 31.861113775472106 ], [ 131.287755900412463, 31.861119810725324 ], [ 131.287876547191928, 31.861188073661708 ], [ 131.288010174748365, 31.861312934178031 ], [ 131.288150242542571, 31.861377727747115 ], [ 131.288150591419367, 31.861489885352597 ], [ 131.288140699037342, 31.861505571182711 ], [ 131.288071080390523, 31.861628778967383 ], [ 131.288027138794718, 31.861803528460744 ], [ 131.288035684221029, 31.861982235974235 ], [ 131.288039969272575, 31.862078818908195 ], [ 131.288032597412922, 31.86215905709393 ], [ 131.288022604556886, 31.8622636562955 ], [ 131.288021300659011, 31.862402693433065 ], [ 131.287933355887617, 31.862500361983905 ], [ 131.287842265631525, 31.862570422296557 ], [ 131.287733619638118, 31.862725404670773 ], [ 131.287692557678042, 31.862802724799081 ], [ 131.287646971020365, 31.862925222042911 ], [ 131.287585643681894, 31.863057055877 ], [ 131.287513408590172, 31.863165762483515 ], [ 131.287486793833011, 31.863239322176753 ], [ 131.287460220505778, 31.863326245320092 ], [ 131.287397909847073, 31.863430430930748 ], [ 131.287367977200915, 31.863481809155758 ], [ 131.287351802695724, 31.863512927081384 ], [ 131.287424305293513, 31.863544058384846 ], [ 131.287472881223238, 31.863593131644453 ], [ 131.287537729627871, 31.863664504952901 ], [ 131.287635003782697, 31.863784028961739 ], [ 131.287919195820905, 31.863901183076862 ], [ 131.288196388410682, 31.863948207610914 ], [ 131.288437017597744, 31.863987532807563 ], [ 131.288442250941358, 31.863988419192541 ], [ 131.288476417066562, 31.863986711394812 ], [ 131.288605679855692, 31.863948003243475 ], [ 131.288619192162628, 31.863943574461477 ], [ 131.288670862886903, 31.863919982466825 ], [ 131.288727794987096, 31.863893721222549 ], [ 131.288745741592777, 31.863882530075266 ], [ 131.28885390813025, 31.863815649929638 ], [ 131.288932245404226, 31.863769482480823 ], [ 131.28897341021721, 31.86375337236867 ], [ 131.289066250185272, 31.863715352514042 ], [ 131.289387277572473, 31.863752909987049 ], [ 131.289723387394304, 31.863790799799901 ], [ 131.289773337393882, 31.86379397686601 ], [ 131.290456610995079, 31.863887814925349 ], [ 131.290487034387183, 31.863631319338353 ], [ 131.290530055200691, 31.863532911246327 ], [ 131.290647958948256, 31.863386448824883 ], [ 131.290687717535405, 31.863292557757205 ], [ 131.290653815292956, 31.863028355235038 ] ] ] ] } },
{ "type": "Feature", "properties": { "林班": "14", "基本計画区": "落葉広葉樹林施業研究区", "林班ID": "14", "area": 165693 }, "geometry": { "type": "MultiPolygon", "coordinates": [ [ [ [ 131.304073350598912, 31.860866416118228 ], [ 131.304044617692824, 31.860940668871628 ], [ 131.304039401206666, 31.860948105696103 ], [ 131.304491426748143, 31.860928163025349 ], [ 131.304521711687812, 31.860926826842714 ], [ 131.304736295602623, 31.860910152421845 ], [ 131.305001430107382, 31.860887955222768 ], [ 131.305395583611585, 31.860891709577331 ], [ 131.305568685314569, 31.860893358003526 ], [ 131.305646183269573, 31.860918378363454 ], [ 131.305818835765393, 31.860964107417455 ], [ 131.30591946241131, 31.861009384467241 ], [ 131.306057093366832, 31.861090931141085 ], [ 131.306210583095719, 31.861199497294635 ], [ 131.306257632159543, 31.861298062038312 ], [ 131.306261830940457, 31.861334651666372 ], [ 131.306262110055656, 31.861334287636343 ], [ 131.306268425880916, 31.861389325862202 ], [ 131.306231195253588, 31.861434441325823 ], [ 131.306151574362872, 31.861474937795609 ], [ 131.30604014652954, 31.861515440265013 ], [ 131.306002915740095, 31.861560555589744 ], [ 131.306002822728431, 31.861601142422799 ], [ 131.306029212002699, 31.861641876944905 ], [ 131.306076813789332, 31.861687070034275 ], [ 131.306166177756381, 31.861759017914672 ], [ 131.306170777528024, 31.861815607671545 ], [ 131.306175756854969, 31.861942006044952 ], [ 131.30620739606465, 31.86200985604782 ], [ 131.306256742402752, 31.862090057540378 ], [ 131.306365867423523, 31.862244890773397 ], [ 131.306557312417084, 31.862465673948147 ], [ 131.306835380629195, 31.862735789595305 ], [ 131.306880749835074, 31.862813237549897 ], [ 131.306931224935965, 31.862907342897188 ], [ 131.306974243499468, 31.862997931829206 ], [ 131.307073012805489, 31.863091705533627 ], [ 131.307097521413681, 31.862936146656295 ], [ 131.307160152763004, 31.862765531684435 ], [ 131.307628278301564, 31.862554105473535 ], [ 131.307635963398639, 31.862550634521131 ], [ 131.307603995988245, 31.862471342493453 ], [ 131.30760187161917, 31.86246933439261 ], [ 131.307558304396423, 31.862428151607041 ], [ 131.307538041252798, 31.86236957551824 ], [ 131.307560114149226, 31.862333454179531 ], [ 131.30751635658109, 31.862236143129799 ], [ 131.307463228723719, 31.862181254188521 ], [ 131.307430189834719, 31.86209745507929 ], [ 131.307473434390943, 31.862072096648301 ], [ 131.307600512711872, 31.862151167726072 ], [ 131.307657963653384, 31.862234907735822 ], [ 131.307657321080114, 31.862327807512536 ], [ 131.307735188259898, 31.862516121330263 ], [ 131.308268699977418, 31.862460722793674 ], [ 131.308394136566477, 31.862395480119748 ], [ 131.308744676515033, 31.862300017725861 ], [ 131.309040390258332, 31.862239781487318 ], [ 131.309235317144953, 31.86217440808192 ], [ 131.309240852100487, 31.862172551796146 ], [ 131.30956653705303, 31.862169256088674 ], [ 131.30959169750588, 31.86216900144748 ], [ 131.309626189976541, 31.862142510976433 ], [ 131.309651780795036, 31.862122857023863 ], [ 131.309860866797095, 31.862071839998187 ], [ 131.310119731872476, 31.862056787249614 ], [ 131.310218887195958, 31.862110888713591 ], [ 131.310289234970696, 31.862149272019337 ], [ 131.31056882574714, 31.86197713372842 ], [ 131.310569835342136, 31.861972250435198 ], [ 131.310671788936702, 31.861479110143581 ], [ 131.310503657446645, 31.861448765120183 ], [ 131.310401349362081, 31.861414020191919 ], [ 131.31029776965218, 31.861409763332031 ], [ 131.310236267900791, 31.86134768058135 ], [ 131.310187393257337, 31.861300899720291 ], [ 131.310102897622329, 31.86131824234252 ], [ 131.310011834902383, 31.861261643104786 ], [ 131.309941069662727, 31.861210306672138 ], [ 131.3098596101608, 31.861184349354883 ], [ 131.309779408039191, 31.861221523641788 ], [ 131.30962933931454, 31.861220085238667 ], [ 131.309470719938986, 31.861189805879146 ], [ 131.309401863609452, 31.861140367560292 ], [ 131.309337505492891, 31.861172082456193 ], [ 131.309230743715148, 31.861164224767183 ], [ 131.309098513932298, 31.861124861528324 ], [ 131.309021267625468, 31.861140214827333 ], [ 131.308946262628268, 31.8611026833571 ], [ 131.308897569626566, 31.861078449669559 ], [ 131.308797437925591, 31.86108306868276 ], [ 131.308773944608077, 31.861084152403397 ], [ 131.308691609087418, 31.861112311939742 ], [ 131.308504514254224, 31.861099237053608 ], [ 131.308457109390844, 31.861144448268277 ], [ 131.308369537264099, 31.861218618452391 ], [ 131.308319835600372, 31.861208817783275 ], [ 131.308337654360685, 31.861133012915914 ], [ 131.30847656949544, 31.860958604594622 ], [ 131.308656413853242, 31.861015891426945 ], [ 131.308672997721743, 31.860918443317097 ], [ 131.308615393031232, 31.860721963539024 ], [ 131.308537927113633, 31.860625645553807 ], [ 131.308499056485743, 31.860595334176544 ], [ 131.308341913793384, 31.860472793729695 ], [ 131.308433634249241, 31.860375163455316 ], [ 131.308527583679108, 31.860444907984288 ], [ 131.308661299078295, 31.86054417297218 ], [ 131.308706254597325, 31.860495552080103 ], [ 131.308835146709896, 31.860356150593816 ], [ 131.308913981924803, 31.860226081972264 ], [ 131.30896536393027, 31.860074442821251 ], [ 131.308598406390217, 31.85993638323869 ], [ 131.30852205667091, 31.859907658175544 ], [ 131.308481811913794, 31.859892516860473 ], [ 131.30827581483328, 31.859914653520153 ], [ 131.308185690177282, 31.85992336225431 ], [ 131.308122631935532, 31.859929455525322 ], [ 131.308021513159929, 31.859939455296203 ], [ 131.307935644494449, 31.85994794689849 ], [ 131.307784581007525, 31.859964547214897 ], [ 131.307645165836959, 31.860033257263218 ], [ 131.307484831309466, 31.86011227699391 ], [ 131.307431936085294, 31.860095268296043 ], [ 131.307096576177969, 31.859986034663208 ], [ 131.306995016083363, 31.859952908634057 ], [ 131.306847242201655, 31.860005576890838 ], [ 131.306794612984106, 31.860068838595797 ], [ 131.306783155809029, 31.860119374023508 ], [ 131.306850216373903, 31.860300499131114 ], [ 131.306855022333906, 31.860316738181126 ], [ 131.306867677391551, 31.860467313087014 ], [ 131.306739258580848, 31.860301668716509 ], [ 131.306735824736052, 31.860297600218725 ], [ 131.30667772411249, 31.860228761203157 ], [ 131.306590882250134, 31.860140581946869 ], [ 131.306593791492816, 31.86005849977348 ], [ 131.30655452101098, 31.860007184719795 ], [ 131.306406424585248, 31.859962436338961 ], [ 131.306308274984502, 31.860005063232364 ], [ 131.306256484676254, 31.860034500513461 ], [ 131.30619250082799, 31.85995573614661 ], [ 131.306326785437761, 31.859847181797281 ], [ 131.306427077867653, 31.859784707378868 ], [ 131.306571924912078, 31.859837580894556 ], [ 131.306629005097676, 31.859841952914127 ], [ 131.306646979043791, 31.859844615353158 ], [ 131.306747202566243, 31.85976139657706 ], [ 131.306782920457493, 31.859697273758236 ], [ 131.306669708906526, 31.859623817357637 ], [ 131.306602882795659, 31.859580457672507 ], [ 131.306625912250354, 31.859510953934134 ], [ 131.306681879924525, 31.859466624667487 ], [ 131.30680439536485, 31.859445584907469 ], [ 131.30685413774907, 31.859468013026412 ], [ 131.307015905691316, 31.859492876522388 ], [ 131.306858012273835, 31.859361576537236 ], [ 131.306861677671066, 31.859192005804221 ], [ 131.306721048408747, 31.859167993056406 ], [ 131.306727039358805, 31.859027278312286 ], [ 131.30691107603937, 31.859075538288451 ], [ 131.306977421508833, 31.859005929947493 ], [ 131.307026130854609, 31.859035575894644 ], [ 131.307108995893856, 31.859033675613631 ], [ 131.307117979280946, 31.859034454066375 ], [ 131.307120437143368, 31.859033413235885 ], [ 131.307245920909878, 31.859030535497698 ], [ 131.307384472524035, 31.859065384806062 ], [ 131.307571311581199, 31.859002700283366 ], [ 131.307573755428194, 31.858979405401232 ], [ 131.307607276265884, 31.858659881812219 ], [ 131.307633239510466, 31.858522636220791 ], [ 131.307443836011913, 31.858341261143266 ], [ 131.30727654394201, 31.858180511454044 ], [ 131.307109726234302, 31.858010697025808 ], [ 131.307313924929502, 31.857734304896546 ], [ 131.307381183842125, 31.85761869594516 ], [ 131.307107175047719, 31.857476595953742 ], [ 131.307062661157516, 31.857453511110197 ], [ 131.306862706436448, 31.857328915007745 ], [ 131.30660956412413, 31.857176802208215 ], [ 131.306599459580269, 31.856997343439378 ], [ 131.306606870532022, 31.856857887909026 ], [ 131.306534698901601, 31.856679317596694 ], [ 131.306496095860524, 31.85660951077341 ], [ 131.306421982591587, 31.856475489603923 ], [ 131.306420520197406, 31.856472845109838 ], [ 131.306215056059983, 31.856398299751856 ], [ 131.306148289096313, 31.856391068018944 ], [ 131.306076574449605, 31.856383300347094 ], [ 131.305985609745051, 31.856357363381733 ], [ 131.305766151797968, 31.85633224388965 ], [ 131.305797655153015, 31.856558871307708 ], [ 131.305834293670586, 31.856647078124507 ], [ 131.305876295661506, 31.856666067912272 ], [ 131.305923310130112, 31.856654712795862 ], [ 131.305910083209881, 31.856737577119326 ], [ 131.305762148478124, 31.856882788604363 ], [ 131.305757007728317, 31.8569503302496 ], [ 131.305648644463474, 31.857043418576463 ], [ 131.305618662656798, 31.857085848479255 ], [ 131.305563652614808, 31.857163697928986 ], [ 131.305466163563864, 31.857354918631636 ], [ 131.305435620493199, 31.857419423398397 ], [ 131.305386833971085, 31.857469343284684 ], [ 131.305376132131386, 31.857509955616603 ], [ 131.305344113996966, 31.857595785881045 ], [ 131.305301530553891, 31.857663462004641 ], [ 131.305264257062078, 31.857726615815004 ], [ 131.305159629081516, 31.857962781593034 ], [ 131.305199356856775, 31.858121334906414 ], [ 131.305182344595494, 31.858378424396786 ], [ 131.305200605012516, 31.858509494826261 ], [ 131.305217943098711, 31.858633944549918 ], [ 131.305157412089017, 31.85886498261921 ], [ 131.305094724030738, 31.859086104651567 ], [ 131.304974364263984, 31.859440940044223 ], [ 131.30493457978892, 31.859557383761111 ], [ 131.304989841597035, 31.859867067391939 ], [ 131.304987261758441, 31.859875779570533 ], [ 131.304858016131277, 31.860058135651901 ], [ 131.304531843105508, 31.86017083694431 ], [ 131.304397656813052, 31.860503066537159 ], [ 131.304256292281934, 31.860577362643951 ], [ 131.30415729026609, 31.860679516958889 ], [ 131.304111203767746, 31.860804994721374 ], [ 131.304073350598912, 31.860866416118228 ] ] ] ] } },
{ "type": "Feature", "properties": { "林班": "10", "基本計画区": "針葉樹林施業研究区", "林班ID": "10", "area": 245615 }, "geometry": { "type": "MultiPolygon", "coordinates": [ [ [ [ 131.302436223392675, 31.855350408188787 ], [ 131.302449267151218, 31.855347673288925 ], [ 131.302503800051483, 31.855336239296662 ], [ 131.302540658379769, 31.855297368826395 ], [ 131.302535067339818, 31.855199974152281 ], [ 131.302521151940624, 31.855107681055546 ], [ 131.30261099884433, 31.855115584657845 ], [ 131.302909900544449, 31.855069785904977 ], [ 131.303000621292256, 31.85502176775848 ], [ 131.303044358829624, 31.855115463829222 ], [ 131.303040808123995, 31.855116564130725 ], [ 131.303042134998748, 31.855119406604835 ], [ 131.303084477152083, 31.855107780979921 ], [ 131.303105711809422, 31.855094271915551 ], [ 131.303131989758896, 31.855059251099966 ], [ 131.303142947403217, 31.855044647757751 ], [ 131.303174669260585, 31.854986423005993 ], [ 131.303150158216681, 31.854859453947771 ], [ 131.303155665145482, 31.854782636219916 ], [ 131.303154156649413, 31.854774824616648 ], [ 131.303154237929988, 31.854773690809477 ], [ 131.303134229226941, 31.854670077515184 ], [ 131.303124339508486, 31.854588374095236 ], [ 131.303124636591292, 31.854470982122098 ], [ 131.303151345866411, 31.854389745147067 ], [ 131.303199233536077, 31.854322056992341 ], [ 131.303262963250319, 31.854276949687819 ], [ 131.303613093077416, 31.854173661265559 ], [ 131.303797302218697, 31.854083389657067 ], [ 131.303815313604304, 31.85407517287986 ], [ 131.303942690140417, 31.854016666211699 ], [ 131.304094646806561, 31.853988174563629 ], [ 131.304097631716786, 31.853991161580556 ], [ 131.304056961280139, 31.8539362827341 ], [ 131.304076683359597, 31.853828004489824 ], [ 131.30417380995371, 31.853767993357938 ], [ 131.304328734725118, 31.853672270435649 ], [ 131.303969145153076, 31.853577526145425 ], [ 131.303256253465236, 31.853374481604277 ], [ 131.303109067145925, 31.853313492453939 ], [ 131.302821411668049, 31.853242023538577 ], [ 131.302496687121618, 31.853144477260326 ], [ 131.302489416903711, 31.853183277366799 ], [ 131.302477387277492, 31.853382631610469 ], [ 131.302429151517401, 31.853465543894107 ], [ 131.302328162315376, 31.853639133350402 ], [ 131.302241507540487, 31.853637535437286 ], [ 131.302074785136341, 31.853710085567101 ], [ 131.302009720911656, 31.853737943422704 ], [ 131.301814237994762, 31.853821640958969 ], [ 131.301703153322279, 31.854170940795267 ], [ 131.301647242181218, 31.854199935031041 ], [ 131.30145176143489, 31.854203104251077 ], [ 131.301423310892517, 31.854246378179504 ], [ 131.301359113163073, 31.854344024228801 ], [ 131.301227339147658, 31.854440842437015 ], [ 131.301070092991893, 31.854491588547567 ], [ 131.301059655885126, 31.854498848159366 ], [ 131.300753802440397, 31.854762137664881 ], [ 131.300649007032717, 31.854706466014907 ], [ 131.300503456167434, 31.854824060330149 ], [ 131.300298815101797, 31.854971548534596 ], [ 131.299913012603781, 31.855043435210948 ], [ 131.29977696757723, 31.855086302409905 ], [ 131.299489962121754, 31.855190810750575 ], [ 131.299343163685052, 31.85521731217014 ], [ 131.298854636852326, 31.855117436257427 ], [ 131.298560650326294, 31.8550495803137 ], [ 131.298509861404796, 31.855028955226704 ], [ 131.298442136070435, 31.854999341581841 ], [ 131.298094211632758, 31.854917180289576 ], [ 131.297986805852361, 31.854938172484655 ], [ 131.297818868718991, 31.855035241016296 ], [ 131.297518566459928, 31.855143118008378 ], [ 131.297386298636383, 31.855158435882828 ], [ 131.297217020423375, 31.855178772634034 ], [ 131.296958191121973, 31.855231872093128 ], [ 131.296826402145882, 31.855274316538967 ], [ 131.29672633991072, 31.855311754456768 ], [ 131.296579422695686, 31.855399471149685 ], [ 131.296311649814044, 31.855547574270989 ], [ 131.296206914661241, 31.855621240617896 ], [ 131.296091571134298, 31.855695002068796 ], [ 131.29600257433799, 31.855759400938243 ], [ 131.295924664227215, 31.855850761303845 ], [ 131.295846407417031, 31.855924083910988 ], [ 131.295694760031068, 31.856043518903117 ], [ 131.295389799642976, 31.856187549157276 ], [ 131.295217031779998, 31.856311753740446 ], [ 131.294992602195578, 31.856513446194366 ], [ 131.294846159928596, 31.856628288047656 ], [ 131.294752259480646, 31.856715386467588 ], [ 131.294684227688975, 31.856765925176518 ], [ 131.294584696988125, 31.856834998001766 ], [ 131.29449577434815, 31.856903905342399 ], [ 131.29437481869607, 31.856959710134628 ], [ 131.294280210512085, 31.857006152762452 ], [ 131.294175069982685, 31.857057199731642 ], [ 131.294080537794343, 31.857108151663731 ], [ 131.293928560637312, 31.857209546863793 ], [ 131.293858791339488, 31.857226174514956 ], [ 131.293828245864717, 31.857233454200202 ], [ 131.293701189090058, 31.857257784651672 ], [ 131.293485234953749, 31.857323804570495 ], [ 131.293226951657573, 31.857408533083365 ], [ 131.293037331198633, 31.857478798855681 ], [ 131.292927363066184, 31.857556984182413 ], [ 131.292859558375966, 31.85762112069942 ], [ 131.292821726667285, 31.857667244160357 ], [ 131.292734959747378, 31.857772203881822 ], [ 131.292702757882495, 31.857829157547101 ], [ 131.292678392914269, 31.857872250472898 ], [ 131.292494642441852, 31.858015286277368 ], [ 131.292433150366719, 31.858161482856886 ], [ 131.292464943618654, 31.858334738207752 ], [ 131.292462476044591, 31.858420829013685 ], [ 131.292488586913151, 31.858431869333423 ], [ 131.292536612089208, 31.858450417948529 ], [ 131.292664387901965, 31.858508193811922 ], [ 131.292750204445667, 31.858565775971602 ], [ 131.292841726743717, 31.85864582250721 ], [ 131.292917585831503, 31.858739645416634 ], [ 131.292982836639254, 31.858833633561549 ], [ 131.293016074785811, 31.858914448451561 ], [ 131.293017789946703, 31.859013797247602 ], [ 131.292938684345671, 31.859171354855942 ], [ 131.292938738184915, 31.859171607829921 ], [ 131.292938685477509, 31.859171712805708 ], [ 131.292957806302496, 31.859261202909973 ], [ 131.292974034873936, 31.859337455714343 ], [ 131.293078772688176, 31.859675346240032 ], [ 131.29308552140202, 31.859770934779089 ], [ 131.293021390237215, 31.85987922340297 ], [ 131.29293730242739, 31.86002282324214 ], [ 131.292883157646969, 31.860244821574959 ], [ 131.292911030612089, 31.860373642510545 ], [ 131.292766786781641, 31.860810416278692 ], [ 131.292708534555857, 31.861073912527992 ], [ 131.292652807037626, 31.861163241177909 ], [ 131.292532853854226, 31.861294657069969 ], [ 131.292491538863231, 31.861431290184502 ], [ 131.292558926451932, 31.861416146396934 ], [ 131.292622252959688, 31.861392233338474 ], [ 131.292633097800604, 31.861388066371173 ], [ 131.292694321552347, 31.861368549061048 ], [ 131.29272064373643, 31.861371607451606 ], [ 131.292789565430496, 31.861376644514298 ], [ 131.29281497753837, 31.861378460525113 ], [ 131.292902579821288, 31.861377723715407 ], [ 131.292953287727158, 31.861379796996392 ], [ 131.293046548736527, 31.861371755972854 ], [ 131.293072939142832, 31.861368745149186 ], [ 131.293152574813263, 31.861279462909248 ], [ 131.293170306621363, 31.86126483274284 ], [ 131.293203476786005, 31.86123710578833 ], [ 131.29326647871352, 31.861190031172878 ], [ 131.293303530587139, 31.861197978936332 ], [ 131.293349843705101, 31.861207951665946 ], [ 131.293440955077216, 31.861245301239755 ], [ 131.293542885885557, 31.861287501089045 ], [ 131.293618439374768, 31.861333437630293 ], [ 131.293690955642944, 31.861363820582724 ], [ 131.293755484325089, 31.861383084060279 ], [ 131.293838647373605, 31.861383566302095 ], [ 131.293893192859883, 31.861349658521839 ], [ 131.294045734460667, 31.861317667995216 ], [ 131.294199529336993, 31.861382648363147 ], [ 131.294354421478459, 31.861294714052093 ], [ 131.294564010230488, 31.861259407256224 ], [ 131.294699315033881, 31.861232428367785 ], [ 131.294831775950058, 31.861209212416046 ], [ 131.294912073321285, 31.861156885906887 ], [ 131.295072912506356, 31.861077988464213 ], [ 131.295371141336346, 31.861010348614304 ], [ 131.295548215142446, 31.860958441649043 ], [ 131.295615962263071, 31.860933681796592 ], [ 131.29555940067246, 31.860862397975232 ], [ 131.295487847527255, 31.860781678701642 ], [ 131.295421515745346, 31.860649521597761 ], [ 131.295398753525149, 31.860552929427513 ], [ 131.295405211187187, 31.860498430832269 ], [ 131.295414405229025, 31.860406377453966 ], [ 131.295445366077075, 31.860251192877236 ], [ 131.295518295937228, 31.860104859584805 ], [ 131.295556341763614, 31.859979487870735 ], [ 131.295622366830798, 31.859860016982886 ], [ 131.295702362342723, 31.859737530642132 ], [ 131.295813746232483, 31.859594090695062 ], [ 131.295883179977608, 31.859447765313927 ], [ 131.295984125840107, 31.859319264177078 ], [ 131.296081662209218, 31.859217617321299 ], [ 131.296168722870249, 31.859118977721092 ], [ 131.296217481337607, 31.859065171317468 ], [ 131.296248717025236, 31.858996491030744 ], [ 131.296265820030612, 31.858880116677131 ], [ 131.296272562013343, 31.858802544627807 ], [ 131.296300273957229, 31.858724923725362 ], [ 131.296286578120657, 31.858650479290592 ], [ 131.296306350533627, 31.858582355009315 ], [ 131.296341182945099, 31.858450930998028 ], [ 131.296365712381345, 31.858337710337199 ], [ 131.296452281739619, 31.858274065516778 ], [ 131.296363767174483, 31.858251615571412 ], [ 131.296292700809317, 31.858202175246941 ], [ 131.29621233617604, 31.858186127781238 ], [ 131.296027053682707, 31.858076425042061 ], [ 131.295825908956346, 31.858041876645508 ], [ 131.295863799264311, 31.857948412062793 ], [ 131.295891472556491, 31.857955396978181 ], [ 131.295945234781243, 31.857968966886201 ], [ 131.295983242980981, 31.857958055333949 ], [ 131.296056950847429, 31.857908277877602 ], [ 131.296108869781676, 31.857925249889373 ], [ 131.296125470687826, 31.857938956490461 ], [ 131.296135026158055, 31.857943540905076 ], [ 131.296183056942169, 31.857985558886394 ], [ 131.296283557509241, 31.858019688168877 ], [ 131.296355346883558, 31.857997874700587 ], [ 131.296329593761101, 31.857908644078741 ], [ 131.296330025626816, 31.857743008200789 ], [ 131.296293410226554, 31.857659920582343 ], [ 131.29635377940653, 31.857603646699019 ], [ 131.296244509444733, 31.857503787519303 ], [ 131.296125054729288, 31.857490527794788 ], [ 131.296028851197462, 31.857478124787409 ], [ 131.295893424215649, 31.857464595326906 ], [ 131.295889196428732, 31.857463458803394 ], [ 131.295799464141254, 31.857455208415359 ], [ 131.295816099252448, 31.857402858040313 ], [ 131.295962856091791, 31.857361929971034 ], [ 131.29614783693313, 31.857377734049624 ], [ 131.296297876311968, 31.85737198206893 ], [ 131.296419455885399, 31.857388835362908 ], [ 131.296492027281687, 31.857281337062343 ], [ 131.296557240038055, 31.857218952158178 ], [ 131.296576165017171, 31.857185536782371 ], [ 131.296605492001191, 31.85713676441074 ], [ 131.296632770734078, 31.857075369850225 ], [ 131.296710600501314, 31.85699311307566 ], [ 131.296771694831904, 31.856931729785718 ], [ 131.296781112969938, 31.856902846188969 ], [ 131.296801104192753, 31.856875741770242 ], [ 131.296767145275595, 31.856864005784704 ], [ 131.296706813400249, 31.856833481069557 ], [ 131.296645263123509, 31.856752451329477 ], [ 131.296559487274521, 31.856729201290182 ], [ 131.296384939356102, 31.856670982985101 ], [ 131.296422779612357, 31.856607760002056 ], [ 131.296525383276389, 31.856639088234932 ], [ 131.296578303428049, 31.856665120692085 ], [ 131.296694667792309, 31.856703632105315 ], [ 131.296664454929072, 31.856626188137128 ], [ 131.296697173903397, 31.856525946897083 ], [ 131.296684205557227, 31.856469155828044 ], [ 131.296714789973919, 31.856450144042423 ], [ 131.296879627729652, 31.856446151689088 ], [ 131.296913492106597, 31.856461405376916 ], [ 131.297020233365771, 31.85646486306732 ], [ 131.29707723297733, 31.856444887579933 ], [ 131.297324925181016, 31.856541716775919 ], [ 131.297392381984224, 31.85652070328382 ], [ 131.297455002825046, 31.856444998346657 ], [ 131.29752000909653, 31.856422628561237 ], [ 131.297505899258312, 31.856373703541699 ], [ 131.297449650412801, 31.856349860436914 ], [ 131.297705712890576, 31.856311456124423 ], [ 131.297915885761654, 31.856305511363875 ], [ 131.297966411902962, 31.85636743810193 ], [ 131.29804297945438, 31.856361749081195 ], [ 131.298162721007031, 31.856280731498941 ], [ 131.298316755924844, 31.856203706627397 ], [ 131.298716096896243, 31.856072589759179 ], [ 131.299080545725587, 31.85613338459283 ], [ 131.29925679008818, 31.856059012135457 ], [ 131.299338937565892, 31.855973135889702 ], [ 131.299503619814317, 31.85592133844337 ], [ 131.299752848848016, 31.855839587030097 ], [ 131.299927105990946, 31.855869841708049 ], [ 131.299975580061357, 31.855957723560905 ], [ 131.300115706313278, 31.855898300901291 ], [ 131.300248430689038, 31.855826256355098 ], [ 131.300397002373643, 31.855772283251564 ], [ 131.300492226639875, 31.855746829335406 ], [ 131.300683447827822, 31.855700509337009 ], [ 131.301012288185859, 31.855642233760282 ], [ 131.301122331206756, 31.855631131466534 ], [ 131.301197455643006, 31.855623552069556 ], [ 131.301253702644686, 31.85553571787079 ], [ 131.301194450347623, 31.855512408128916 ], [ 131.301218573010914, 31.855456431610246 ], [ 131.301299872670086, 31.85540302543178 ], [ 131.301398308431175, 31.855452398125287 ], [ 131.301489027409787, 31.855403479133972 ], [ 131.301520868231421, 31.855518137214595 ], [ 131.301522067293263, 31.855522455003467 ], [ 131.301595312809695, 31.855484844839992 ], [ 131.301696233237237, 31.855427348826233 ], [ 131.301758920080744, 31.855400811070268 ], [ 131.301821791266519, 31.855368425773115 ], [ 131.301827896509906, 31.85529625723025 ], [ 131.301728133713965, 31.855131441524861 ], [ 131.301885439644821, 31.855086873902245 ], [ 131.30198899431835, 31.855085726151501 ], [ 131.302108427564718, 31.855287564077461 ], [ 131.302197946229995, 31.855356111969556 ], [ 131.302436223392675, 31.855350408188787 ] ] ] ] } },
{ "type": "Feature", "properties": { "林班": "11", "基本計画区": "針葉樹林施業研究区", "林班ID": "11", "area": 303908 }, "geometry": { "type": "MultiPolygon", "coordinates": [ [ [ [ 131.295559401814501, 31.860862755924817 ], [ 131.295615911305248, 31.8609337004204 ], [ 131.295620729368522, 31.860931939538716 ], [ 131.295620969307805, 31.860932210213946 ], [ 131.29562546830013, 31.860928834303316 ], [ 131.29566438656272, 31.860912351445513 ], [ 131.295783783693111, 31.860874963292311 ], [ 131.295919775334994, 31.860769234405783 ], [ 131.296061626352753, 31.860695129607912 ], [ 131.296177454793138, 31.860648424916072 ], [ 131.296184476972002, 31.860648015171751 ], [ 131.296185281456388, 31.860647690784543 ], [ 131.296386527836262, 31.860635947885243 ], [ 131.296576957194844, 31.860610841932584 ], [ 131.296671797253566, 31.860577996371703 ], [ 131.296787146445979, 31.860504234489088 ], [ 131.296897190882504, 31.860430484813367 ], [ 131.29699116960478, 31.860347964719384 ], [ 131.297179549810721, 31.860205471463328 ], [ 131.297305409325219, 31.86012696351289 ], [ 131.297421465818871, 31.860093856455741 ], [ 131.297517033942881, 31.860101595195317 ], [ 131.29760737421185, 31.86011392621673 ], [ 131.297702539693319, 31.86009911770179 ], [ 131.297839466092256, 31.860047641001216 ], [ 131.297923640663299, 31.860010380425063 ], [ 131.298065488675689, 31.859936202906123 ], [ 131.298149739593441, 31.859903522049592 ], [ 131.298206103128479, 31.859894751128564 ], [ 131.298345624074727, 31.859887349421928 ], [ 131.29846784579459, 31.859903762410561 ], [ 131.298584763242275, 31.859920258156876 ], [ 131.298690842912663, 31.859923391288298 ], [ 131.29883762678088, 31.859895143148655 ], [ 131.2989771113225, 31.859821262367582 ], [ 131.299209407703387, 31.859725618929023 ], [ 131.299267515002981, 31.859694432869475 ], [ 131.299452333039909, 31.859620293802436 ], [ 131.299567482007177, 31.859597634281545 ], [ 131.299662950751866, 31.85955554295084 ], [ 131.299758543102229, 31.859487955201086 ], [ 131.299843514307781, 31.85942941159961 ], [ 131.299923162667255, 31.859384338877113 ], [ 131.299976151675594, 31.859379919052664 ], [ 131.300028384789755, 31.859375494268832 ], [ 131.300155604230355, 31.859380196961162 ], [ 131.300346308705116, 31.859434707832271 ], [ 131.300447064989669, 31.859425802857075 ], [ 131.30062213235945, 31.859380927073875 ], [ 131.30083439343025, 31.859304466192473 ], [ 131.301025424220029, 31.859237003965429 ], [ 131.301147499228051, 31.859183022211891 ], [ 131.301216555497007, 31.859124374532755 ], [ 131.301275074103501, 31.859043203576494 ], [ 131.301312383167414, 31.858970961177359 ], [ 131.30133910721807, 31.858880705342301 ], [ 131.301386954053413, 31.85883105650478 ], [ 131.301461308658986, 31.858776976184007 ], [ 131.301530346805123, 31.858731927676267 ], [ 131.301578249862501, 31.85865522087618 ], [ 131.301610215833904, 31.858596590429162 ], [ 131.301642116644416, 31.858555998560956 ], [ 131.301695184816566, 31.858537975100713 ], [ 131.301774716232245, 31.858533558698536 ], [ 131.301824691491049, 31.85855498618189 ], [ 131.301948081694206, 31.858503800089565 ], [ 131.302193889307972, 31.858255081687986 ], [ 131.302221839925039, 31.858226799972535 ], [ 131.302464570579417, 31.858127913102628 ], [ 131.302632391504233, 31.858062584290572 ], [ 131.302691924968173, 31.858002785071747 ], [ 131.30272398700987, 31.857989172439481 ], [ 131.302755887144343, 31.857948580332938 ], [ 131.302776853677813, 31.857917477061953 ], [ 131.302963590774596, 31.857729905226801 ], [ 131.303138136777648, 31.8575102539711 ], [ 131.303346881223007, 31.857190623477116 ], [ 131.303538144103896, 31.856898033532563 ], [ 131.303594767127578, 31.856956207037452 ], [ 131.303652160761374, 31.857015994789911 ], [ 131.30376092585476, 31.857130108217905 ], [ 131.303991129875584, 31.857369479374874 ], [ 131.304070663331913, 31.857454070235672 ], [ 131.304172316444578, 31.8574844926293 ], [ 131.304421972928509, 31.857564987423348 ], [ 131.304793468494296, 31.857708405744873 ], [ 131.305093053345558, 31.857835769858298 ], [ 131.305159629081516, 31.857962781593034 ], [ 131.305264257062078, 31.857726615815004 ], [ 131.305301530553891, 31.857663462004641 ], [ 131.305344113996966, 31.857595785881045 ], [ 131.305376132131386, 31.857509955616603 ], [ 131.305386833971085, 31.857469343284684 ], [ 131.305435620493199, 31.857419423398397 ], [ 131.305466163563864, 31.857354918631636 ], [ 131.305563652614808, 31.857163697928986 ], [ 131.30534320551638, 31.85716512927965 ], [ 131.305331697364977, 31.857200331993727 ], [ 131.305346931564827, 31.857333780363053 ], [ 131.305306763722541, 31.857330269089257 ], [ 131.305293248757977, 31.857397855733488 ], [ 131.305192728377335, 31.857358502458172 ], [ 131.305112477163448, 31.857380341206859 ], [ 131.304987770387243, 31.85737702358772 ], [ 131.304865981595896, 31.857297044221262 ], [ 131.304687898195425, 31.85715857446127 ], [ 131.304512284755504, 31.857099467963771 ], [ 131.304513570107332, 31.857091435605273 ], [ 131.304510857371554, 31.857090522572861 ], [ 131.304519714572677, 31.857035172553314 ], [ 131.304385122189331, 31.857024001603673 ], [ 131.304384775440212, 31.857015145901553 ], [ 131.30438369481891, 31.857015056211146 ], [ 131.304380554946903, 31.856934866227792 ], [ 131.304105127729656, 31.856746968550176 ], [ 131.304387090674993, 31.856690374695148 ], [ 131.304472196982715, 31.856830871351413 ], [ 131.304661819966555, 31.85697284031129 ], [ 131.304783627786691, 31.857026663999243 ], [ 131.304819814835469, 31.857105044782063 ], [ 131.304891895284499, 31.857172516411612 ], [ 131.30510172731411, 31.85732174185117 ], [ 131.305264506185267, 31.857333978220538 ], [ 131.305294735446552, 31.857207636123057 ], [ 131.305293053224773, 31.857199755505857 ], [ 131.30529330798538, 31.857198690741516 ], [ 131.305268227367662, 31.857081196705622 ], [ 131.305359567643961, 31.857031605051922 ], [ 131.305446962882144, 31.856933085338582 ], [ 131.30549205735403, 31.856828353695771 ], [ 131.305540171623932, 31.85671008590101 ], [ 131.305588436363166, 31.856605436797864 ], [ 131.305640630180903, 31.856439357114631 ], [ 131.305687894183762, 31.856351756765228 ], [ 131.30577549534442, 31.856183784959036 ], [ 131.305681615511588, 31.856203101412966 ], [ 131.305607047652671, 31.85618960447189 ], [ 131.305391656420028, 31.855728606562145 ], [ 131.305351895053462, 31.855527572634909 ], [ 131.305254870144694, 31.855283642386187 ], [ 131.305134779355825, 31.855055475667204 ], [ 131.305002028805944, 31.854942582186862 ], [ 131.304859387935807, 31.854859516247451 ], [ 131.304841349727724, 31.854837011339608 ], [ 131.304781954561008, 31.854770402159872 ], [ 131.304773700076453, 31.85463865905044 ], [ 131.304821663664939, 31.854587414109012 ], [ 131.304245774479455, 31.854139408568059 ], [ 131.304097631716786, 31.853991161580556 ], [ 131.304094646806561, 31.853988174563629 ], [ 131.303942690140417, 31.854016666211699 ], [ 131.303815313604304, 31.85407517287986 ], [ 131.303797302218697, 31.854083389657067 ], [ 131.303613093077416, 31.854173661265559 ], [ 131.303262963250319, 31.854276949687819 ], [ 131.303199233536077, 31.854322056992341 ], [ 131.303151345866411, 31.854389745147067 ], [ 131.303124636591292, 31.854470982122098 ], [ 131.303124339508486, 31.854588374095236 ], [ 131.303134229226941, 31.854670077515184 ], [ 131.303154237929988, 31.854773690809477 ], [ 131.303154156649413, 31.854774824616648 ], [ 131.303155665145482, 31.854782636219916 ], [ 131.303150158216681, 31.854859453947771 ], [ 131.303174669260585, 31.854986423005993 ], [ 131.303142947403217, 31.855044647757751 ], [ 131.303131989758896, 31.855059251099966 ], [ 131.303105711809422, 31.855094271915551 ], [ 131.303084477152083, 31.855107780979921 ], [ 131.303042134998748, 31.855119406604835 ], [ 131.303039565255546, 31.855120197938806 ], [ 131.302907435467944, 31.85516088626926 ], [ 131.302883284620123, 31.855173706665493 ], [ 131.302791397636753, 31.855222484486816 ], [ 131.302719712139265, 31.855274966809077 ], [ 131.302736915439766, 31.855368726131971 ], [ 131.302829029322766, 31.855423524316485 ], [ 131.302897591935306, 31.85538548920016 ], [ 131.302972871731782, 31.855430406186169 ], [ 131.303058931673661, 31.855572705408125 ], [ 131.303153354141813, 31.855687024943077 ], [ 131.303305902553205, 31.855803099851489 ], [ 131.303345289621546, 31.85589112404794 ], [ 131.303417448721319, 31.855908424767861 ], [ 131.303609784994393, 31.855954538691783 ], [ 131.303582508266004, 31.856015032810479 ], [ 131.303422022572761, 31.856056904337468 ], [ 131.303382094560362, 31.856126447848105 ], [ 131.303252575198769, 31.855943656817477 ], [ 131.303116770616327, 31.855809864204755 ], [ 131.302928553471958, 31.855659792869435 ], [ 131.302871922924368, 31.855614639435839 ], [ 131.302812372440712, 31.855500227652588 ], [ 131.302652690638382, 31.85546453069168 ], [ 131.302616562037713, 31.855403285710914 ], [ 131.302463294361132, 31.855390121391462 ], [ 131.302442348638692, 31.855349482096244 ], [ 131.302436224561063, 31.855350766138457 ], [ 131.302197947397417, 31.855356469919236 ], [ 131.302180680756493, 31.855383544057378 ], [ 131.302155893567289, 31.855422410403019 ], [ 131.302007576037198, 31.855469031446436 ], [ 131.301969541950626, 31.855471466756942 ], [ 131.301927346835612, 31.855494115068566 ], [ 131.301830186063739, 31.855515089962616 ], [ 131.301891713693976, 31.855620469241501 ], [ 131.30188345684536, 31.855680917857168 ], [ 131.301930119921963, 31.855732216856314 ], [ 131.301858571641901, 31.855827088870829 ], [ 131.301895431092419, 31.855885716745121 ], [ 131.301841846908644, 31.855980546108182 ], [ 131.301831803769346, 31.856112251077572 ], [ 131.301876603074049, 31.856240127995495 ], [ 131.301859895308667, 31.856301498587005 ], [ 131.30187581669685, 31.856323107012834 ], [ 131.301987281166163, 31.856446406208576 ], [ 131.302010754885174, 31.856450769907443 ], [ 131.302095976819686, 31.856433439953651 ], [ 131.302111615963071, 31.856368464169087 ], [ 131.302188580387167, 31.856314165800917 ], [ 131.30223085818551, 31.856316771122941 ], [ 131.302299774796296, 31.856386957534003 ], [ 131.302391915933157, 31.856449873288302 ], [ 131.302325627397465, 31.856505048327918 ], [ 131.302348957788922, 31.856530246784011 ], [ 131.302481219412215, 31.856582243986288 ], [ 131.302553297464954, 31.856649626767997 ], [ 131.302757272540049, 31.856657267742143 ], [ 131.302982626474261, 31.856707238940274 ], [ 131.303241229270924, 31.85690685009115 ], [ 131.303218090402027, 31.856940276496822 ], [ 131.302906701232558, 31.856756123757496 ], [ 131.302662405228915, 31.856698071153698 ], [ 131.302542044185742, 31.856730826828915 ], [ 131.302707199403187, 31.857118270823481 ], [ 131.3027815038065, 31.857220011526568 ], [ 131.302697382763768, 31.85731572565475 ], [ 131.302623375914237, 31.857305078660143 ], [ 131.302635488831612, 31.857163537744917 ], [ 131.302472435512385, 31.856772480958682 ], [ 131.302353629124156, 31.856666426428518 ], [ 131.302264766847031, 31.856636874100332 ], [ 131.302059770436841, 31.856640066886754 ], [ 131.301891374783082, 31.856525101405111 ], [ 131.301883833701908, 31.856480924953559 ], [ 131.301775956558998, 31.856453221263216 ], [ 131.301745985333298, 31.85666344101698 ], [ 131.301704872783603, 31.856694204014023 ], [ 131.301688349790908, 31.856779926129359 ], [ 131.301660202772638, 31.856898145128586 ], [ 131.301614011959174, 31.856992054922667 ], [ 131.301672481639827, 31.857066776066791 ], [ 131.301614656114623, 31.85716071345437 ], [ 131.301528852254393, 31.857096880195357 ], [ 131.301411950964678, 31.857218917219274 ], [ 131.301341355051676, 31.857282210260841 ], [ 131.301272029994635, 31.857378880512556 ], [ 131.301216625233479, 31.857567514149888 ], [ 131.301271008779338, 31.857685537567093 ], [ 131.301356722097808, 31.857721420540177 ], [ 131.301481367576258, 31.857705792411629 ], [ 131.301635962907881, 31.857801029953997 ], [ 131.301517819216087, 31.857866248714739 ], [ 131.3014300215915, 31.857839399064336 ], [ 131.301402910584784, 31.857839912642376 ], [ 131.301389752294568, 31.857837062959291 ], [ 131.301319936468047, 31.857838385483301 ], [ 131.30130839949021, 31.857809923712775 ], [ 131.301198460231063, 31.857798450066124 ], [ 131.301109585501706, 31.857765289266826 ], [ 131.301058139301034, 31.857868230545407 ], [ 131.300985467288029, 31.857943262348865 ], [ 131.30093623237687, 31.858047100268511 ], [ 131.300889858656433, 31.858085090849873 ], [ 131.300906851520949, 31.858111206482445 ], [ 131.301030845271896, 31.858220046030024 ], [ 131.300953024200652, 31.858304109252018 ], [ 131.300947014798368, 31.858300073208156 ], [ 131.300946024555287, 31.858301142878801 ], [ 131.300793904893396, 31.858198975826848 ], [ 131.300668724094294, 31.858293958558423 ], [ 131.300651090129691, 31.858395917803918 ], [ 131.300622690161475, 31.858435666129854 ], [ 131.300597504375702, 31.858494354320538 ], [ 131.300567941699711, 31.858502532495994 ], [ 131.300530683379236, 31.858418741488489 ], [ 131.300563102028377, 31.858310433844057 ], [ 131.300467043331651, 31.858343130124485 ], [ 131.300442497919477, 31.858301699544633 ], [ 131.300554352191426, 31.858251829375575 ], [ 131.300672584899274, 31.858213678077977 ], [ 131.30073252959221, 31.858124245744001 ], [ 131.300742792559817, 31.858030421241128 ], [ 131.300793387431725, 31.857990616879292 ], [ 131.30079840000468, 31.857959165536364 ], [ 131.300798640666102, 31.857957655507914 ], [ 131.300817114235741, 31.857841743078794 ], [ 131.300906421740166, 31.857682792953003 ], [ 131.300906105159044, 31.85761785507351 ], [ 131.300807687844696, 31.85757479545779 ], [ 131.300807333638346, 31.857574736571291 ], [ 131.300800688259187, 31.85757182907588 ], [ 131.300631720349116, 31.857543738175966 ], [ 131.300646823521021, 31.857501208910509 ], [ 131.300751455250321, 31.857505480183267 ], [ 131.300842454794918, 31.857542243911379 ], [ 131.300999935193801, 31.857549988644795 ], [ 131.301112650374876, 31.857436981167055 ], [ 131.301166762094425, 31.857211371689147 ], [ 131.30123959760806, 31.857186847214287 ], [ 131.301362751474471, 31.857037737768657 ], [ 131.301390927061135, 31.856957408657887 ], [ 131.301509066754704, 31.856891288093777 ], [ 131.30158249925546, 31.856714430155741 ], [ 131.301626395924472, 31.856608707221746 ], [ 131.301670383807988, 31.856484137175283 ], [ 131.30170330335568, 31.856241441119078 ], [ 131.301667101660342, 31.856157647908812 ], [ 131.301688142137266, 31.856128736384981 ], [ 131.30164238599798, 31.856063906265707 ], [ 131.30157996016635, 31.856039702307676 ], [ 131.301694930154383, 31.855970883305176 ], [ 131.301578153219907, 31.855840945845198 ], [ 131.301575294685847, 31.855836780106955 ], [ 131.301690312544565, 31.855753530183691 ], [ 131.301570001886461, 31.855671370193388 ], [ 131.301522387830886, 31.855626396365086 ], [ 131.301595313974815, 31.855485202789687 ], [ 131.301522068458127, 31.855522812953168 ], [ 131.301477222570753, 31.855542073895769 ], [ 131.301433086985725, 31.855617940257552 ], [ 131.301404056553196, 31.855618675775968 ], [ 131.301197456806619, 31.85562391001924 ], [ 131.301122331206756, 31.855631131466534 ], [ 131.301012288185859, 31.855642233760282 ], [ 131.300683447827822, 31.855700509337009 ], [ 131.300492226639875, 31.855746829335406 ], [ 131.300397002373643, 31.855772283251564 ], [ 131.300248430689038, 31.855826256355098 ], [ 131.300115706313278, 31.855898300901291 ], [ 131.299975580061357, 31.855957723560905 ], [ 131.299990462488068, 31.855988416706044 ], [ 131.299839527566405, 31.856043207578466 ], [ 131.299680257258558, 31.856134677436515 ], [ 131.29961739997961, 31.856271016295914 ], [ 131.299288864726265, 31.856307857800896 ], [ 131.29916870682365, 31.856403744605142 ], [ 131.299075267571112, 31.856559997488006 ], [ 131.299115381365766, 31.856701404887918 ], [ 131.299067108369798, 31.85705492483612 ], [ 131.298948203555739, 31.857114094578741 ], [ 131.298925501901493, 31.856948177568526 ], [ 131.298966967030736, 31.856731617968208 ], [ 131.298946194562461, 31.856545861098837 ], [ 131.299010101926342, 31.856374354023085 ], [ 131.299061503015594, 31.856256982838815 ], [ 131.298903052582858, 31.856275384799435 ], [ 131.298755204256821, 31.85630459378724 ], [ 131.298665475704524, 31.85633366614017 ], [ 131.298364452474516, 31.856382174705558 ], [ 131.298106712995519, 31.856414337436647 ], [ 131.298010637970918, 31.856441620351656 ], [ 131.297965433686386, 31.856514782238733 ], [ 131.297783441295934, 31.856555857024404 ], [ 131.297511788664934, 31.856617031224058 ], [ 131.297507666010461, 31.856649510191318 ], [ 131.297258478728764, 31.856715933395719 ], [ 131.297143775419784, 31.856713292332341 ], [ 131.297085212705838, 31.856728063259556 ], [ 131.296955492559363, 31.857039530540661 ], [ 131.296960560191081, 31.857094715364163 ], [ 131.296968741569373, 31.857183807705038 ], [ 131.296888871619558, 31.857292216220195 ], [ 131.296812416331932, 31.857473681706349 ], [ 131.296824899051387, 31.85767568389965 ], [ 131.296780801978343, 31.857765077432877 ], [ 131.296688100241795, 31.857826624648364 ], [ 131.296597292604815, 31.857849384581716 ], [ 131.296547360356584, 31.858157959536356 ], [ 131.296452282884957, 31.858274423466483 ], [ 131.296365713526399, 31.858338068286898 ], [ 131.296341184090068, 31.858451288947723 ], [ 131.296306351678425, 31.858582712959009 ], [ 131.296286579265427, 31.858650837240273 ], [ 131.296300275102055, 31.858725281675056 ], [ 131.296272563158027, 31.858802902577487 ], [ 131.296265821175325, 31.85888047462679 ], [ 131.296248718169863, 31.858996848980425 ], [ 131.29621748248212, 31.859065529267131 ], [ 131.296168724014564, 31.859119335670734 ], [ 131.296081663353192, 31.859217975270962 ], [ 131.295984126983711, 31.859319622126744 ], [ 131.295883181120814, 31.859448123263576 ], [ 131.295813747375462, 31.859594448644707 ], [ 131.295702363485248, 31.859737888591777 ], [ 131.29562236797301, 31.859860374932509 ], [ 131.295556342905599, 31.85997984582038 ], [ 131.29551829707907, 31.860105217534425 ], [ 131.295445367218633, 31.860251550826867 ], [ 131.295414406370469, 31.860406735403558 ], [ 131.295405212328603, 31.860498788781886 ], [ 131.295398754666564, 31.860553287377122 ], [ 131.295421516886847, 31.86064987954736 ], [ 131.29548784866904, 31.860782036651234 ], [ 131.295559401814501, 31.860862755924817 ] ] ] ] } },
{ "type": "Feature", "properties": { "林班": "9", "基本計画区": "常緑広葉樹林施業研究区", "林班ID": "09", "area": 141782 }, "geometry": { "type": "MultiPolygon", "coordinates": [ [ [ [ 131.293298116172792, 31.854416044731192 ], [ 131.293306966986847, 31.854417717974751 ], [ 131.293357536180508, 31.854480208348516 ], [ 131.293369252231315, 31.854543245731882 ], [ 131.293376274197726, 31.854642511829464 ], [ 131.293368410401541, 31.854689468573032 ], [ 131.293361872180412, 31.854728509932119 ], [ 131.293336938405531, 31.854819182796483 ], [ 131.29331240624353, 31.854932402880195 ], [ 131.293288427904514, 31.855077189163854 ], [ 131.293270688893443, 31.855276147037223 ], [ 131.29327210182916, 31.855357387542124 ], [ 131.293289503171223, 31.855442959964691 ], [ 131.293312132289486, 31.855523940131544 ], [ 131.293302632493493, 31.855587308267715 ], [ 131.293266480649748, 31.855642000431796 ], [ 131.293252383168209, 31.855746036254146 ], [ 131.293248665116153, 31.855836378337226 ], [ 131.293278219408421, 31.856012115325658 ], [ 131.29339077096941, 31.856385450333441 ], [ 131.293408553604223, 31.856493569991152 ], [ 131.293380379536956, 31.856701712082479 ], [ 131.293382422999315, 31.856819098639299 ], [ 131.293404727180928, 31.856882041076766 ], [ 131.293448323822133, 31.856949162108286 ], [ 131.29351349772179, 31.857038640630787 ], [ 131.293593859560445, 31.857144579167425 ], [ 131.293701189090058, 31.857257784651672 ], [ 131.29382824699988, 31.857233812150056 ], [ 131.293858791339488, 31.857226174514956 ], [ 131.293928560637312, 31.857209546863793 ], [ 131.294080537794343, 31.857108151663731 ], [ 131.294175069982685, 31.857057199731642 ], [ 131.294280210512085, 31.857006152762452 ], [ 131.29437481869607, 31.856959710134628 ], [ 131.29449577434815, 31.856903905342399 ], [ 131.294584696988125, 31.856834998001766 ], [ 131.294684227688975, 31.856765925176518 ], [ 131.294752259480646, 31.856715386467588 ], [ 131.294846159928596, 31.856628288047656 ], [ 131.294992602195578, 31.856513446194366 ], [ 131.295217031779998, 31.856311753740446 ], [ 131.295389799642976, 31.856187549157276 ], [ 131.295694760031068, 31.856043518903117 ], [ 131.295846407417031, 31.855924083910988 ], [ 131.295924664227215, 31.855850761303845 ], [ 131.29600257433799, 31.855759400938243 ], [ 131.296091571134298, 31.855695002068796 ], [ 131.296206914661241, 31.855621240617896 ], [ 131.296311649814044, 31.855547574270989 ], [ 131.296579422695686, 31.855399471149685 ], [ 131.29672633991072, 31.855311754456768 ], [ 131.296826402145882, 31.855274316538967 ], [ 131.296958191121973, 31.855231872093128 ], [ 131.297217020423375, 31.855178772634034 ], [ 131.297386298636383, 31.855158435882828 ], [ 131.297518566459928, 31.855143118008378 ], [ 131.297818868718991, 31.855035241016296 ], [ 131.297986805852361, 31.854938172484655 ], [ 131.298094211632758, 31.854917180289576 ], [ 131.298135684680943, 31.854598745506646 ], [ 131.29808226932002, 31.854382408471622 ], [ 131.297980929557781, 31.854053433918857 ], [ 131.297832158224651, 31.854123230664463 ], [ 131.297761766427868, 31.854052774664144 ], [ 131.297598253271929, 31.854138840314814 ], [ 131.297744582132566, 31.854295432986348 ], [ 131.297702415483201, 31.854327099095595 ], [ 131.297592315701763, 31.854264221921678 ], [ 131.297541585347091, 31.854261634826045 ], [ 131.297501584169964, 31.854309530471294 ], [ 131.297476548636013, 31.854414212440478 ], [ 131.297403911128868, 31.854500065269853 ], [ 131.297343846861423, 31.854552517404215 ], [ 131.297264440626861, 31.854504891914129 ], [ 131.297020483627193, 31.854549656206419 ], [ 131.296939189623345, 31.854572394166787 ], [ 131.296851555636891, 31.854595237064704 ], [ 131.296804055903493, 31.854611582581246 ], [ 131.296790477620448, 31.854661220193901 ], [ 131.296795143559478, 31.854798302052195 ], [ 131.29672410154231, 31.854722706023274 ], [ 131.296679549481695, 31.854669596317311 ], [ 131.296502063232992, 31.854682628126941 ], [ 131.296440705019023, 31.854661124921932 ], [ 131.296359618468898, 31.854748800699209 ], [ 131.296332296960344, 31.854796666431863 ], [ 131.296254180450944, 31.854858179368406 ], [ 131.296153065081768, 31.854961234402971 ], [ 131.29605168148845, 31.854980410867654 ], [ 131.296028266749403, 31.854928153659987 ], [ 131.295979505437799, 31.854880465061736 ], [ 131.296105175935622, 31.854855820561081 ], [ 131.296212618987909, 31.854745535419301 ], [ 131.2962798733287, 31.854628128398566 ], [ 131.296157928421053, 31.85449582927189 ], [ 131.296325119069934, 31.854537625277743 ], [ 131.296336655643159, 31.854540509297181 ], [ 131.29648778349997, 31.8545130993279 ], [ 131.296543537708487, 31.85443450179017 ], [ 131.296644597239037, 31.854314318995527 ], [ 131.296736370473553, 31.854260891291204 ], [ 131.296613543053979, 31.854216072460297 ], [ 131.296438800758239, 31.854095621743976 ], [ 131.296293819503234, 31.854029217025001 ], [ 131.296012645412844, 31.85400101006179 ], [ 131.295821947277005, 31.853847215335833 ], [ 131.295496869079756, 31.853670291516739 ], [ 131.295280891676384, 31.853538291112503 ], [ 131.29544104222262, 31.853468660591599 ], [ 131.295541679162739, 31.853424004335949 ], [ 131.295614265571146, 31.853367873461682 ], [ 131.295719629606054, 31.853272024365857 ], [ 131.295909910715238, 31.853262562574987 ], [ 131.29607678587405, 31.853236548270942 ], [ 131.296143864662298, 31.853171190859097 ], [ 131.296257991785268, 31.853062435649498 ], [ 131.29626067840951, 31.852944268037426 ], [ 131.296356459014277, 31.85282589257681 ], [ 131.296456473000831, 31.85274269131941 ], [ 131.296457345019093, 31.852684966006599 ], [ 131.296454778735864, 31.852573124111064 ], [ 131.296271891972594, 31.852548296290866 ], [ 131.29615889330168, 31.852569303744538 ], [ 131.295781491600593, 31.852551232431008 ], [ 131.295612204598797, 31.852516450846746 ], [ 131.295333755028253, 31.85238009505839 ], [ 131.294974303245112, 31.852134675321452 ], [ 131.294855844095309, 31.852053795496651 ], [ 131.294356266685526, 31.851619234711546 ], [ 131.294270525513667, 31.851544651560999 ], [ 131.294129608091225, 31.851458473716324 ], [ 131.293988372395205, 31.851656661628947 ], [ 131.293866310833863, 31.851703504360742 ], [ 131.293782288712976, 31.851831772008772 ], [ 131.293629628179133, 31.851974628888296 ], [ 131.293602421226723, 31.852062178557244 ], [ 131.293656677488116, 31.852144128616953 ], [ 131.293678711226562, 31.85236144201491 ], [ 131.293748724813526, 31.852591536836425 ], [ 131.29374921842691, 31.852615949749232 ], [ 131.29372752324457, 31.852695953014088 ], [ 131.293730143346721, 31.852784225167262 ], [ 131.293731190630126, 31.852819508455202 ], [ 131.293682763187491, 31.852876441636838 ], [ 131.293641015831213, 31.853007317337113 ], [ 131.293728142390876, 31.85312797429555 ], [ 131.293683459312007, 31.853332814738607 ], [ 131.293693055289197, 31.853359850370143 ], [ 131.293603450844188, 31.853427701703417 ], [ 131.29362720964491, 31.85358909165754 ], [ 131.293601527589999, 31.853824553684721 ], [ 131.293516568993425, 31.853924773380037 ], [ 131.293368282764902, 31.85411542190619 ], [ 131.29334415939843, 31.854175906596602 ], [ 131.293312385383501, 31.854346818562643 ], [ 131.293298116172792, 31.854416044731192 ] ] ] ] } },
{ "type": "Feature", "properties": { "林班": "3", "基本計画区": "針葉樹林施業研究区", "林班ID": "03", "area": 216300 }, "geometry": { "type": "MultiPolygon", "coordinates": [ [ [ [ 131.277873403263925, 31.85758482045339 ], [ 131.27787612694857, 31.857586340763064 ], [ 131.277966374942878, 31.857363699530882 ], [ 131.278043398996857, 31.857173680781905 ], [ 131.278230030795669, 31.856824634043864 ], [ 131.278229185917269, 31.856823314454555 ], [ 131.278101192119863, 31.856700893440227 ], [ 131.277792781942537, 31.856387625772008 ], [ 131.277662969038346, 31.856265496402667 ], [ 131.277620019028205, 31.856220592690658 ], [ 131.277523996149398, 31.856120201729318 ], [ 131.277411105405776, 31.856155940658361 ], [ 131.277336466667833, 31.856179569705034 ], [ 131.27719453975152, 31.856149544795773 ], [ 131.277083652670285, 31.856126086298634 ], [ 131.276828340937811, 31.856099512291216 ], [ 131.276426145082837, 31.856055669516547 ], [ 131.276205938163969, 31.856090381691828 ], [ 131.275821907254397, 31.855665135047158 ], [ 131.275773482865787, 31.855611513195896 ], [ 131.275801472287696, 31.855482621313847 ], [ 131.275875492659623, 31.855325399288898 ], [ 131.275944036334835, 31.855170840763972 ], [ 131.276033957734199, 31.854736232672686 ], [ 131.275782973756606, 31.854774125893943 ], [ 131.275770225800585, 31.854968076788783 ], [ 131.275739148312596, 31.855135171962015 ], [ 131.275718777954012, 31.855384833333737 ], [ 131.27573713324216, 31.855429292840707 ], [ 131.275767569871732, 31.855503015229274 ], [ 131.275760099876408, 31.855602784504892 ], [ 131.275663970631143, 31.855748771275149 ], [ 131.275686150881, 31.855755722151464 ], [ 131.275674425037465, 31.855874215618694 ], [ 131.275646321888189, 31.855972081439958 ], [ 131.275594757416911, 31.856062223485115 ], [ 131.275629498292346, 31.856114017997697 ], [ 131.275631250241815, 31.856184735221305 ], [ 131.275609519909807, 31.856218522417851 ], [ 131.275532358657358, 31.856222531803127 ], [ 131.275423420870794, 31.856254786139882 ], [ 131.275341881892132, 31.856325412160778 ], [ 131.275420621521505, 31.856365323292536 ], [ 131.275449367834881, 31.856383662664516 ], [ 131.275531069573248, 31.856435786092476 ], [ 131.27553296237167, 31.856441233814262 ], [ 131.275534053987229, 31.856441971435324 ], [ 131.275534071330952, 31.856444425543955 ], [ 131.275548411085992, 31.856485697211667 ], [ 131.275538109462559, 31.856528858671435 ], [ 131.275483824854575, 31.85658569841442 ], [ 131.275374514031739, 31.856652587492306 ], [ 131.27536024749719, 31.856698616627991 ], [ 131.275350087454058, 31.856757453246214 ], [ 131.275353840551645, 31.856811353263332 ], [ 131.27534051739292, 31.856868348309632 ], [ 131.275533021901651, 31.856938508381802 ], [ 131.275670697545451, 31.856894482917056 ], [ 131.275878460327618, 31.856904152052095 ], [ 131.275895716218116, 31.856989094125456 ], [ 131.275725410211066, 31.857002766852133 ], [ 131.275503044814428, 31.857139394499981 ], [ 131.27536399121712, 31.857365388638996 ], [ 131.275315876335071, 31.857638395709952 ], [ 131.275381722329115, 31.857918321161325 ], [ 131.275379063744168, 31.858078943374132 ], [ 131.27559789777095, 31.858249947771537 ], [ 131.275742207315375, 31.858392914506641 ], [ 131.275791816179463, 31.858432747579897 ], [ 131.275718444534789, 31.858577338626514 ], [ 131.275806731052143, 31.858661281363673 ], [ 131.27580665759973, 31.858811331627184 ], [ 131.275872529438061, 31.858925651254239 ], [ 131.275800243299301, 31.859127344363966 ], [ 131.275771048056498, 31.859146167733446 ], [ 131.275850922605144, 31.859307804979437 ], [ 131.275966301410193, 31.859613918398363 ], [ 131.275976872847082, 31.859826774633234 ], [ 131.276041786896513, 31.86006956893662 ], [ 131.276066695627634, 31.860173307081389 ], [ 131.276054543225086, 31.860329528987894 ], [ 131.276117869169013, 31.860521758915311 ], [ 131.276200643719136, 31.860642968670266 ], [ 131.276262768033433, 31.860732850165068 ], [ 131.276266072831447, 31.860856911894267 ], [ 131.276264757865988, 31.860978044249787 ], [ 131.276204539064281, 31.861069161319268 ], [ 131.276034776305806, 31.86117188944937 ], [ 131.276101751857766, 31.861280552389609 ], [ 131.276332952477077, 31.861261515674986 ], [ 131.276326192372636, 31.861264101279261 ], [ 131.276417934963717, 31.86125664330455 ], [ 131.276536662722208, 31.861244955479119 ], [ 131.276571927965534, 31.861224991426948 ], [ 131.276754736135757, 31.86118890779662 ], [ 131.277040694747001, 31.861111846992635 ], [ 131.277193270080119, 31.861057615455909 ], [ 131.277412259132092, 31.860991071909233 ], [ 131.277653873405228, 31.860931495575585 ], [ 131.277716218152847, 31.860964865993182 ], [ 131.277790117832609, 31.861025373799038 ], [ 131.277824467008372, 31.860942435131825 ], [ 131.277855521237569, 31.860843255907191 ], [ 131.277867101346828, 31.86081529477222 ], [ 131.27795870769711, 31.86079749151785 ], [ 131.277973552613702, 31.860794606472723 ], [ 131.278122442894386, 31.860791052065998 ], [ 131.278380674425705, 31.860606737756058 ], [ 131.278593758579746, 31.860403821914144 ], [ 131.278616348838682, 31.860382309582494 ], [ 131.278781598224782, 31.860173999736329 ], [ 131.278919660011951, 31.860047710893085 ], [ 131.278924816320057, 31.859907062287427 ], [ 131.278922619612842, 31.859905984694134 ], [ 131.279005362022929, 31.859659723350887 ], [ 131.278956050762929, 31.859585260284444 ], [ 131.278961306171198, 31.859577435685551 ], [ 131.279002737885833, 31.859520830388917 ], [ 131.279041557312581, 31.859467794006147 ], [ 131.279133741103436, 31.859456801888051 ], [ 131.279140360612587, 31.859456143459322 ], [ 131.279132868147599, 31.859441931221788 ], [ 131.279075256641988, 31.859368202889719 ], [ 131.278942782644805, 31.859184080207758 ], [ 131.278918687091135, 31.859167832252599 ], [ 131.278906993540318, 31.859152867331616 ], [ 131.278717119028244, 31.858991629326791 ], [ 131.278717445354289, 31.858990954170199 ], [ 131.278699518195822, 31.85897384928402 ], [ 131.278671023769306, 31.858947849122931 ], [ 131.278669898122303, 31.858946775105242 ], [ 131.278572028571148, 31.858691842393473 ], [ 131.278474786084985, 31.858576031578998 ], [ 131.278392334792557, 31.858480102839767 ], [ 131.278039659091121, 31.858482362493223 ], [ 131.278032874102593, 31.858461422465354 ], [ 131.278005769411465, 31.858395678802623 ], [ 131.277917953986986, 31.858192853415076 ], [ 131.277854417981473, 31.858049550257693 ], [ 131.277681000549194, 31.857803660565292 ], [ 131.277875123741268, 31.85758700484822 ], [ 131.277872990082642, 31.857585803148307 ], [ 131.277873403263925, 31.85758482045339 ] ] ], [ [ [ 131.274323905201271, 31.855850821827474 ], [ 131.274367723131235, 31.855707173333062 ], [ 131.274364511959504, 31.855712447873579 ], [ 131.27420423908319, 31.855975704737915 ], [ 131.274151724765431, 31.856063160509429 ], [ 131.27416910256818, 31.856061486239369 ], [ 131.274308477769011, 31.856048058002287 ], [ 131.274311237655638, 31.85604803783044 ], [ 131.27431050559025, 31.855991786775235 ], [ 131.274323905201271, 31.855850821827474 ] ] ], [ [ [ 131.275671549591067, 31.8609880869849 ], [ 131.275687474524659, 31.860950433180911 ], [ 131.275697880050501, 31.860917642296286 ], [ 131.275727272274338, 31.860726584146306 ], [ 131.275737223342276, 31.860633733454421 ], [ 131.275660185359868, 31.860470868334282 ], [ 131.275691963698449, 31.860275875225955 ], [ 131.27552826633567, 31.86009368799969 ], [ 131.275497908218313, 31.860059312506934 ], [ 131.275463292115006, 31.860020115516516 ], [ 131.275292173365727, 31.859993338056903 ], [ 131.27500687544395, 31.860040324417103 ], [ 131.274984522265385, 31.859922742441846 ], [ 131.275097199598633, 31.859920532569376 ], [ 131.275268078779192, 31.859859634586126 ], [ 131.275312289393156, 31.859843791262801 ], [ 131.27536582501088, 31.859797388520512 ], [ 131.275428371143022, 31.859643104911466 ], [ 131.275516890008049, 31.859551953943839 ], [ 131.275574105457139, 31.859392721213169 ], [ 131.275574010240547, 31.859254131462048 ], [ 131.275475749204219, 31.859164332108875 ], [ 131.275580228965026, 31.859042634360602 ], [ 131.275639452313328, 31.859046943498708 ], [ 131.275531311398083, 31.858786091310208 ], [ 131.275353682509603, 31.858447210018127 ], [ 131.275122743361521, 31.858164949737624 ], [ 131.275002796238226, 31.857722858522326 ], [ 131.275033439064316, 31.857471185879906 ], [ 131.275064102745205, 31.857377088311249 ], [ 131.275164644070543, 31.857095833458995 ], [ 131.275216298136598, 31.856999946134366 ], [ 131.275237166232841, 31.856789210967982 ], [ 131.275201221980069, 31.856677386733999 ], [ 131.275188307122846, 31.856609274134449 ], [ 131.275098694552156, 31.856644435678682 ], [ 131.275057503149498, 31.856553760517471 ], [ 131.275056587361235, 31.856551682436418 ], [ 131.275042594953248, 31.85638510206979 ], [ 131.27501924619088, 31.856378877545158 ], [ 131.274915327520375, 31.856357331355689 ], [ 131.27475363066975, 31.856308066991041 ], [ 131.274763038226666, 31.856257437319645 ], [ 131.274837638379182, 31.856273122290119 ], [ 131.274974992035567, 31.856302001298644 ], [ 131.275038132749415, 31.856267852847679 ], [ 131.275059891198936, 31.856252376253536 ], [ 131.275065332545807, 31.856253142339078 ], [ 131.275141467502749, 31.856263329947083 ], [ 131.275168140764919, 31.856266899081273 ], [ 131.275252609394357, 31.856032796734283 ], [ 131.275253630423009, 31.856029966975516 ], [ 131.275260309236842, 31.856017094598073 ], [ 131.275316784138624, 31.855929665058316 ], [ 131.275361157683164, 31.855855493772207 ], [ 131.275422660374744, 31.855783839342223 ], [ 131.275447625942292, 31.855721772907749 ], [ 131.275466370759233, 31.855670755377972 ], [ 131.275504511547382, 31.855564243896868 ], [ 131.275518438470471, 31.855453202815969 ], [ 131.275523097648147, 31.855386872558487 ], [ 131.275548188372881, 31.855261795097601 ], [ 131.275531280237232, 31.855186559987136 ], [ 131.275552682104887, 31.855041785347314 ], [ 131.275569215339516, 31.855001689906068 ], [ 131.275600437435628, 31.854907199790855 ], [ 131.275598782218424, 31.854876502367777 ], [ 131.27557963327061, 31.854833378962518 ], [ 131.275567165420483, 31.854792422218605 ], [ 131.275565370936135, 31.854791849616181 ], [ 131.275574612558529, 31.854756169173193 ], [ 131.275600625128021, 31.854698055790159 ], [ 131.275555770114067, 31.85469635952348 ], [ 131.275512747309364, 31.854698280186643 ], [ 131.275408450313819, 31.854694965815664 ], [ 131.275357093941523, 31.854777945575687 ], [ 131.275291534477617, 31.854946781959388 ], [ 131.275268114561413, 31.85497199869183 ], [ 131.274881915889637, 31.855181267871632 ], [ 131.27479445161336, 31.855253494837317 ], [ 131.274744406321304, 31.855311873772731 ], [ 131.274621681315665, 31.855494483358243 ], [ 131.27451206366095, 31.855660796151305 ], [ 131.274430038534462, 31.855828434573652 ], [ 131.274415776593031, 31.855952205606258 ], [ 131.274429571964134, 31.856050793602108 ], [ 131.274429736527907, 31.85605157411144 ], [ 131.274583500256171, 31.856062164852318 ], [ 131.274460159464326, 31.856383507891355 ], [ 131.274324229625535, 31.856647884639539 ], [ 131.274205614540932, 31.856723890691402 ], [ 131.274169445071237, 31.85678942677087 ], [ 131.274162102524599, 31.856799225914809 ], [ 131.274073158259142, 31.856918803544062 ], [ 131.274052900777605, 31.856959401424511 ], [ 131.274030866886136, 31.857003559352076 ], [ 131.274026128265632, 31.857016134060938 ], [ 131.274019733258484, 31.857049415048603 ], [ 131.273997079435077, 31.857093219832457 ], [ 131.273977129000542, 31.857165698756951 ], [ 131.274060470213186, 31.857210204751347 ], [ 131.274122327832401, 31.857221600277065 ], [ 131.274131642589367, 31.857224416171526 ], [ 131.27413885143153, 31.857225854985703 ], [ 131.274247052045524, 31.857257079741107 ], [ 131.274296788243532, 31.857311038654043 ], [ 131.274307665652117, 31.857403525770543 ], [ 131.274338163463682, 31.857478002768488 ], [ 131.27439299319434, 31.857555574884696 ], [ 131.27451737952137, 31.857704544351421 ], [ 131.274519643281224, 31.857712936257656 ], [ 131.274520345792808, 31.857713756335666 ], [ 131.274541673667528, 31.857794604262612 ], [ 131.274544999224901, 31.857864865437076 ], [ 131.274547811533239, 31.857941751412632 ], [ 131.274548353290925, 31.857942598175253 ], [ 131.274612002563458, 31.85804439456891 ], [ 131.27465455979339, 31.858132945349713 ], [ 131.274656098083966, 31.858136278657852 ], [ 131.274670335167031, 31.85815888390372 ], [ 131.274705693868071, 31.858217022153813 ], [ 131.274725201284269, 31.858247932210698 ], [ 131.2747573507163, 31.858295334698933 ], [ 131.274843701050571, 31.858389689163975 ], [ 131.274902486313465, 31.858466258401457 ], [ 131.274914395892324, 31.858542896385472 ], [ 131.274915813434603, 31.858624137244497 ], [ 131.27489070994767, 31.858705787538458 ], [ 131.274839180917951, 31.858792216048219 ], [ 131.274821590450784, 31.858817017378247 ], [ 131.27478742613917, 31.858865186626264 ], [ 131.274656585977283, 31.859008004872742 ], [ 131.274600506757508, 31.859093467603678 ], [ 131.274554281460183, 31.859179814048442 ], [ 131.274549188930678, 31.859257764895325 ], [ 131.274542699127863, 31.859332233052463 ], [ 131.274526196686935, 31.859416897326224 ], [ 131.274487787610951, 31.859484123489295 ], [ 131.274483664063951, 31.85948695024431 ], [ 131.274404660344118, 31.859543623298585 ], [ 131.274304980823274, 31.859694658097503 ], [ 131.274270600885586, 31.859723170308317 ], [ 131.274120011634466, 31.859848057724694 ], [ 131.274076555544468, 31.859889354372196 ], [ 131.274057737779174, 31.859924602904726 ], [ 131.274025246915585, 31.859987949568151 ], [ 131.273992939567734, 31.860053263980856 ], [ 131.273940391685528, 31.860115833261219 ], [ 131.27387962790948, 31.860182884198633 ], [ 131.273826022357383, 31.860220666674458 ], [ 131.273769423225474, 31.860250126238608 ], [ 131.273699866944156, 31.860283634287455 ], [ 131.273559439772384, 31.860337321260882 ], [ 131.273491431803251, 31.860367446103609 ], [ 131.273439900964519, 31.860390272191474 ], [ 131.273415269867485, 31.860469046376132 ], [ 131.273494899795651, 31.860557155139777 ], [ 131.273563121517526, 31.860636633384399 ], [ 131.273555932116324, 31.860754006867531 ], [ 131.273543373680781, 31.860854608506973 ], [ 131.273544675820119, 31.86087771110742 ], [ 131.273547925783333, 31.861097505190312 ], [ 131.273471011404581, 31.861183644891231 ], [ 131.273351884824649, 31.861248870048424 ], [ 131.273331368361198, 31.861340123199909 ], [ 131.273313341467372, 31.861427829743789 ], [ 131.273603074226372, 31.861516989724386 ], [ 131.27398978182174, 31.861754797741234 ], [ 131.274264322633798, 31.861756965871468 ], [ 131.274549139968741, 31.861778466551009 ], [ 131.274751419651238, 31.861681713062403 ], [ 131.275090312486213, 31.861681665940541 ], [ 131.275260100864926, 31.861785747501028 ], [ 131.275498738840383, 31.861705610638957 ], [ 131.275485578391766, 31.861601051696439 ], [ 131.275465460179277, 31.861503928569306 ], [ 131.275478319347599, 31.861314901794636 ], [ 131.275527280508044, 31.86123079620959 ], [ 131.275625020223799, 31.861147244621929 ], [ 131.275671549591067, 31.8609880869849 ] ] ] ] } },
{ "type": "Feature", "properties": { "林班": "8", "基本計画区": "針葉樹林施業", "林班ID": "08", "area": 252748 }, "geometry": { "type": "MultiPolygon", "coordinates": [ [ [ [ 131.287515487849276, 31.856298438785167 ], [ 131.287683722837869, 31.856367506680744 ], [ 131.287922702762728, 31.856418384722623 ], [ 131.288120953824063, 31.856578132596781 ], [ 131.288135878465482, 31.856600915966116 ], [ 131.288156056831554, 31.856625697486542 ], [ 131.288159069925399, 31.856636319108656 ], [ 131.288125558255729, 31.856715560933658 ], [ 131.288022127664732, 31.856757283792508 ], [ 131.287930438743388, 31.856836860878293 ], [ 131.28792097471819, 31.856848552930273 ], [ 131.287865419187511, 31.856917187305097 ], [ 131.28784632812102, 31.856940772748107 ], [ 131.287925742843697, 31.856992002775364 ], [ 131.288191241302627, 31.857074468847625 ], [ 131.288305522967846, 31.857123815774912 ], [ 131.288402101028254, 31.857226425391456 ], [ 131.28841719855842, 31.857323799153608 ], [ 131.28827716042926, 31.857487356201091 ], [ 131.288209660056594, 31.857495626509778 ], [ 131.288359085971507, 31.857709384347626 ], [ 131.288433536825067, 31.857789155846447 ], [ 131.288424558599928, 31.857926268931205 ], [ 131.288276662798864, 31.858006800280787 ], [ 131.288250531818818, 31.858035062807087 ], [ 131.288024932136352, 31.85817609705386 ], [ 131.287945911584217, 31.858252037745526 ], [ 131.287940841527472, 31.858324203285882 ], [ 131.287980033741093, 31.858353878100843 ], [ 131.288189407526659, 31.858397607233105 ], [ 131.288376245182633, 31.858473692307751 ], [ 131.288492100207179, 31.858511465567151 ], [ 131.288543283850515, 31.858624992097269 ], [ 131.288552074959711, 31.858733203236074 ], [ 131.288460845951391, 31.858849365349915 ], [ 131.288379649635118, 31.85902040667737 ], [ 131.288399179440091, 31.85918361093454 ], [ 131.288524691142641, 31.859414228239316 ], [ 131.288504806064594, 31.859515690575822 ], [ 131.288555018246967, 31.859509360382589 ], [ 131.288668617496285, 31.85949503897697 ], [ 131.288769221805808, 31.859472369047751 ], [ 131.289000786318752, 31.859374463318019 ], [ 131.289079486966898, 31.859328272185461 ], [ 131.28933226776482, 31.859230035721424 ], [ 131.289395076154221, 31.859184091885506 ], [ 131.289628184398339, 31.859207410970104 ], [ 131.289682232189762, 31.859234453381323 ], [ 131.289844870843126, 31.859323769970018 ], [ 131.289972639871166, 31.859358853425142 ], [ 131.290044892867627, 31.859405530853962 ], [ 131.290101468908063, 31.859456206693189 ], [ 131.290343116901369, 31.859489426321314 ], [ 131.290577319202782, 31.85948903746521 ], [ 131.290878881939364, 31.859453398506474 ], [ 131.291110845297538, 31.85937803616828 ], [ 131.291269219667754, 31.859339835047276 ], [ 131.291459800041764, 31.859323755593476 ], [ 131.291602510374815, 31.859299259680817 ], [ 131.291724578061064, 31.859306730679322 ], [ 131.291958485284937, 31.859344243941578 ], [ 131.292059204301751, 31.85934288528637 ], [ 131.292228491304627, 31.859322555432922 ], [ 131.292345102327374, 31.859321019046234 ], [ 131.292546041782401, 31.859291244426828 ], [ 131.292754697432258, 31.859243793563692 ], [ 131.292754662340599, 31.859244416006078 ], [ 131.292767551549929, 31.859241377625665 ], [ 131.292938685477509, 31.859171712805708 ], [ 131.292938738184915, 31.859171607829921 ], [ 131.293017793606595, 31.859014155165507 ], [ 131.293017789946703, 31.859013797247602 ], [ 131.293016074785811, 31.858914448451561 ], [ 131.292982836639254, 31.858833633561549 ], [ 131.292917585831503, 31.858739645416634 ], [ 131.292841726743717, 31.85864582250721 ], [ 131.292750204445667, 31.858565775971602 ], [ 131.292664387901965, 31.858508193811922 ], [ 131.292536612089208, 31.858450417948529 ], [ 131.292488586913151, 31.858431869333423 ], [ 131.292462476044591, 31.858420829013685 ], [ 131.292464943618654, 31.858334738207752 ], [ 131.292433150366719, 31.858161482856886 ], [ 131.292494642441852, 31.858015286277368 ], [ 131.292678392914269, 31.857872250472898 ], [ 131.292702757882495, 31.857829157547101 ], [ 131.292734959747378, 31.857772203881822 ], [ 131.292821726667285, 31.857667244160357 ], [ 131.292859558375966, 31.85762112069942 ], [ 131.292927363066184, 31.857556984182413 ], [ 131.293037331198633, 31.857478798855681 ], [ 131.293226951657573, 31.857408533083365 ], [ 131.293485234953749, 31.857323804570495 ], [ 131.293701189090058, 31.857257784651672 ], [ 131.293593859560445, 31.857144579167425 ], [ 131.29351349772179, 31.857038640630787 ], [ 131.293448323822133, 31.856949162108286 ], [ 131.293404727180928, 31.856882041076766 ], [ 131.293382422999315, 31.856819098639299 ], [ 131.293380379536956, 31.856701712082479 ], [ 131.293408553604223, 31.856493569991152 ], [ 131.29339077096941, 31.856385450333441 ], [ 131.293278219408421, 31.856012115325658 ], [ 131.293248665116153, 31.855836378337226 ], [ 131.293252383168209, 31.855746036254146 ], [ 131.293266480649748, 31.855642000431796 ], [ 131.293302632493493, 31.855587308267715 ], [ 131.293312132289486, 31.855523940131544 ], [ 131.293289503171223, 31.855442959964691 ], [ 131.29327210182916, 31.855357387542124 ], [ 131.293270688893443, 31.855276147037223 ], [ 131.293288427904514, 31.855077189163854 ], [ 131.29331240624353, 31.854932402880195 ], [ 131.293336938405531, 31.854819182796483 ], [ 131.293361872180412, 31.854728509932119 ], [ 131.293368410401541, 31.854689468573032 ], [ 131.293376274197726, 31.854642511829464 ], [ 131.293369252231315, 31.854543245731882 ], [ 131.293357536180508, 31.854480208348516 ], [ 131.293306966986847, 31.854417717974751 ], [ 131.293298116172792, 31.854416044731192 ], [ 131.293284058916527, 31.854413387209966 ], [ 131.293184985123617, 31.85439465728275 ], [ 131.29310318570532, 31.854379193016666 ], [ 131.293090105830601, 31.854376720247306 ], [ 131.292815288919257, 31.854353903125723 ], [ 131.292594187102139, 31.854308413701716 ], [ 131.292387692234939, 31.854231380394307 ], [ 131.292095643422158, 31.854111126780332 ], [ 131.291808787162324, 31.854019779713308 ], [ 131.291761218661833, 31.854014477278255 ], [ 131.291710739064342, 31.854057885518937 ], [ 131.291706458983327, 31.854059163243786 ], [ 131.291705154863507, 31.854060284677061 ], [ 131.291574235578764, 31.854099367685667 ], [ 131.291457114214495, 31.854090034353856 ], [ 131.291456313539271, 31.854137838279179 ], [ 131.291300721995441, 31.854214817808959 ], [ 131.291187953598808, 31.854185443280382 ], [ 131.291184782722667, 31.854188471058599 ], [ 131.2911823693766, 31.854187842415715 ], [ 131.291117389871715, 31.854249889407352 ], [ 131.291101625092466, 31.854254178259268 ], [ 131.290906336282376, 31.854318661818315 ], [ 131.290863053941251, 31.854332289695858 ], [ 131.290810300889433, 31.854358566179688 ], [ 131.290759683855384, 31.854392053168592 ], [ 131.290779016802105, 31.854457849586769 ], [ 131.290750774453642, 31.854549910622239 ], [ 131.290718846240878, 31.854585385345505 ], [ 131.290657148422127, 31.854653936312619 ], [ 131.290511503902479, 31.854711992327125 ], [ 131.290471388613554, 31.854724710911597 ], [ 131.290391984669128, 31.854710461402941 ], [ 131.290315723697489, 31.854653805120197 ], [ 131.290136975318518, 31.85463527253361 ], [ 131.290091534123121, 31.854634474253992 ], [ 131.289944564455567, 31.854606849652225 ], [ 131.289887476935803, 31.854598862437761 ], [ 131.289833570827767, 31.854594475653219 ], [ 131.289741551486884, 31.854600998786704 ], [ 131.289663534194318, 31.854624617546012 ], [ 131.289579514693429, 31.854670487670507 ], [ 131.289459482140018, 31.854772825180834 ], [ 131.289408324258517, 31.854789439258649 ], [ 131.289352406037665, 31.854817526192644 ], [ 131.289322677816841, 31.854845143647196 ], [ 131.289263188130235, 31.854865324303418 ], [ 131.289210308312249, 31.854876696305347 ], [ 131.289161741910391, 31.854890335619483 ], [ 131.28906887091776, 31.854962700816635 ], [ 131.289070230639538, 31.855097084729373 ], [ 131.289000653657581, 31.855211577670953 ], [ 131.288911017082768, 31.855243558516328 ], [ 131.288852219364486, 31.855278867179869 ], [ 131.288738112766737, 31.855313273799982 ], [ 131.288632250906772, 31.855344296202421 ], [ 131.288608041988283, 31.855375016626297 ], [ 131.288560521779345, 31.855419318826534 ], [ 131.288541624482974, 31.855459046448399 ], [ 131.28849625028991, 31.85547989367597 ], [ 131.288409624835452, 31.85548820746622 ], [ 131.288360196604543, 31.855601962230899 ], [ 131.288301128033879, 31.855670642520327 ], [ 131.288236772029109, 31.855704159645384 ], [ 131.288135223259843, 31.855671018465078 ], [ 131.28813745792911, 31.855743979226773 ], [ 131.288108173561284, 31.855824168777513 ], [ 131.287894373260343, 31.855731893692283 ], [ 131.287767631114207, 31.855697975995522 ], [ 131.287678720627724, 31.855671952583744 ], [ 131.287642959228265, 31.855661058227131 ], [ 131.287604424613392, 31.855676895284482 ], [ 131.287509629571701, 31.855701196556151 ], [ 131.287473762697687, 31.855721120001995 ], [ 131.287456258733158, 31.855756170829089 ], [ 131.287416946718338, 31.855834891097984 ], [ 131.287388310747758, 31.855879043735175 ], [ 131.287292635811923, 31.856026560671641 ], [ 131.287311101829232, 31.856063621539374 ], [ 131.287353236040587, 31.85614818379981 ], [ 131.287515487849276, 31.856298438785167 ] ] ], [ [ [ 131.287910756279217, 31.855608411097197 ], [ 131.288033365493703, 31.855583781492861 ], [ 131.288234941612501, 31.85546337769043 ], [ 131.288376316983204, 31.855390903140879 ], [ 131.288463880105013, 31.855310433153146 ], [ 131.2884098753876, 31.855274478574195 ], [ 131.28835590720081, 31.855250248929604 ], [ 131.288032120280008, 31.855519747555558 ], [ 131.287841844045431, 31.855498532076794 ], [ 131.287748974845982, 31.855575405936069 ], [ 131.287787095104534, 31.855600573622059 ], [ 131.287910756279217, 31.855608411097197 ] ] ], [ [ [ 131.290351236836869, 31.854510928466251 ], [ 131.290452638125544, 31.854497177077725 ], [ 131.290563475879225, 31.854459854758346 ], [ 131.290717372689443, 31.854337743059926 ], [ 131.29085434962451, 31.85424543343224 ], [ 131.290954617350764, 31.85420732320857 ], [ 131.29110452160225, 31.854160080051923 ], [ 131.291100939536449, 31.854062590022139 ], [ 131.291196999263803, 31.854027204035901 ], [ 131.291286691117421, 31.85398641198352 ], [ 131.291395494222513, 31.853974437727011 ], [ 131.291417699076874, 31.853978896486339 ], [ 131.291430180898573, 31.853915733049948 ], [ 131.291360362261003, 31.853891540990762 ], [ 131.291211384859622, 31.853897284698828 ], [ 131.291034544376885, 31.853812908379286 ], [ 131.2909817831721, 31.853836479174863 ], [ 131.290919528653433, 31.853865483219757 ], [ 131.290779620273611, 31.854033651622633 ], [ 131.290739732459997, 31.854122131578457 ], [ 131.290663191275598, 31.854279241681123 ], [ 131.290530326757789, 31.854368835931254 ], [ 131.290291472235708, 31.854356745301104 ], [ 131.290268709317388, 31.854477745558999 ], [ 131.290268924045392, 31.854546291462075 ], [ 131.290351236836869, 31.854510928466251 ] ] ] ] } },
{ "type": "Feature", "properties": { "林班": "4", "基本計画区": "針葉樹林施業研究区", "林班ID": "04", "area": 178682 }, "geometry": { "type": "MultiPolygon", "coordinates": [ [ [ [ 131.274312740713896, 31.865538883952397 ], [ 131.274362309770567, 31.865121623954305 ], [ 131.274160482125154, 31.865058625006981 ], [ 131.274184959349469, 31.864973268141124 ], [ 131.274411551797272, 31.864858108614772 ], [ 131.274437492388586, 31.864813750065821 ], [ 131.27447887798192, 31.864770990661569 ], [ 131.274567707734576, 31.864743542722547 ], [ 131.274640986731441, 31.864714495821261 ], [ 131.274679446832238, 31.864690250177123 ], [ 131.274705567993806, 31.864664073997524 ], [ 131.27469417682596, 31.8646146730952 ], [ 131.274684925024815, 31.864470592466741 ], [ 131.274663310261531, 31.864434057059192 ], [ 131.274636314702207, 31.864300756675423 ], [ 131.274603076167381, 31.864136308240795 ], [ 131.274625078648171, 31.864114478680133 ], [ 131.274664307999529, 31.864075557601918 ], [ 131.274577738364542, 31.864048804031086 ], [ 131.274505825743717, 31.864092982256299 ], [ 131.274523203394551, 31.86389447605465 ], [ 131.274653293957812, 31.863853924196281 ], [ 131.274538807536857, 31.863814315312986 ], [ 131.274451427246191, 31.86375641089866 ], [ 131.274278684728415, 31.863681494197344 ], [ 131.274214363860324, 31.863640954613395 ], [ 131.274129341380302, 31.863550127760071 ], [ 131.274004709957694, 31.863416987484477 ], [ 131.273810111541167, 31.863421726833344 ], [ 131.273646575893935, 31.863323741883551 ], [ 131.273466483891525, 31.863273495166684 ], [ 131.273291333581199, 31.863236090013871 ], [ 131.273132704698497, 31.863156799789774 ], [ 131.273027497898511, 31.862944856717665 ], [ 131.272677951644397, 31.862766971809581 ], [ 131.272634348461253, 31.862842979941913 ], [ 131.272390612582797, 31.862959381865032 ], [ 131.272314903349667, 31.863030885976215 ], [ 131.272344185350107, 31.8632204249644 ], [ 131.272303014347699, 31.863293230841304 ], [ 131.272241267957497, 31.863402369114439 ], [ 131.272210642231215, 31.863470547158013 ], [ 131.272211628070721, 31.863560356124808 ], [ 131.272209767762234, 31.863760497326062 ], [ 131.27223875858553, 31.863904672931145 ], [ 131.272310616358197, 31.864075321119216 ], [ 131.272359410217859, 31.864137928734859 ], [ 131.272434685251199, 31.864200127204231 ], [ 131.272557776888789, 31.864266239393665 ], [ 131.272680697577499, 31.864323332791326 ], [ 131.272857566862257, 31.864433932538091 ], [ 131.272914059539914, 31.864636392131988 ], [ 131.272885139316884, 31.864803874199378 ], [ 131.272833304375808, 31.864872263980903 ], [ 131.27278122296903, 31.864927125389226 ], [ 131.272734466803968, 31.8649819752832 ], [ 131.272703507908545, 31.865032070391472 ], [ 131.27270428052816, 31.865077165001651 ], [ 131.272720666285494, 31.865104046706236 ], [ 131.272769064242652, 31.865144106795512 ], [ 131.272838831005913, 31.865192858369273 ], [ 131.272908898713467, 31.865259647836581 ], [ 131.272952785552462, 31.865344884222292 ], [ 131.272949348389972, 31.865453334044751 ], [ 131.272924015540468, 31.865521384994185 ], [ 131.272893227718384, 31.865580499030091 ], [ 131.272851679872161, 31.865630687387064 ], [ 131.272757031320424, 31.865677114096783 ], [ 131.272672991776801, 31.865723377072104 ], [ 131.27258459144889, 31.865823905770256 ], [ 131.272550912660677, 31.866023035666068 ], [ 131.272617939748244, 31.866220822291286 ], [ 131.272636172209729, 31.866356071978981 ], [ 131.272616841160669, 31.866464696695367 ], [ 131.272580898515002, 31.866532911372936 ], [ 131.272502956214055, 31.866624257419517 ], [ 131.272393506968541, 31.866734061740011 ], [ 131.272278281126717, 31.866816891003072 ], [ 131.272178121160465, 31.866849800202328 ], [ 131.272045982678378, 31.866874110742895 ], [ 131.271979663135511, 31.866892441211238 ], [ 131.271924889225318, 31.866826364102455 ], [ 131.271900695635395, 31.866863518993025 ], [ 131.271825180623324, 31.866979489655975 ], [ 131.271833057120858, 31.867069061508719 ], [ 131.271841340340472, 31.867163258424991 ], [ 131.271862376760026, 31.867395368962111 ], [ 131.271715547784851, 31.867474826699176 ], [ 131.271471647028818, 31.867601581037434 ], [ 131.271267851192135, 31.867715637807439 ], [ 131.271219185308752, 31.867742874159468 ], [ 131.271072926481764, 31.867943631116859 ], [ 131.27096432116781, 31.868103108764387 ], [ 131.270949274570938, 31.868152958037104 ], [ 131.270924089896653, 31.868230098139342 ], [ 131.270899451511184, 31.868338733878172 ], [ 131.270873945795671, 31.868397836153957 ], [ 131.270822032125182, 31.868461715632115 ], [ 131.270723263518335, 31.868575934880376 ], [ 131.270613563944352, 31.86867220930981 ], [ 131.270509735866455, 31.868799968030249 ], [ 131.270426785248503, 31.868909432358919 ], [ 131.27037594332424, 31.869036585029367 ], [ 131.270325271879159, 31.869172686141059 ], [ 131.270289722773072, 31.869263517929834 ], [ 131.270206696434144, 31.869368472646158 ], [ 131.270121012137281, 31.869389637979502 ], [ 131.270034391285691, 31.869410685290593 ], [ 131.269935851545227, 31.869430635751495 ], [ 131.269754041583582, 31.869465665975611 ], [ 131.269473699363317, 31.869603114356789 ], [ 131.269409772299213, 31.869621127271028 ], [ 131.269355662733489, 31.869641989445537 ], [ 131.269127248547534, 31.869843342911381 ], [ 131.269112273254819, 31.869860940377016 ], [ 131.269013508939707, 31.869972889879907 ], [ 131.269004921566477, 31.869987089092522 ], [ 131.269001358359191, 31.869991276201549 ], [ 131.268938847673127, 31.870096342041279 ], [ 131.268856703443248, 31.870240441611053 ], [ 131.268989380832693, 31.870285239496571 ], [ 131.26898600469238, 31.87028799240705 ], [ 131.268986237193047, 31.870288077909489 ], [ 131.268939538272519, 31.870406319803628 ], [ 131.268793794413028, 31.870665498391293 ], [ 131.268770997802505, 31.870753123463022 ], [ 131.26890891866941, 31.871101001834333 ], [ 131.269025146773487, 31.871221235072827 ], [ 131.26936484652137, 31.871275821934752 ], [ 131.269483982920605, 31.87150427086512 ], [ 131.269511224389532, 31.871556009665721 ], [ 131.269542654081874, 31.871782182574705 ], [ 131.269456527402696, 31.871804182519067 ], [ 131.269600774959486, 31.871859998441447 ], [ 131.269777362302591, 31.871691417274484 ], [ 131.270011887137201, 31.871683540967915 ], [ 131.27005231211146, 31.871682412464629 ], [ 131.269979281694447, 31.871411223555963 ], [ 131.270093969449618, 31.871274255127343 ], [ 131.270141673731985, 31.871217283066382 ], [ 131.270192789097251, 31.871156237134613 ], [ 131.270206938630537, 31.871123356710019 ], [ 131.270232126598302, 31.870970774795616 ], [ 131.27023736817921, 31.870968305805963 ], [ 131.27028337309676, 31.870981486777914 ], [ 131.270591992455792, 31.871069909472396 ], [ 131.27080277289113, 31.871130299756228 ], [ 131.271095689766383, 31.871150681426119 ], [ 131.271304410253094, 31.871166227390724 ], [ 131.271584088113826, 31.87105455835475 ], [ 131.271591416931756, 31.870980413524446 ], [ 131.271417767146346, 31.870810618192408 ], [ 131.271437614327169, 31.870719527414717 ], [ 131.271443932656382, 31.870690528723184 ], [ 131.271467294685607, 31.870646482232477 ], [ 131.271590057886499, 31.870520469076961 ], [ 131.271674275063532, 31.870439045704096 ], [ 131.271636705068119, 31.870357068864983 ], [ 131.27163973196005, 31.870279226303538 ], [ 131.271664465868895, 31.870186446591937 ], [ 131.271699616136402, 31.870092120365729 ], [ 131.271728415163466, 31.869983638464195 ], [ 131.271759459935822, 31.8698265109565 ], [ 131.271884392951563, 31.869677672426455 ], [ 131.271988565379019, 31.869647900010552 ], [ 131.272072191042525, 31.869552423747614 ], [ 131.272540449013633, 31.869169924880996 ], [ 131.27289377278106, 31.869032985506308 ], [ 131.273035814101661, 31.868867006039618 ], [ 131.273019334563969, 31.868754914131909 ], [ 131.273032115496648, 31.868612644128216 ], [ 131.273086484589271, 31.868592324264387 ], [ 131.27310440944359, 31.868495653542571 ], [ 131.273166842808791, 31.868371567909691 ], [ 131.273143568507351, 31.868368647174005 ], [ 131.273167381322736, 31.868317748531378 ], [ 131.27318048563194, 31.868295858087233 ], [ 131.273193986218217, 31.868260881892848 ], [ 131.273253543862666, 31.868133580122333 ], [ 131.273252437684903, 31.867998663554538 ], [ 131.273265596780419, 31.86784501942612 ], [ 131.273288747713821, 31.867796770806596 ], [ 131.273345253779695, 31.867760929784431 ], [ 131.273441727737037, 31.86769973755495 ], [ 131.273590304284852, 31.867600467799747 ], [ 131.273600849506153, 31.867571857728397 ], [ 131.273686309740071, 31.867339996251442 ], [ 131.273877537790696, 31.866821172561384 ], [ 131.274026182387104, 31.866378011211836 ], [ 131.27410808756315, 31.866243802092743 ], [ 131.274292763420789, 31.865834263061945 ], [ 131.274312740713896, 31.865538883952397 ] ] ], [ [ [ 131.274412303581414, 31.865522455676224 ], [ 131.274341930433792, 31.865840211894028 ], [ 131.274485038574198, 31.865719342747546 ], [ 131.274522030756657, 31.865659654661705 ], [ 131.274529676852666, 31.865572250623377 ], [ 131.274561132715263, 31.865505972384007 ], [ 131.274573299142531, 31.865451445568358 ], [ 131.274597036600397, 31.865385708282741 ], [ 131.274591003675653, 31.865372098262931 ], [ 131.27458533060863, 31.865273006967268 ], [ 131.274623204491149, 31.865132946385188 ], [ 131.274633757785409, 31.86511238345528 ], [ 131.274645554225231, 31.865089398263706 ], [ 131.274561891584284, 31.865034678727817 ], [ 131.274521068200357, 31.865024683334486 ], [ 131.274468893333875, 31.865096750365588 ], [ 131.274443618680237, 31.865179999685285 ], [ 131.274440821634045, 31.86526195227875 ], [ 131.274426343254021, 31.865353521584595 ], [ 131.274412303581414, 31.865522455676224 ] ] ] ] } }
]
}
