{
"type": "FeatureCollection",
"name": "林道",
"crs": { "type": "name", "properties": { "name": "urn:ogc:def:crs:OGC:1.3:CRS84" } },
"features": [
{ "type": "Feature", "properties": { "FNODE_": 1, "TNODE_": 2, "LPOLY_": 0, "RPOLY_": 0, "LENGTH": 2464.966, "RINDOU_": 1, "RINDOU_ID": 2, "CLSID": 3, "NUM": 0, "林道名": null, "総延長": 0, "区域": null, "開設年度": 0, "延長年度": null, "NO": 1, "内外区別": 0 }, "geometry": { "type": "MultiLineString", "coordinates": [ [ [ 131.270321257255176, 31.873635285952432 ], [ 131.270262720507986, 31.873581224471053 ], [ 131.270188209938027, 31.873500209642241 ], [ 131.270129660197654, 31.873441638504332 ], [ 131.2700816949353, 31.873374096077239 ], [ 131.270049506063856, 31.873265792608489 ], [ 131.270038312613195, 31.873094239379999 ], [ 131.270059035351466, 31.872958765798767 ], [ 131.270095494787057, 31.872769002399714 ], [ 131.270169135672205, 31.872601708098639 ], [ 131.270264017525363, 31.87243429814318 ], [ 131.270390323877365, 31.872163029525623 ], [ 131.270464136965671, 31.872040901359181 ], [ 131.270516902419871, 31.871963984612275 ], [ 131.27068605352855, 31.871809945171005 ], [ 131.270865920119263, 31.871692030118773 ], [ 131.271035196389221, 31.871574066922406 ], [ 131.27122036144354, 31.871447120828872 ], [ 131.271670304615412, 31.871219974572114 ], [ 131.271744194877328, 31.871124973686168 ], [ 131.271817978675443, 31.870993755077272 ], [ 131.271849595771073, 31.870934991929964 ], [ 131.271859805267468, 31.870826598232117 ], [ 131.271907150231868, 31.870718054666234 ], [ 131.271981073740676, 31.870627563189068 ], [ 131.272023200459302, 31.870541649316095 ], [ 131.27212314753865, 31.8703155315396 ], [ 131.272175730735341, 31.870184428541204 ], [ 131.272608613530423, 31.869641289514831 ], [ 131.273090046354412, 31.869323737302864 ], [ 131.273179742066873, 31.869192554167846 ], [ 131.27318990991941, 31.86907063155774 ], [ 131.273188818285263, 31.86876355670228 ], [ 131.27317202638298, 31.868515281600409 ], [ 131.273166387072536, 31.86841594105654 ], [ 131.273361241225018, 31.86803607972044 ], [ 131.273482556119234, 31.867855081580306 ], [ 131.2735510967577, 31.867746491777805 ], [ 131.273608894162862, 31.867592828805456 ], [ 131.273719444047458, 31.867366686880349 ], [ 131.273787641959018, 31.867163325094424 ], [ 131.273824152195516, 31.866987089253481 ], [ 131.273950272997496, 31.866666070523934 ], [ 131.274070974238981, 31.866313566420427 ], [ 131.27413418881639, 31.866191458885293 ], [ 131.274229002365303, 31.866019536371216 ], [ 131.274365663297971, 31.865675946331191 ], [ 131.274443917294434, 31.865314514147965 ], [ 131.274427377998279, 31.865138463026437 ], [ 131.27441652653647, 31.865070771584456 ], [ 131.274411000503193, 31.865003068649532 ], [ 131.274421381291575, 31.864939770552997 ], [ 131.274478749688939, 31.864858332542145 ], [ 131.274622321037299, 31.864785657171549 ], [ 131.274733349614451, 31.864695013440024 ], [ 131.274807137700009, 31.864568373076736 ], [ 131.274843456324618, 31.864342460937635 ], [ 131.274768356577198, 31.864103401604162 ], [ 131.274736333523521, 31.864044775174399 ], [ 131.274746075313374, 31.863800952410596 ], [ 131.274761390433241, 31.863633781261214 ], [ 131.274792585739249, 31.863462136628971 ], [ 131.274887503712307, 31.86331283193924 ], [ 131.275320985943949, 31.862945768836379 ], [ 131.275399894753718, 31.862764931018965 ], [ 131.275467815976469, 31.862484764206368 ], [ 131.275504233534605, 31.862285979830883 ], [ 131.275519574091703, 31.862127898220418 ], [ 131.27552425154235, 31.861951730729437 ], [ 131.275528841480622, 31.861753085743263 ], [ 131.275507023061408, 31.861586065362932 ], [ 131.275496077157271, 31.861486736317055 ], [ 131.275572508536754, 31.8612929845489 ], [ 131.275650401095817, 31.861159180142572 ], [ 131.275759654885974, 31.861040580331565 ], [ 131.275884373070596, 31.860857038155462 ], [ 131.275955514460321, 31.860709884639409 ], [ 131.27600445780709, 31.860620051663258 ], [ 131.276026621495816, 31.860551276674116 ], [ 131.276030907469874, 31.860488267724023 ], [ 131.276035250322792, 31.860444349452354 ], [ 131.276022247566289, 31.860351776034125 ], [ 131.275967981099029, 31.860004229541005 ], [ 131.275929999710854, 31.859760510088361 ], [ 131.275913506166773, 31.859593478173682 ], [ 131.275843799831279, 31.859376955743418 ], [ 131.275693954988981, 31.858989100124887 ], [ 131.275560227071765, 31.858655395415816 ], [ 131.275426762292454, 31.858402933795951 ], [ 131.275320237935802, 31.858263224948672 ], [ 131.27520837569844, 31.858119088390186 ], [ 131.275139042503895, 31.858006427152706 ], [ 131.27506960215851, 31.857857618592583 ], [ 131.275063267518703, 31.857573173193472 ], [ 131.275120800237488, 31.857347214857935 ], [ 131.275215435033317, 31.857125685843314 ], [ 131.27527850048557, 31.856962920761912 ], [ 131.275299272963025, 31.856840974810698 ], [ 131.275293691935133, 31.856768691851077 ], [ 131.275261462915466, 31.856646931073431 ], [ 131.275222979138334, 31.856267711994811 ], [ 131.275370399047858, 31.855973773552559 ], [ 131.275618522777251, 31.855674966188452 ], [ 131.275676491224061, 31.855575487710421 ], [ 131.2756650470088, 31.855336220113596 ], [ 131.27565395291046, 31.855200743774652 ], [ 131.275674724516165, 31.855078797733341 ], [ 131.275700746381858, 31.854938731309815 ], [ 131.275710963169104, 31.854834846669696 ], [ 131.275710423757062, 31.854681308911559 ], [ 131.275656033981107, 31.854297685157071 ], [ 131.275618709650303, 31.854239070338238 ], [ 131.275517358849271, 31.854067782900422 ], [ 131.275453319082658, 31.853950600653061 ], [ 131.275394698067032, 31.85386497407773 ] ] ] } },
{ "type": "Feature", "properties": { "FNODE_": 4, "TNODE_": 3, "LPOLY_": 0, "RPOLY_": 0, "LENGTH": 909.646, "RINDOU_": 2, "RINDOU_ID": 4, "CLSID": 3, "NUM": 0, "林道名": null, "総延長": 0, "区域": null, "開設年度": 0, "延長年度": null, "NO": 2, "内外区別": 0 }, "geometry": { "type": "MultiLineString", "coordinates": [ [ [ 131.266470798927656, 31.86737024497247 ], [ 131.266439166635195, 31.86742449722853 ], [ 131.266489127252129, 31.868065534497706 ], [ 131.266532719574712, 31.868408597448852 ], [ 131.26657012949849, 31.868489762750954 ], [ 131.266591577946144, 31.868561942253859 ], [ 131.266591762230803, 31.868611618207606 ], [ 131.266560116610719, 31.86866136088716 ], [ 131.26650739631603, 31.868747295192346 ], [ 131.266497035661075, 31.868819611832777 ], [ 131.266507894777334, 31.868891813537868 ], [ 131.266518655399352, 31.868936957697901 ], [ 131.266513586556385, 31.869004683158522 ], [ 131.266439908246184, 31.869167465903296 ], [ 131.266408597122307, 31.869312050886322 ], [ 131.266387685837316, 31.869397918489476 ], [ 131.266400249147495, 31.869447100365392 ], [ 131.266366878547359, 31.8695116016622 ], [ 131.266316784815956, 31.869595228756694 ], [ 131.266266604452056, 31.869706394303623 ], [ 131.266239102209994, 31.869762441935194 ], [ 131.266150478911214, 31.869904300474118 ], [ 131.266123241333361, 31.869959102444248 ], [ 131.26607119248763, 31.87006382445573 ], [ 131.266045624959332, 31.870153010220722 ], [ 131.266072378467754, 31.870225178692984 ], [ 131.266109914645085, 31.870341611993652 ], [ 131.266168635458115, 31.870403317277095 ], [ 131.266247792716143, 31.870484668654921 ], [ 131.266309748920179, 31.870550736524585 ], [ 131.266377369172687, 31.87065315597464 ], [ 131.266405443828546, 31.870751434281416 ], [ 131.266466952331371, 31.870847103328888 ], [ 131.266456742029845, 31.870964586326348 ], [ 131.26645722727082, 31.871104524563368 ], [ 131.266462854260936, 31.87119484616575 ], [ 131.266440397696584, 31.871308234622855 ], [ 131.266502888408894, 31.871430131251024 ], [ 131.266761563870034, 31.871616824829598 ], [ 131.266845194227216, 31.871679254509875 ], [ 131.266962774703671, 31.871755630659163 ], [ 131.267088182906718, 31.87178547082662 ], [ 131.26717778330385, 31.871825373218606 ], [ 131.267253994117652, 31.871876758154425 ], [ 131.267329780344937, 31.871937325712867 ], [ 131.267372437883665, 31.872004950826231 ], [ 131.267433548181089, 31.8720787428493 ], [ 131.26749400613491, 31.872103097626244 ], [ 131.267681034292593, 31.872102581993104 ], [ 131.267892895744069, 31.872121586136334 ], [ 131.268006600805222, 31.872115062908001 ], [ 131.268139832748091, 31.872105282095003 ], [ 131.268321806598124, 31.87208701444915 ], [ 131.268393407596932, 31.872122538302648 ], [ 131.268469602720529, 31.872168195305605 ], [ 131.268536843870038, 31.872211962095182 ], [ 131.268607493386952, 31.872273857882529 ], [ 131.268741748864358, 31.872283119590769 ], [ 131.268900742875246, 31.872221595075157 ], [ 131.269021390082941, 31.872282528261906 ], [ 131.269230144804141, 31.872314476756781 ], [ 131.269288371898455, 31.872344950916059 ], [ 131.269372977075534, 31.872388150992048 ], [ 131.269487852344099, 31.872464270666029 ], [ 131.269569220517582, 31.872549911997528 ], [ 131.269623134075175, 31.872652966115766 ], [ 131.269650242361422, 31.872824485646476 ], [ 131.26967702010387, 31.872896653266533 ], [ 131.269714353925934, 31.872964288867568 ], [ 131.269783453300022, 31.873009238492681 ], [ 131.269905571091641, 31.873049495465292 ], [ 131.270038312613195, 31.873094239379999 ] ] ] } },
{ "type": "Feature", "properties": { "FNODE_": 7, "TNODE_": 8, "LPOLY_": 0, "RPOLY_": 0, "LENGTH": 1670.276, "RINDOU_": 4, "RINDOU_ID": 6, "CLSID": 2, "NUM": 3, "林道名": "シラスガオ", "総延長": 2074, "区域": "8,10", "開設年度": 1952, "延長年度": null, "NO": 4, "内外区別": 1 }, "geometry": { "type": "MultiLineString", "coordinates": [ [ [ 131.293255440632407, 31.861190309298109 ], [ 131.293163279918332, 31.861053887049156 ], [ 131.293122525998228, 31.860962311349901 ], [ 131.293163735196686, 31.860897395127427 ], [ 131.293235705143815, 31.860846369924523 ], [ 131.293303970595275, 31.860818495046178 ], [ 131.293388148095801, 31.860795991658229 ], [ 131.293480346622459, 31.860768416668996 ], [ 131.293578347597759, 31.860720689862902 ], [ 131.293649847991702, 31.860695706767917 ], [ 131.293689143798616, 31.860658162641425 ], [ 131.293658342854798, 31.860617804567063 ], [ 131.293612633313387, 31.86054071743996 ], [ 131.293632590140163, 31.860487482315456 ], [ 131.293682354888716, 31.860461160730846 ], [ 131.293758067397704, 31.860423045886954 ], [ 131.293851553222197, 31.860372964127709 ], [ 131.293931897209802, 31.860310375376972 ], [ 131.294022031757635, 31.860263395040018 ], [ 131.294106934499496, 31.86023265346628 ], [ 131.294138092575963, 31.860182945355316 ], [ 131.294158096771127, 31.860142808429895 ], [ 131.294166837989593, 31.860077879525218 ], [ 131.294154480711285, 31.86001567984902 ], [ 131.294138417554024, 31.85997505989819 ], [ 131.294095738386432, 31.859898494944854 ], [ 131.294053060728146, 31.859835388389623 ], [ 131.294005134257105, 31.859776803579717 ], [ 131.293951897279896, 31.859722811114843 ], [ 131.29389870961748, 31.859677837766608 ], [ 131.293856024227154, 31.859605711906379 ], [ 131.293839918362664, 31.85955156313236 ], [ 131.293897521079344, 31.859361743850396 ], [ 131.293903012196665, 31.859279033036895 ], [ 131.293919315075158, 31.859194745358991 ], [ 131.293893440076062, 31.859157385595083 ], [ 131.293811798080554, 31.859133792384505 ], [ 131.293716553764341, 31.859104142765968 ], [ 131.293659478741034, 31.85904267844052 ], [ 131.293657842524425, 31.85894284251599 ], [ 131.293676393110985, 31.858850760004799 ], [ 131.293735727509954, 31.858660735396249 ], [ 131.29376732023627, 31.858525675761218 ], [ 131.293766103780115, 31.858443037742845 ], [ 131.293763378653779, 31.858404630659106 ], [ 131.293737384828887, 31.858377305866345 ], [ 131.293698938317931, 31.858341405954381 ], [ 131.293595460883182, 31.858325560855388 ], [ 131.293253945842253, 31.858331026753046 ], [ 131.293089911081495, 31.85834878204334 ], [ 131.292987579443519, 31.858357548718651 ], [ 131.292891960488475, 31.858361668431833 ], [ 131.292786221800668, 31.858330448857654 ], [ 131.292712376173625, 31.858250733135172 ], [ 131.292641593509558, 31.858161677671458 ], [ 131.292576335188755, 31.858065826347065 ], [ 131.292505000376593, 31.858028071690807 ], [ 131.292433432090235, 31.857932331947826 ], [ 131.292348363142111, 31.85786939271787 ], [ 131.292318860790857, 31.857842790158564 ], [ 131.292301057848988, 31.8578044575668 ], [ 131.292329731445761, 31.857743493020973 ], [ 131.292405679337492, 31.85771086407917 ], [ 131.292486167015255, 31.857699224530787 ], [ 131.292557659355367, 31.85767233298418 ], [ 131.29259109036127, 31.857634074483418 ], [ 131.292577178005274, 31.857570663644815 ], [ 131.292559725319251, 31.857503889685635 ], [ 131.292559232104821, 31.857368349302945 ], [ 131.292603187219157, 31.857307150779313 ], [ 131.292652402046599, 31.857308946627651 ], [ 131.292824759545994, 31.857348640603107 ], [ 131.29296563948725, 31.85733686169586 ], [ 131.293096024633201, 31.857289736694785 ], [ 131.293296142731919, 31.857217407814286 ], [ 131.293441417231463, 31.857129584256882 ], [ 131.293478400469951, 31.85706831764368 ], [ 131.293464659323348, 31.856994307425079 ], [ 131.29343285369103, 31.856950561093583 ], [ 131.29341779211984, 31.856906535438124 ], [ 131.293389908567576, 31.856849235430243 ], [ 131.293283445007518, 31.856794434968961 ], [ 131.293171674028486, 31.856835300660983 ], [ 131.293078216816667, 31.85686315049151 ], [ 131.29297297474281, 31.856827120433994 ], [ 131.292861619628212, 31.856809867069359 ], [ 131.292784870405853, 31.856758826700766 ], [ 131.292675209338341, 31.856739988289103 ], [ 131.292585600686976, 31.856696285613452 ], [ 131.292511740200609, 31.856647739674266 ], [ 131.29239752099619, 31.85663562756794 ], [ 131.292308020987377, 31.856626287889256 ], [ 131.292272034302528, 31.856563370942229 ], [ 131.292315211617449, 31.856479176392195 ], [ 131.292391031381442, 31.856341158019053 ], [ 131.292417319787461, 31.856286911566347 ], [ 131.292406470513185, 31.856223731232973 ], [ 131.292203992722733, 31.85595340739517 ], [ 131.29216653710867, 31.855863230380329 ], [ 131.292068992166435, 31.855303844271948 ], [ 131.292010072686537, 31.855136764153613 ], [ 131.291940678549025, 31.855010512873079 ], [ 131.291892884005165, 31.854992584043448 ], [ 131.291850520392899, 31.855001770980284 ], [ 131.291846487846868, 31.855067823079722 ], [ 131.291862919703277, 31.855210772355061 ], [ 131.291920766019359, 31.855291412846586 ], [ 131.291963459826519, 31.855434929535871 ], [ 131.291985065677324, 31.855538671894582 ], [ 131.291985575229063, 31.855674171015131 ], [ 131.291979424561816, 31.855800452812034 ], [ 131.291947260398217, 31.855871901524097 ], [ 131.291955046929132, 31.855938269956031 ], [ 131.291955411872806, 31.856002607607092 ], [ 131.291974432480743, 31.856065119353385 ], [ 131.292012032766053, 31.856171115593916 ], [ 131.29207040354018, 31.856207839005318 ], [ 131.292120953362627, 31.856260357337963 ], [ 131.29212702289712, 31.856286722499068 ], [ 131.292122863340353, 31.856351210833449 ], [ 131.292077578597144, 31.856383834463951 ], [ 131.291977929327487, 31.856411759615085 ], [ 131.291939572852385, 31.856440554261241 ], [ 131.29191746745434, 31.856612725007526 ], [ 131.291904702592376, 31.856716783751224 ], [ 131.291902722588901, 31.856833389494327 ], [ 131.291932901683452, 31.856925038451823 ], [ 131.291900124361263, 31.85702326408699 ], [ 131.291836783032892, 31.857048310168828 ], [ 131.291778254630373, 31.857018250822854 ], [ 131.291731588684684, 31.856944156740347 ], [ 131.291661158040114, 31.856810808411623 ], [ 131.291636175741274, 31.856763208304937 ], [ 131.291626715368466, 31.856618782622981 ], [ 131.291590081587685, 31.856467068674068 ], [ 131.291562026333651, 31.856355056081433 ], [ 131.291602138218963, 31.856279395338365 ], [ 131.291646647569991, 31.856173989201146 ], [ 131.2915885513072, 31.85610566363081 ], [ 131.291495894347406, 31.855945491351928 ], [ 131.291433150569901, 31.855834134108381 ], [ 131.291418187532827, 31.85570706242623 ], [ 131.291409793489549, 31.855637674441006 ], [ 131.291406560802869, 31.855523882880846 ], [ 131.291321502026904, 31.855452583150189 ], [ 131.291246108937088, 31.85537827625355 ], [ 131.291156562262387, 31.855353663219287 ], [ 131.291118406121655, 31.855311750782366 ], [ 131.291075794577807, 31.855275575771913 ], [ 131.291028595711651, 31.855203138709395 ], [ 131.291007972752197, 31.855126377510587 ], [ 131.291050686098941, 31.855006073311035 ], [ 131.291088260337489, 31.854862806264904 ], [ 131.291094676576165, 31.854769246619536 ], [ 131.29111449501093, 31.854669929056179 ], [ 131.29112316590323, 31.854582091489014 ], [ 131.291154185742954, 31.854488475521112 ], [ 131.291158371197383, 31.854396830054672 ], [ 131.291088805801991, 31.85432444420022 ], [ 131.290991940776223, 31.854315768562209 ], [ 131.290912325494361, 31.854340963786221 ], [ 131.290784986486273, 31.854361351770361 ] ] ] } },
{ "type": "Feature", "properties": { "FNODE_": 10, "TNODE_": 9, "LPOLY_": 0, "RPOLY_": 0, "LENGTH": 1862.657, "RINDOU_": 5, "RINDOU_ID": 7, "CLSID": 2, "NUM": 5, "林道名": "シラサギ", "総延長": 2337, "区域": "6,7,8,10", "開設年度": 1961, "延長年度": "1979,1990,1994,1997", "NO": 5, "内外区別": 1 }, "geometry": { "type": "MultiLineString", "coordinates": [ [ [ 131.292960673545593, 31.86137976373405 ], [ 131.29299667592565, 31.861287016897712 ], [ 131.293034908853627, 31.861209539929646 ], [ 131.293018484236768, 31.861071370409732 ], [ 131.293002378599084, 31.861017221540731 ], [ 131.292986209552311, 31.860949543937014 ], [ 131.293003410452798, 31.860898188270898 ], [ 131.293056913676651, 31.860840792629521 ], [ 131.293115381785299, 31.860761908385065 ], [ 131.293158760153545, 31.860685922515302 ], [ 131.293188771769934, 31.860627149155718 ], [ 131.293192004684073, 31.86058848285419 ], [ 131.293181789357334, 31.86054125669915 ], [ 131.293132827672821, 31.860456881733686 ], [ 131.29297438460236, 31.860231185644434 ], [ 131.292896320879379, 31.860185709821288 ], [ 131.292807402041291, 31.860171853320669 ], [ 131.292708915052771, 31.860151080157575 ], [ 131.292600011741911, 31.860117427060946 ], [ 131.292574309731634, 31.860074024354343 ], [ 131.292565591530689, 31.859969522325276 ], [ 131.292565288575446, 31.859873591792372 ], [ 131.292575092022531, 31.859790524294059 ], [ 131.292609095505924, 31.859708403481161 ], [ 131.292660343381698, 31.859645285948595 ], [ 131.292689235066433, 31.859586038004633 ], [ 131.292683932664318, 31.859519138110013 ], [ 131.292674695134707, 31.859456683519181 ], [ 131.292639325085986, 31.859412378813673 ], [ 131.292551989855099, 31.859381079927012 ], [ 131.292457966844012, 31.859356955406433 ], [ 131.292317447120354, 31.859348685598086 ], [ 131.292260693906769, 31.859344652762633 ], [ 131.29220875911696, 31.859325482245065 ], [ 131.292099991239979, 31.859331287629509 ], [ 131.292020431312352, 31.859327031164749 ], [ 131.291977910531443, 31.859300071023625 ], [ 131.29192987974443, 31.85921442789542 ], [ 131.291913654967686, 31.859128711749861 ], [ 131.291906814582035, 31.859081443471439 ], [ 131.291890832512991, 31.859040614750203 ], [ 131.291829111305361, 31.858967314361252 ], [ 131.291769884182997, 31.858947852620904 ], [ 131.291710521690987, 31.858933899788806 ], [ 131.29160682082906, 31.858974954357585 ], [ 131.291561326368253, 31.859006052389731 ], [ 131.29149988527584, 31.859052917829356 ], [ 131.291424186410893, 31.859094013016733 ], [ 131.291334886334255, 31.859135656648114 ], [ 131.291254057204611, 31.859158976787583 ], [ 131.291139969757239, 31.85919731760147 ], [ 131.290986155923122, 31.859240042889788 ], [ 131.290860366984134, 31.85928199355563 ], [ 131.290716470016463, 31.85930437822239 ], [ 131.290557615397432, 31.859306739887895 ], [ 131.290514402234948, 31.859264033644173 ], [ 131.290466506788334, 31.859214537133759 ], [ 131.290407939264611, 31.859151465627249 ], [ 131.290312205178907, 31.859070510886987 ], [ 131.290289437364748, 31.859143015871183 ], [ 131.290246969658796, 31.859198269091923 ], [ 131.290149617642811, 31.859211980820643 ], [ 131.290073684155828, 31.859220141577076 ], [ 131.289950584907103, 31.859196558781509 ], [ 131.289838404366066, 31.859198343732022 ], [ 131.289780162525176, 31.859239901485367 ], [ 131.289642159505945, 31.859278498603786 ], [ 131.289584671569258, 31.859345277245456 ], [ 131.289553286949342, 31.859400016845665 ], [ 131.289533913516891, 31.85946785441477 ], [ 131.289522973747239, 31.859525116268511 ], [ 131.289509835881717, 31.859576934255387 ], [ 131.289515880015415, 31.859637010686587 ], [ 131.289468084146108, 31.859753999768408 ], [ 131.28944926769293, 31.859834566523144 ], [ 131.289415927749474, 31.859904209537888 ], [ 131.289380810551847, 31.859984755918127 ], [ 131.289349254908899, 31.860033150560028 ], [ 131.289319397732669, 31.860116663045016 ], [ 131.2893251873341, 31.860172140642305 ], [ 131.289505409093096, 31.860195385125927 ], [ 131.289695622214964, 31.86015097553943 ], [ 131.289835323258188, 31.860158568963886 ], [ 131.289948272326882, 31.860193874359624 ], [ 131.290053719930228, 31.860258246237123 ], [ 131.290191593901085, 31.860338658023455 ], [ 131.290340668583923, 31.860382483917469 ], [ 131.290407418545158, 31.860433892097745 ], [ 131.290471270531157, 31.860496881056672 ], [ 131.290524442872339, 31.860537346245057 ], [ 131.29056314817575, 31.860598372415467 ], [ 131.290673160705467, 31.860604650835942 ], [ 131.290720957921081, 31.860622580092265 ], [ 131.29080563387339, 31.860586168563817 ], [ 131.290853177002617, 31.860536313024618 ], [ 131.29087948812213, 31.86048206686587 ], [ 131.290900466387711, 31.860418813645666 ], [ 131.290914266058479, 31.860392684141747 ], [ 131.29096586474293, 31.860402029335109 ], [ 131.29100898148198, 31.860431279708113 ], [ 131.291103104331881, 31.860474906405827 ], [ 131.29114653531721, 31.860525348368125 ], [ 131.291115292142081, 31.860578681645148 ], [ 131.2910717459078, 31.860633221429758 ], [ 131.290997393615243, 31.86073129499551 ], [ 131.290841099055115, 31.860822333769427 ], [ 131.290745914344001, 31.860870438201356 ], [ 131.290598034032371, 31.860908184851954 ], [ 131.29044599999861, 31.86093144109898 ], [ 131.290307357086022, 31.860945121202509 ], [ 131.290128289359785, 31.860907348245416 ], [ 131.290007421714336, 31.86088280588897 ], [ 131.289918518393733, 31.860862621810565 ], [ 131.289845887969591, 31.860884264498154 ], [ 131.28975175115059, 31.860919115518687 ], [ 131.289624694611518, 31.860973661372874 ], [ 131.289476391811746, 31.861019306670798 ], [ 131.289407593601311, 31.86105110109531 ], [ 131.289375934656363, 31.861091830236802 ], [ 131.289341558815039, 31.861135170467872 ], [ 131.289351351892776, 31.861210088029921 ], [ 131.289398974808165, 31.861272511915963 ], [ 131.289524290215667, 31.86134981716534 ], [ 131.289569874587897, 31.861371888964701 ], [ 131.289601866255538, 31.861409043159771 ], [ 131.28960030498817, 31.861446273754954 ], [ 131.289557626218965, 31.861479596886593 ], [ 131.289504885787466, 31.861491012553124 ], [ 131.289451688424265, 31.861502527097539 ], [ 131.289409343217898, 31.861525242060708 ], [ 131.289404206951019, 31.861565910848395 ], [ 131.289394026469296, 31.861683325222742 ], [ 131.28939168982572, 31.861696537788362 ], [ 131.2893839850679, 31.861815852256978 ], [ 131.289387525108339, 31.861889435909742 ], [ 131.289402137562121, 31.861949362726662 ], [ 131.289416751212514, 31.862010132979748 ], [ 131.289420413535197, 31.862020683372542 ], [ 131.289436867902765, 31.862068084965102 ], [ 131.289444123811109, 31.862127451068901 ], [ 131.289375482864216, 31.862173425162087 ], [ 131.289259612462331, 31.86213789353134 ], [ 131.289182037502542, 31.86203191312865 ], [ 131.289052305201807, 31.861910881208996 ], [ 131.288942328050808, 31.861807869980773 ], [ 131.288836580095278, 31.861708819763098 ], [ 131.288749171826993, 31.86164177914965 ], [ 131.288596957737923, 31.861535155820434 ], [ 131.288564859793922, 31.861512283435687 ], [ 131.288489435473821, 31.861483380841278 ], [ 131.288394870460479, 31.8614471434454 ], [ 131.288335108240432, 31.861424242459233 ], [ 131.288271499259849, 31.861399867344296 ], [ 131.288156786823606, 31.861378306860278 ], [ 131.28806375319266, 31.861337612594554 ], [ 131.288018634702667, 31.861317013238221 ], [ 131.287951943533045, 31.861259097442964 ], [ 131.287839579280728, 31.861167696410906 ], [ 131.287779074138911, 31.861132990045697 ], [ 131.28769857237728, 31.861092767444159 ], [ 131.287607349229205, 31.861044959437184 ], [ 131.287467975236694, 31.860984758541022 ], [ 131.287411632343179, 31.860961607646097 ], [ 131.287355176097719, 31.860931106082045 ], [ 131.287254389534695, 31.860917875345425 ], [ 131.287127066368839, 31.860900194814839 ], [ 131.287004991894264, 31.860864463803175 ], [ 131.286904142911794, 31.860837704047565 ], [ 131.286840557794903, 31.860846866727556 ], [ 131.286824748846612, 31.86087403060839 ], [ 131.286793102781928, 31.860919268710109 ], [ 131.286777440309692, 31.860987089362016 ], [ 131.286751273131387, 31.861081991459436 ], [ 131.286777469063964, 31.861170943518452 ], [ 131.286745363466565, 31.861211732926151 ], [ 131.286665660409824, 31.861334731331972 ], [ 131.286490489357874, 31.861386991175166 ], [ 131.286372724526899, 31.861430029577601 ], [ 131.286317532600634, 31.861465114173612 ], [ 131.28622229666189, 31.86150683297496 ], [ 131.286101296509287, 31.861541353624993 ], [ 131.285969578287904, 31.861535819677034 ], [ 131.285847567586018, 31.861531862409585 ], [ 131.285771262681664, 31.861554762743541 ], [ 131.285670729009496, 31.861587743611675 ], [ 131.285573446182525, 31.861623942247341 ], [ 131.285467381972865, 31.861588967930938 ], [ 131.285327434512567, 31.861561126847668 ], [ 131.285205443624193, 31.861555042737564 ], [ 131.285017508186002, 31.861600969793002 ], [ 131.284941940194187, 31.861696046548467 ], [ 131.28474621930684, 31.861664561449519 ], [ 131.284581273353211, 31.861669851066264 ], [ 131.284438738807978, 31.861691647072529 ], [ 131.284324119898287, 31.86170130104923 ], [ 131.284220671924317, 31.861703918628898 ], [ 131.284128471764291, 31.861724556332739 ], [ 131.284069983036289, 31.861736101172333 ], [ 131.283981720941824, 31.861739202199498 ], [ 131.283872706327656, 31.86175018414815 ], [ 131.283680061077462, 31.861843681620584 ] ] ] } },
{ "type": "Feature", "properties": { "FNODE_": 11, "TNODE_": 12, "LPOLY_": 0, "RPOLY_": 0, "LENGTH": 335.692, "RINDOU_": 6, "RINDOU_ID": 8, "CLSID": 2, "NUM": 7, "林道名": "ヒワ", "総延長": 335, "区域": "10", "開設年度": 1962, "延長年度": null, "NO": 6, "内外区別": 1 }, "geometry": { "type": "MultiLineString", "coordinates": [ [ [ 131.294421684248988, 31.861283874084478 ], [ 131.29436165369421, 31.861144467424829 ], [ 131.294360572704761, 31.861071921817288 ], [ 131.29435868578102, 31.861006062968467 ], [ 131.294360199633076, 31.860954514338456 ], [ 131.294350618790986, 31.860863099595857 ], [ 131.294427763899478, 31.860777949408572 ], [ 131.294480517366395, 31.860705532329415 ], [ 131.294533242075545, 31.860624096042429 ], [ 131.294559522156192, 31.860560759487786 ], [ 131.294611513560653, 31.860294218802977 ], [ 131.29464291934849, 31.860181194002354 ], [ 131.294679666502645, 31.860086265784851 ], [ 131.294716520300341, 31.860018395067183 ], [ 131.294769273112962, 31.859945977863553 ], [ 131.294779582264312, 31.859864710229672 ], [ 131.294837119321159, 31.859661291347198 ], [ 131.29487365861101, 31.859507667938754 ], [ 131.294899845733227, 31.859421783386182 ], [ 131.294947221841909, 31.859326830436331 ], [ 131.294994698370488, 31.859263444623291 ], [ 131.295079363294292, 31.859218011024147 ], [ 131.295195941141174, 31.859199631526309 ], [ 131.295307243037513, 31.859190212962975 ], [ 131.295429182752514, 31.859189859309296 ], [ 131.29552981821368, 31.859162426819996 ], [ 131.295635729258777, 31.859125962734506 ], [ 131.29567799361908, 31.859085207379579 ], [ 131.295714895719442, 31.859026355507716 ], [ 131.295709426494227, 31.858981201491517 ], [ 131.295672159800205, 31.858945211117202 ], [ 131.295534035493233, 31.858873378115454 ] ] ] } },
{ "type": "Feature", "properties": { "FNODE_": 14, "TNODE_": 13, "LPOLY_": 0, "RPOLY_": 0, "LENGTH": 627.613, "RINDOU_": 7, "RINDOU_ID": 9, "CLSID": 2, "NUM": 8, "林道名": "キツツキ", "総延長": 663, "区域": "21", "開設年度": 1962, "延長年度": null, "NO": 7, "内外区別": 1 }, "geometry": { "type": "MultiLineString", "coordinates": [ [ [ 131.28514467677229, 31.864235907118257 ], [ 131.285041354231765, 31.864247198526563 ], [ 131.284886166026695, 31.864248768453034 ], [ 131.28467725503296, 31.864237065899896 ], [ 131.284429695455231, 31.864205404124956 ], [ 131.284207049693578, 31.864214564705701 ], [ 131.284011023932948, 31.864255800653186 ], [ 131.283915767128775, 31.864310269782113 ], [ 131.283730813667432, 31.864482471099869 ], [ 131.283625112761911, 31.864577620401327 ], [ 131.283524716171826, 31.864672687325687 ], [ 131.283461273358938, 31.864722575555692 ], [ 131.28341379993438, 31.864790466665784 ], [ 131.283387538632383, 31.864862820115327 ], [ 131.283345500850629, 31.864966776085566 ], [ 131.28331392773012, 31.865030122103516 ], [ 131.283282230314029, 31.865066340177922 ], [ 131.283218731728454, 31.865098119447147 ], [ 131.283112781334012, 31.865125554038091 ], [ 131.28295910853393, 31.865153094734016 ], [ 131.282946981888784, 31.865159306867124 ], [ 131.28293793727579, 31.865165206269054 ], [ 131.282921958981944, 31.865174347037652 ], [ 131.282863781546041, 31.865207628811639 ], [ 131.282803218827667, 31.865251336206953 ], [ 131.282673546685373, 31.865366175408138 ], [ 131.282561235226126, 31.865471486383697 ], [ 131.282549910273872, 31.865482740214333 ], [ 131.282407520094267, 31.865621136259367 ], [ 131.282354775684979, 31.865691411607802 ], [ 131.282316651383638, 31.865720216188976 ], [ 131.28227845001166, 31.86574806036775 ], [ 131.282149940082377, 31.865773363034343 ], [ 131.282059422609223, 31.865781132126049 ], [ 131.28195556867567, 31.865808675835559 ], [ 131.281943447141487, 31.865815446898079 ], [ 131.281817198646451, 31.866103575072071 ], [ 131.281801759120555, 31.866166368569058 ], [ 131.281764586643874, 31.866302276839694 ], [ 131.281747510741155, 31.866560265176602 ], [ 131.281752197666407, 31.866711318178226 ], [ 131.281755251397385, 31.866811876026258 ], [ 131.281752023472052, 31.86685501078335 ], [ 131.281756504733693, 31.86691284796736 ], [ 131.281776651884485, 31.866950684286191 ], [ 131.28193171121535, 31.867116425692377 ], [ 131.282024578506594, 31.867384091407388 ], [ 131.282071537312504, 31.867499433613862 ], [ 131.28205257613331, 31.867621111561089 ], [ 131.282042158454743, 31.867687963900806 ], [ 131.282018655481352, 31.867838786858812 ], [ 131.282017536299151, 31.867866344160365 ], [ 131.282023705561841, 31.867975383934677 ] ] ] } },
{ "type": "Feature", "properties": { "FNODE_": 15, "TNODE_": 16, "LPOLY_": 0, "RPOLY_": 0, "LENGTH": 911.654, "RINDOU_": 8, "RINDOU_ID": 10, "CLSID": 2, "NUM": 9, "林道名": "ナガサコ", "総延長": 800, "区域": "1", "開設年度": 1963, "延長年度": "1966", "NO": 8, "内外区別": 1 }, "geometry": { "type": "MultiLineString", "coordinates": [ [ [ 131.266075397826057, 31.870063720363248 ], [ 131.266152378518285, 31.870000726958121 ], [ 131.266225391129495, 31.869946636335929 ], [ 131.266258892054907, 31.869884098062247 ], [ 131.266295189582053, 31.869864931272975 ], [ 131.266337168994596, 31.869876775092209 ], [ 131.266373787107455, 31.869916983850288 ], [ 131.266431719196362, 31.869936555389575 ], [ 131.266490029455213, 31.869945641083493 ], [ 131.266534117076446, 31.869911612444959 ], [ 131.266573794182165, 31.86986285033764 ], [ 131.266595842396129, 31.869830683507438 ], [ 131.266623405337214, 31.869799140624501 ], [ 131.266673958149511, 31.869746368954829 ], [ 131.266750544869609, 31.869666420547524 ], [ 131.26697320065324, 31.869516808902258 ], [ 131.267099187266041, 31.869467707535382 ], [ 131.267212073951782, 31.869434187319548 ], [ 131.267286198310643, 31.869413536854186 ], [ 131.267420894710256, 31.869440185339606 ], [ 131.267552794724935, 31.869442194800872 ], [ 131.267625513011751, 31.869446814472898 ], [ 131.267689942345584, 31.869486053594184 ], [ 131.267751592653752, 31.869531264403143 ], [ 131.267800649182533, 31.869572922183359 ], [ 131.267881904989565, 31.869628830201634 ], [ 131.267950446201297, 31.869639424355643 ], [ 131.268021512815579, 31.869610420532023 ], [ 131.268111893065878, 31.869558164969401 ], [ 131.268158133969848, 31.869507129819389 ], [ 131.268195343745759, 31.869437692991738 ], [ 131.26821907845968, 31.869377158040738 ], [ 131.268242999447011, 31.869332353342443 ], [ 131.268293300383306, 31.86931820068332 ], [ 131.268345299540471, 31.869313795535689 ], [ 131.268404030615585, 31.869316535200678 ], [ 131.268503020439368, 31.869316326220819 ], [ 131.268612413484931, 31.86924169089966 ], [ 131.268649702158484, 31.869209057568106 ], [ 131.268661676365099, 31.869173775101554 ], [ 131.268679951531567, 31.869106518943905 ], [ 131.268688410204561, 31.869064324632657 ], [ 131.268683980001782, 31.869009640371445 ], [ 131.268693283620308, 31.868960352907415 ], [ 131.268735737702485, 31.868943081490922 ], [ 131.26882753429922, 31.868969614556303 ], [ 131.268901462261709, 31.869005730733029 ], [ 131.268981095252173, 31.869032620060295 ], [ 131.269089457715609, 31.869033969224812 ], [ 131.269174371330422, 31.869001335180428 ], [ 131.269212430353235, 31.868942486894326 ], [ 131.269244074638635, 31.86889274356427 ], [ 131.269259725034942, 31.868815905882798 ], [ 131.269264427951413, 31.868644318798861 ], [ 131.2692799321064, 31.868531404423521 ], [ 131.269247504143806, 31.868379178789251 ], [ 131.269184466139876, 31.868337551156767 ], [ 131.269104064048662, 31.868334738394559 ], [ 131.268995716361786, 31.868337950569298 ], [ 131.268883881960789, 31.868344152959395 ], [ 131.268726561712128, 31.868301431761374 ], [ 131.268598912061833, 31.868345279255021 ], [ 131.268478687504569, 31.868437480072618 ], [ 131.268366965316915, 31.868482459926575 ], [ 131.268256430051082, 31.86851171336896 ], [ 131.268181474966042, 31.868299577578217 ], [ 131.268164908633906, 31.868110278718689 ], [ 131.268154008946766, 31.868024477896903 ], [ 131.268229172827688, 31.867981553767326 ], [ 131.268305725780095, 31.867956399220365 ], [ 131.268427782565595, 31.867933865219481 ], [ 131.268561870762539, 31.867920254184728 ], [ 131.268742723654043, 31.867907637810259 ], [ 131.268892925366174, 31.867887768436496 ], [ 131.269006276171751, 31.867852494869229 ], [ 131.269160298470126, 31.867774670524778 ], [ 131.269187212680549, 31.867724708803994 ], [ 131.269178164630091, 31.867708519396071 ], [ 131.269112563214492, 31.86768797930247 ], [ 131.268921157005963, 31.867689256717973 ], [ 131.26882840439302, 31.867675463794896 ], [ 131.268761450125709, 31.867635254506663 ], [ 131.268710601332344, 31.867609064118763 ], [ 131.268639538357377, 31.867568920482 ], [ 131.268584984608708, 31.867538792342028 ], [ 131.268520555080443, 31.867529900412368 ], [ 131.268419059704229, 31.867516962675982 ], [ 131.268360686688965, 31.867521968037348 ], [ 131.268294188897812, 31.86749227899768 ], [ 131.26826975557006, 31.867427066301492 ], [ 131.268229235525041, 31.867381280652562 ], [ 131.2682330437205, 31.867333584218414 ], [ 131.268255808911078, 31.867304639324402 ], [ 131.268380826270942, 31.867236915336878 ], [ 131.268495750860382, 31.86717796727563 ], [ 131.268635574812947, 31.867138884480109 ], [ 131.268733290280124, 31.867112126763075 ], [ 131.268825087851354, 31.867094332841695 ], [ 131.268944666748524, 31.867058290364515 ] ] ] } },
{ "type": "Feature", "properties": { "FNODE_": 20, "TNODE_": 19, "LPOLY_": 0, "RPOLY_": 0, "LENGTH": 77.784, "RINDOU_": 10, "RINDOU_ID": 12, "CLSID": 2, "NUM": 23, "林道名": "カワセミ", "総延長": 80, "区域": "12", "開設年度": 1968, "延長年度": null, "NO": 9, "内外区別": 1 }, "geometry": { "type": "MultiLineString", "coordinates": [ [ [ 131.29800879337094, 31.859917641799466 ], [ 131.297988578187244, 31.859976864318373 ], [ 131.297982579762589, 31.85999443732273 ], [ 131.297956287681501, 31.860053264983311 ], [ 131.297919342873257, 31.860098518252045 ], [ 131.297871760064851, 31.860134777174082 ], [ 131.297797661170961, 31.860166659006182 ], [ 131.297707634051477, 31.860193997992607 ], [ 131.297642831402982, 31.860234877224975 ], [ 131.297628439327099, 31.860284446326201 ], [ 131.29764986696847, 31.860343232702153 ], [ 131.297750898748774, 31.860419659845864 ] ] ] } },
{ "type": "Feature", "properties": { "FNODE_": 25, "TNODE_": 26, "LPOLY_": 0, "RPOLY_": 0, "LENGTH": 508.531, "RINDOU_": 13, "RINDOU_ID": 15, "CLSID": 2, "NUM": 26, "林道名": "シラサギ支線１", "総延長": 400, "区域": "8", "開設年度": 1971, "延長年度": null, "NO": 10, "内外区別": 1 }, "geometry": { "type": "MultiLineString", "coordinates": [ [ [ 131.290312205178907, 31.859070510886987 ], [ 131.290243197883939, 31.859048190709384 ], [ 131.290174204526011, 31.859030309627325 ], [ 131.290065443564572, 31.85902179933797 ], [ 131.289936178432015, 31.858993457889888 ], [ 131.289848848974884, 31.858963588936675 ], [ 131.289806823799267, 31.858936480318423 ], [ 131.289780113684515, 31.858893332604307 ], [ 131.289806586417313, 31.858860594940602 ], [ 131.289886355553904, 31.858799885289322 ], [ 131.289989733918929, 31.858735601195544 ], [ 131.290074067215329, 31.858645265489564 ], [ 131.290124845570915, 31.858619579901877 ], [ 131.290200892142138, 31.858629682475531 ], [ 131.290239980414441, 31.858648365858411 ], [ 131.290269932253665, 31.858693671693398 ], [ 131.29030575389973, 31.858743134869385 ], [ 131.290350851206824, 31.85880535749909 ], [ 131.290393058213226, 31.858863592169534 ], [ 131.290455043967029, 31.85892276378663 ], [ 131.290511642711579, 31.858959610037196 ], [ 131.290574529362402, 31.859000549702287 ], [ 131.290674235472892, 31.859007404686629 ], [ 131.290705103641017, 31.858962863759249 ], [ 131.290682505337088, 31.858925891077774 ], [ 131.290616926141041, 31.858877359412915 ], [ 131.290559793393044, 31.858847421944354 ], [ 131.290510999295805, 31.85880171549573 ], [ 131.290480676795084, 31.858761694080371 ], [ 131.290443657392473, 31.858725983380346 ], [ 131.290406593137021, 31.8586759546736 ], [ 131.290368508677034, 31.858602519847263 ], [ 131.290361209555698, 31.85855983917542 ], [ 131.290352520603335, 31.858505940252758 ], [ 131.290331112811486, 31.858451873583533 ], [ 131.290314960307683, 31.858388705194745 ], [ 131.290264538172437, 31.858351356226937 ], [ 131.290194288563185, 31.8583549571627 ], [ 131.290133398168962, 31.858374815881387 ], [ 131.290067308836569, 31.858414464761019 ], [ 131.290023293923184, 31.858441428651812 ], [ 131.289941271888893, 31.858455112347976 ], [ 131.28984143396309, 31.85849813293046 ], [ 131.289706675946064, 31.858553359205924 ], [ 131.289626197450929, 31.858544301150008 ], [ 131.289552897965791, 31.858489667731288 ], [ 131.289502291068857, 31.858397317610297 ], [ 131.289361235326453, 31.858333922622478 ], [ 131.289223511709054, 31.858120309542311 ], [ 131.289140929050859, 31.857999349221924 ], [ 131.289120160239065, 31.857891210378462 ], [ 131.289101917370829, 31.857734684696013 ], [ 131.289100084771661, 31.857606004359429 ], [ 131.289055104326081, 31.857507616997253 ], [ 131.289050764945301, 31.857391344934047 ], [ 131.289053918332428, 31.857187013232053 ] ] ] } },
{ "type": "Feature", "properties": { "FNODE_": 27, "TNODE_": 28, "LPOLY_": 0, "RPOLY_": 0, "LENGTH": 433.363, "RINDOU_": 14, "RINDOU_ID": 16, "CLSID": 2, "NUM": 27, "林道名": "シラサギ支線２", "総延長": 300, "区域": "8", "開設年度": 1972, "延長年度": null, "NO": 11, "内外区別": 1 }, "geometry": { "type": "MultiLineString", "coordinates": [ [ [ 131.290704751174218, 31.858962287094887 ], [ 131.29073463794802, 31.858900812181925 ], [ 131.290770419622731, 31.858730253386032 ], [ 131.290828083316541, 31.858621405863023 ], [ 131.290888977844759, 31.858554784781312 ], [ 131.290927148977744, 31.858518688109335 ], [ 131.29097529178668, 31.858473051951016 ], [ 131.291051196015445, 31.858430453069605 ], [ 131.291136345987212, 31.858384177716687 ], [ 131.291199925949741, 31.858359874783517 ], [ 131.291270006866966, 31.8583075532955 ], [ 131.29130010774486, 31.85823044674509 ], [ 131.29128978245123, 31.858186925260078 ], [ 131.291273597234436, 31.858139838375632 ], [ 131.291256652561088, 31.858086184309744 ], [ 131.291232634885176, 31.858021393010141 ], [ 131.291235940238352, 31.857965865380251 ], [ 131.291241018809615, 31.85790715811719 ], [ 131.291230682371832, 31.857829711168936 ], [ 131.291216345289996, 31.857769464798071 ], [ 131.291205730387986, 31.857689575015254 ], [ 131.291226499435652, 31.857649211398709 ], [ 131.291273864240225, 31.857593275778825 ], [ 131.291298513355429, 31.85756116202927 ], [ 131.291332749538071, 31.857451070228258 ], [ 131.291318785535879, 31.857380467391078 ], [ 131.291307714988335, 31.85732714096109 ], [ 131.291252107806145, 31.85727195915209 ], [ 131.291187429226198, 31.857208419563168 ], [ 131.291144114309901, 31.857165933672444 ], [ 131.290995299165644, 31.857098667406156 ], [ 131.290902551989205, 31.85703298930931 ], [ 131.290843019531167, 31.856991213765451 ], [ 131.290803544458214, 31.856962531185932 ], [ 131.290773612926927, 31.856915259562776 ], [ 131.290758841306712, 31.856815530432776 ], [ 131.290747302718927, 31.856748965812297 ], [ 131.290732975066874, 31.856712963811574 ], [ 131.29067983479672, 31.856666651369 ], [ 131.290634550311722, 31.85661276983955 ], [ 131.290595985181284, 31.856550106005425 ], [ 131.290570509758027, 31.856480139319785 ], [ 131.290492809080348, 31.85642827360277 ], [ 131.290440244084266, 31.856375146742558 ], [ 131.290426019033248, 31.856326247138913 ], [ 131.290421012844604, 31.856291359441286 ], [ 131.290417242313168, 31.856255326447805 ], [ 131.290413390814365, 31.856218519660846 ], [ 131.290407792974293, 31.856164205910815 ], [ 131.290400759043905, 31.856121274802852 ], [ 131.290365065177753, 31.856066259210444 ], [ 131.290341030831684, 31.856044178781875 ], [ 131.290287854625461, 31.856003406169219 ], [ 131.290275658670765, 31.855953563556231 ], [ 131.290265219642293, 31.855912673434819 ], [ 131.290248548274064, 31.855864483105275 ], [ 131.290207380672598, 31.85582339730659 ], [ 131.290140391500927, 31.855815551174071 ], [ 131.290072708119965, 31.855801177173934 ], [ 131.290029679695266, 31.855771280186524 ], [ 131.290002770825936, 31.855707456274192 ] ] ] } },
{ "type": "Feature", "properties": { "FNODE_": 29, "TNODE_": 30, "LPOLY_": 0, "RPOLY_": 0, "LENGTH": 2193.96, "RINDOU_": 15, "RINDOU_ID": 17, "CLSID": 1, "NUM": 4, "林道名": "ハエ", "総延長": 2159, "区域": "5,6,21", "開設年度": 1960, "延長年度": "1961", "NO": 12, "内外区別": 1 }, "geometry": { "type": "MultiLineString", "coordinates": [ [ [ 131.291062825876168, 31.864349650582625 ], [ 131.291035943215604, 31.864424783718789 ], [ 131.290936687269436, 31.864446460440281 ], [ 131.290873008643871, 31.864433077232842 ], [ 131.290809147168716, 31.864374598171235 ], [ 131.290745172309755, 31.864279971880155 ], [ 131.290691863626904, 31.864203359671379 ], [ 131.290659978714302, 31.864185394053422 ], [ 131.290527409009826, 31.864181328281788 ], [ 131.29040538547082, 31.864163638953805 ], [ 131.290315035688906, 31.864109729748868 ], [ 131.29025656317404, 31.864064766975549 ], [ 131.290208644720337, 31.864015270466421 ], [ 131.290150228821801, 31.863988346011705 ], [ 131.290054694368592, 31.86396608628236 ], [ 131.289985683257299, 31.863943695541085 ], [ 131.289895453590958, 31.863921423595272 ], [ 131.289826365468144, 31.863880994444429 ], [ 131.289773205606139, 31.863845038587471 ], [ 131.289720248916183, 31.863813624887825 ], [ 131.289653361738772, 31.863783849972108 ], [ 131.289586259737604, 31.863775639384649 ], [ 131.289483762046046, 31.863763648286763 ], [ 131.2893873398111, 31.863753793054549 ], [ 131.289257848042695, 31.863738649819602 ], [ 131.289076470216969, 31.863717430069055 ], [ 131.289028235818421, 31.863729169862207 ], [ 131.28892798044356, 31.863771991847031 ], [ 131.288852538197716, 31.863816371540729 ], [ 131.288744371658396, 31.863883251685191 ], [ 131.288726425052403, 31.863894442832272 ], [ 131.288669492951385, 31.863920704075944 ], [ 131.288617822226342, 31.863944296070049 ], [ 131.288604309919236, 31.863948724851895 ], [ 131.288585073346752, 31.863954485918907 ], [ 131.288474703153582, 31.863987540078163 ], [ 131.28843991401601, 31.863988951645716 ], [ 131.288413690916371, 31.863984517912616 ], [ 131.28827057756115, 31.86396031633527 ], [ 131.288140037894721, 31.863938171004317 ], [ 131.287922855345073, 31.863901326867374 ], [ 131.2877620938186, 31.863836276505886 ], [ 131.287718824450934, 31.863818439307657 ], [ 131.28763570521906, 31.863785604459252 ], [ 131.287552334730833, 31.863683429310285 ], [ 131.287496051437444, 31.863619435681279 ], [ 131.287452271808888, 31.863572989487196 ], [ 131.287425610382712, 31.863543704778234 ], [ 131.287348829008181, 31.863511116302337 ], [ 131.287279833749153, 31.863505145444986 ], [ 131.287184363053228, 31.863496412285262 ], [ 131.287115380930516, 31.863483039166148 ], [ 131.287030505653632, 31.863469772344061 ], [ 131.286972070371633, 31.863442846466278 ], [ 131.28688714657639, 31.863420560406922 ], [ 131.286791662039917, 31.863407317357559 ], [ 131.286749301346731, 31.863425521843222 ], [ 131.286712363664151, 31.863475281466744 ], [ 131.286707330502281, 31.863543007657526 ], [ 131.286691667538975, 31.863610828273895 ], [ 131.286665394955463, 31.863678602340652 ], [ 131.286638996737167, 31.863705790057381 ], [ 131.286586040445314, 31.863728527994866 ], [ 131.286538486122197, 31.863769362702914 ], [ 131.286512095098033, 31.863805569627392 ], [ 131.286491057289481, 31.863850783737156 ], [ 131.286480608224309, 31.863895973990594 ], [ 131.286427734901423, 31.863932240550525 ], [ 131.286374750543047, 31.863945959212849 ], [ 131.286316377607392, 31.863932561771243 ], [ 131.286252672329482, 31.86391022751797 ], [ 131.286188946223461, 31.863887822816562 ], [ 131.286119894298224, 31.863851901189687 ], [ 131.286040288952449, 31.863834112226275 ], [ 131.28597675760173, 31.863861383320849 ], [ 131.285929188802214, 31.863897637745836 ], [ 131.285881564765219, 31.863929382651946 ], [ 131.285833947637769, 31.863956688362268 ], [ 131.285770388315598, 31.863974940166141 ], [ 131.285703888549023, 31.864005838778183 ], [ 131.285640092785513, 31.864036133990009 ], [ 131.285590162903787, 31.864059844561922 ], [ 131.285542785547563, 31.864083964265923 ], [ 131.285495258379598, 31.864133817773251 ], [ 131.285474241055311, 31.864192560543941 ], [ 131.285447946365878, 31.864246805531174 ], [ 131.285421554779106, 31.864283012229873 ], [ 131.285363285983237, 31.864296742331419 ], [ 131.285304940966824, 31.86429243407698 ], [ 131.285238452380554, 31.864277987610244 ], [ 131.28514947946266, 31.864239562645423 ], [ 131.285095041856465, 31.864198127893633 ], [ 131.285036828766977, 31.864181076676026 ], [ 131.28493542472134, 31.864172772226379 ], [ 131.284767648306115, 31.864171000312727 ], [ 131.284730892696729, 31.864161374567946 ], [ 131.284672781354857, 31.864146156050122 ], [ 131.284591215327737, 31.86411291370278 ], [ 131.28455170612142, 31.864052337460308 ], [ 131.284524460201425, 31.864010358111443 ], [ 131.284505335703443, 31.863983455832507 ], [ 131.284496082179203, 31.863970438966927 ], [ 131.284473323369753, 31.863934694654496 ], [ 131.284437951101268, 31.863888955887145 ], [ 131.284408472772157, 31.863850362973338 ], [ 131.284398958649689, 31.86384352027433 ], [ 131.284356514388804, 31.863812993706581 ], [ 131.284312137885252, 31.863801298172397 ], [ 131.28430382277233, 31.86380001388526 ], [ 131.284289382997827, 31.863807853238733 ], [ 131.284249772091044, 31.863829357984567 ], [ 131.284186254814898, 31.863906101719223 ], [ 131.284111718231912, 31.863945643006808 ], [ 131.283989257535438, 31.863949496054531 ], [ 131.283829874391188, 31.863949135967843 ], [ 131.283703206284059, 31.863948702703407 ], [ 131.283578993349295, 31.863928218512122 ], [ 131.28349928755182, 31.863923384888977 ], [ 131.283455708121096, 31.863928360384282 ], [ 131.283426614272685, 31.863946010760142 ], [ 131.283435741108462, 31.863990821556673 ], [ 131.283461861496932, 31.864028706276606 ], [ 131.283485387245634, 31.864063270952332 ], [ 131.283512090468548, 31.864121907019179 ], [ 131.283513057865832, 31.86417432843017 ], [ 131.283472834003419, 31.864187781647452 ], [ 131.283385617039187, 31.864195612342346 ], [ 131.283271527685258, 31.864193957444424 ], [ 131.283197732288244, 31.864201758113808 ], [ 131.283121655846998, 31.864233428228609 ], [ 131.283069842017881, 31.864307822162345 ], [ 131.283005717789706, 31.864320548436133 ], [ 131.282911620754163, 31.864273030837314 ], [ 131.282853005015284, 31.864231383028617 ], [ 131.282815699849408, 31.864181860114993 ], [ 131.282783695894608, 31.864135861696347 ], [ 131.282765643096837, 31.864084356713438 ], [ 131.282745365046537, 31.864036674832303 ], [ 131.282711636322347, 31.863979477456159 ], [ 131.282680249436197, 31.863956638282204 ], [ 131.282637753666847, 31.863958641813518 ], [ 131.282577449847224, 31.86398932108219 ], [ 131.282483551318677, 31.86400671139813 ], [ 131.282418639681936, 31.863993492015851 ], [ 131.282369334172216, 31.86396305624141 ], [ 131.282342432865164, 31.863944025181539 ], [ 131.282311046081418, 31.863921185915729 ], [ 131.282277428206271, 31.863900260673038 ], [ 131.282243816163458, 31.863881244487178 ], [ 131.282183413391465, 31.86387946944993 ], [ 131.282134241761895, 31.863892942098513 ], [ 131.282056100546384, 31.863942751479684 ], [ 131.282027125139479, 31.863977179158685 ], [ 131.281983526539761, 31.864030252774089 ], [ 131.281893717522507, 31.864022786895433 ], [ 131.28181427200451, 31.864020336429775 ], [ 131.281736045661575, 31.864005559117132 ], [ 131.281726698145746, 31.864003223221985 ], [ 131.281686428863082, 31.863995354004285 ], [ 131.281557795786057, 31.863961015205561 ], [ 131.281417633302652, 31.863927023878666 ], [ 131.281298670028093, 31.863913122864055 ], [ 131.281274877414006, 31.863910606833624 ], [ 131.281214135100555, 31.863908560078425 ], [ 131.281153055641369, 31.86390677635865 ], [ 131.281075429548395, 31.863898542010833 ], [ 131.280986317661586, 31.863879962644738 ], [ 131.280911663030366, 31.863853844981666 ], [ 131.280852557680561, 31.863809513783107 ], [ 131.28078186043669, 31.863706583264094 ], [ 131.280770266452691, 31.863658587446675 ], [ 131.280764690200471, 31.863610900602723 ], [ 131.280879212328728, 31.863473970922286 ], [ 131.280903826601104, 31.863428422066534 ], [ 131.280895190659038, 31.863344236982506 ], [ 131.280895060593991, 31.863306133016678 ], [ 131.280951241749392, 31.863242522619334 ], [ 131.280991599537998, 31.863208372051684 ], [ 131.281034339483739, 31.863172712059804 ], [ 131.281078535398734, 31.863122248481414 ], [ 131.281106320739838, 31.863077138804286 ], [ 131.281132624606272, 31.863018385049919 ], [ 131.281153520807692, 31.862932515021424 ], [ 131.281190070379012, 31.862774385886773 ], [ 131.281191618302415, 31.862674257904235 ], [ 131.281170831940841, 31.862584745122895 ], [ 131.281139967266881, 31.862523916371426 ], [ 131.281119304409629, 31.86249116245585 ], [ 131.281078675816929, 31.862439098353633 ], [ 131.280983857533784, 31.862385102975502 ], [ 131.280927004583077, 31.862347756910868 ], [ 131.280866501575105, 31.862311234926256 ], [ 131.280818800359526, 31.862287347240212 ], [ 131.28077471442117, 31.862283472369942 ], [ 131.280790929478286, 31.862369189950773 ], [ 131.280849601922597, 31.862468342656012 ], [ 131.280908219790859, 31.862549456944521 ], [ 131.280956290171758, 31.862644123387469 ], [ 131.280977748422828, 31.862716300474652 ], [ 131.280956770037193, 31.862775112897754 ], [ 131.28093751362141, 31.862815598222745 ], [ 131.280897653091671, 31.862853169606538 ], [ 131.280839807969187, 31.862863939756597 ], [ 131.280778282203272, 31.862860178059805 ], [ 131.280723276634433, 31.862849732582962 ], [ 131.280653250606377, 31.862809319203816 ], [ 131.280577697448763, 31.862790395121255 ], [ 131.280541456261119, 31.862826270307831 ], [ 131.28046886542009, 31.862862225653664 ], [ 131.28038469960768, 31.862934917004118 ], [ 131.280371699082565, 31.862981781906136 ], [ 131.280373918207403, 31.863059170298616 ], [ 131.280391852758669, 31.863099364616485 ], [ 131.280428469190781, 31.863147733043323 ], [ 131.280476803887467, 31.863199179169698 ], [ 131.280521218188483, 31.863248818243271 ], [ 131.280552133709079, 31.863289067645447 ], [ 131.280552454092515, 31.863316727819136 ], [ 131.280465666623712, 31.863320162190796 ], [ 131.280366105741905, 31.863289964662286 ], [ 131.280239441440017, 31.863240001937907 ], [ 131.280152805593588, 31.863204574947623 ], [ 131.280056551071823, 31.86319323350024 ], [ 131.27993984233737, 31.863192428643327 ], [ 131.279856421013335, 31.863157577775148 ], [ 131.279750877882293, 31.863099892911006 ], [ 131.27958364392569, 31.863001396623794 ], [ 131.279182570219319, 31.862782668517923 ], [ 131.278905297933079, 31.862632941542341 ], [ 131.278823203614877, 31.862588610417724 ], [ 131.278779309711325, 31.862560045816103 ], [ 131.278781848641557, 31.86250629159845 ], [ 131.278786962479813, 31.862456604023066 ], [ 131.27881324050108, 31.862388831539722 ], [ 131.278850052561921, 31.862302926980298 ], [ 131.278881668559251, 31.862253110824831 ], [ 131.278886728023167, 31.862185384852246 ], [ 131.278849432654539, 31.862131280636607 ], [ 131.278759159590265, 31.862099981606864 ], [ 131.278700748190346, 31.862073051858641 ], [ 131.278636943760262, 31.862023585760088 ], [ 131.278605034789194, 31.861996597899523 ], [ 131.278604776286556, 31.861924373956665 ], [ 131.278625701723854, 31.861847523513255 ], [ 131.278651904580499, 31.86176164224662 ], [ 131.278662282334039, 31.861698414252604 ], [ 131.27865667830514, 31.861612602671936 ], [ 131.278624626543746, 31.861544958010477 ], [ 131.27858728403595, 31.861481905020831 ], [ 131.278555259491867, 31.861423279537092 ], [ 131.278502003398557, 31.861360261374873 ], [ 131.27843288124356, 31.861306226719918 ], [ 131.278353225325645, 31.861270394521657 ], [ 131.278284171271537, 31.861238978240767 ], [ 131.27818867662279, 31.86122121910882 ], [ 131.278071990875759, 31.861212525497312 ], [ 131.277971272933428, 31.86122183539339 ], [ 131.277854689213342, 31.861240269593619 ], [ 131.277716934904163, 31.861267769175509 ], [ 131.277600338957654, 31.861336901872729 ], [ 131.277483010831958, 31.861372953165443 ], [ 131.277360607955217, 31.861392212081114 ], [ 131.277247667340447, 31.86140519162181 ], [ 131.277097393136984, 31.861399456771746 ], [ 131.276945733958712, 31.86139366888672 ], [ 131.276810071125112, 31.861370861629254 ], [ 131.276670238688524, 31.861350111194422 ], [ 131.2766355417684, 31.861288890783396 ], [ 131.276577818809756, 31.861223353231235 ], [ 131.276535078214948, 31.861245698075656 ], [ 131.276388550554913, 31.861259642148017 ], [ 131.276258697649723, 31.861268238425851 ], [ 131.276104907224521, 31.861280901256542 ], [ 131.276058043118155, 31.86121258237759 ], [ 131.276042073459735, 31.86117010698073 ] ] ] } },
{ "type": "Feature", "properties": { "FNODE_": 31, "TNODE_": 32, "LPOLY_": 0, "RPOLY_": 0, "LENGTH": 481.083, "RINDOU_": 16, "RINDOU_ID": 18, "CLSID": 2, "NUM": 21, "林道名": "コゲラ", "総延長": 330, "区域": "6,7", "開設年度": 1967, "延長年度": "1988,1989", "NO": 13, "内外区別": 1 }, "geometry": { "type": "MultiLineString", "coordinates": [ [ [ 131.287675559546642, 31.863802033893336 ], [ 131.287634143781247, 31.863536042123535 ], [ 131.287633938108797, 31.863535878092179 ], [ 131.287633172944396, 31.863529828113286 ], [ 131.287589734077244, 31.863500421077777 ], [ 131.287545136541951, 31.863447243469146 ], [ 131.287537219306472, 31.863400281943647 ], [ 131.28756961683834, 31.863342235158054 ], [ 131.287581688195303, 31.863314770456785 ], [ 131.28759106404766, 31.863293438544307 ], [ 131.287607491256438, 31.863248130166856 ], [ 131.287619636089119, 31.863191094795848 ], [ 131.287592362653413, 31.863183437092445 ], [ 131.28753439430713, 31.863170169853408 ], [ 131.287449930216383, 31.863169494182802 ], [ 131.287405225413465, 31.86318033378739 ], [ 131.287350719327804, 31.8631864228261 ], [ 131.287315815775827, 31.863202012949575 ], [ 131.287252207146793, 31.863202710632926 ], [ 131.287204548415076, 31.863216347148423 ], [ 131.287146217980307, 31.863216549328481 ], [ 131.287093136081808, 31.863198630668418 ], [ 131.287024077877078, 31.863167289630681 ], [ 131.286954991560094, 31.863126858904419 ], [ 131.286901805302904, 31.863081882645542 ], [ 131.286869865423029, 31.863045807228474 ], [ 131.286853819099861, 31.863009766417687 ], [ 131.286842930897421, 31.862933056875988 ], [ 131.286847970388095, 31.8628607505708 ], [ 131.286842414776658, 31.862793048250964 ], [ 131.286842198414007, 31.862729843513584 ], [ 131.286831366111869, 31.862671172345102 ], [ 131.286805292993449, 31.862664587401362 ], [ 131.286759935274574, 31.862663729929061 ], [ 131.286687881076659, 31.862640228045933 ], [ 131.286633443572811, 31.862633008627636 ], [ 131.286581726211693, 31.862628394048564 ], [ 131.28654083530347, 31.862628250592525 ], [ 131.286500384078892, 31.862662832323686 ], [ 131.286483036937256, 31.862699629553109 ], [ 131.286477548827918, 31.862745685814797 ], [ 131.286459753149273, 31.862810636484742 ], [ 131.286436017582048, 31.862868994572654 ], [ 131.28640331433337, 31.862887347244136 ], [ 131.286330662891856, 31.862880058830267 ], [ 131.286263997918951, 31.862864970561951 ], [ 131.28622614046688, 31.862848268068973 ], [ 131.28618071191795, 31.862819247286961 ], [ 131.286136083938715, 31.862788665029846 ], [ 131.286096899657508, 31.862766627014757 ], [ 131.28602884698617, 31.862745322292206 ], [ 131.285973043708566, 31.862736792786531 ], [ 131.285897747826681, 31.862732658820768 ], [ 131.285832061359116, 31.862696251776132 ], [ 131.285778389872064, 31.862665741810932 ], [ 131.285720433704853, 31.862642406700243 ], [ 131.285687173309668, 31.862639246224173 ], [ 131.285664947911386, 31.862639532501962 ], [ 131.285639975873949, 31.862660381140955 ], [ 131.285627796193666, 31.862688466996666 ], [ 131.285612820261036, 31.862742075474582 ], [ 131.285632493729537, 31.862808858240914 ], [ 131.285686023281471, 31.862883000383253 ], [ 131.285716680432756, 31.862924537066334 ], [ 131.285755860138863, 31.862977620700988 ], [ 131.285791391459895, 31.863025761163264 ], [ 131.285818620680914, 31.86306754652345 ], [ 131.285846712022845, 31.863103213042319 ], [ 131.285898827129216, 31.863181417487549 ], [ 131.285867582613236, 31.863245149532734 ], [ 131.285735063466717, 31.863251174581386 ], [ 131.285600712107794, 31.863207090290043 ], [ 131.285501592150268, 31.863162926767917 ], [ 131.285415924600784, 31.863128755641153 ], [ 131.285352062524112, 31.86309310372236 ], [ 131.285242828239831, 31.863033212790562 ], [ 131.285144420157081, 31.862972192776127 ] ] ] } },
{ "type": "Feature", "properties": { "FNODE_": 33, "TNODE_": 6, "LPOLY_": 0, "RPOLY_": 0, "LENGTH": 128.429, "RINDOU_": 17, "RINDOU_ID": 19, "CLSID": 2, "NUM": 20, "林道名": "メジロ", "総延長": 100, "区域": "21", "開設年度": 1967, "延長年度": null, "NO": 14, "内外区別": 1 }, "geometry": { "type": "MultiLineString", "coordinates": [ [ [ 131.28843991401601, 31.863988951645716 ], [ 131.288413690916371, 31.863984517912616 ], [ 131.288163162464087, 31.864000180485707 ], [ 131.287999831248982, 31.863989096006037 ], [ 131.287926018632419, 31.863991172221453 ], [ 131.287827599827267, 31.863993304087106 ], [ 131.287755964820747, 31.863976284491851 ], [ 131.287675376210672, 31.863957376031841 ], [ 131.28762392693389, 31.863957492403852 ], [ 131.287532349307014, 31.864001608292153 ], [ 131.287456412309353, 31.86403996152692 ], [ 131.28735139518389, 31.864078380427344 ], [ 131.287237501296318, 31.864139728230914 ], [ 131.287170760373101, 31.864258241813516 ], [ 131.287147189025859, 31.864364388430118 ], [ 131.287228395185394, 31.864449353569871 ] ] ] } },
{ "type": "Feature", "properties": { "FNODE_": 31, "TNODE_": 13, "LPOLY_": 0, "RPOLY_": 0, "LENGTH": 803.477, "RINDOU_": 18, "RINDOU_ID": 20, "CLSID": 2, "NUM": 17, "林道名": "カケス", "総延長": 921, "区域": "21", "開設年度": 1967, "延長年度": null, "NO": 15, "内外区別": 1 }, "geometry": { "type": "MultiLineString", "coordinates": [ [ [ 131.287633165780647, 31.863783443304751 ], [ 131.287474053873041, 31.863826088019707 ], [ 131.287356683284457, 31.863838959320844 ], [ 131.287240074631171, 31.863849545086961 ], [ 131.287088968484028, 31.863858891718589 ], [ 131.286993892306782, 31.863864772538001 ], [ 131.286871067024066, 31.863908097717637 ], [ 131.286768038972781, 31.863950712520779 ], [ 131.286711735760576, 31.863974877185473 ], [ 131.286591315051709, 31.864053408384944 ], [ 131.286544940272364, 31.864080864608432 ], [ 131.286491983743389, 31.864103602506816 ], [ 131.28636563185691, 31.864170257240275 ], [ 131.286211122645796, 31.864213438808346 ], [ 131.286010415270653, 31.864286906415494 ], [ 131.285895746063687, 31.86434497167037 ], [ 131.285801392192127, 31.864452718250867 ], [ 131.285644381282395, 31.864559933762099 ], [ 131.285544277424037, 31.864631385653745 ], [ 131.285460916271091, 31.864718857387182 ], [ 131.285428669920066, 31.864749213181629 ], [ 131.285265903827536, 31.864818039869615 ], [ 131.285087452116699, 31.864835907852509 ], [ 131.284981302626335, 31.864807582098734 ], [ 131.284874872551597, 31.864776674490685 ], [ 131.284749760438558, 31.864723149707388 ], [ 131.28467021660299, 31.864718818164569 ], [ 131.28463311806658, 31.864723481291257 ], [ 131.284585479303388, 31.864750716119037 ], [ 131.284585673215616, 31.864800392021419 ], [ 131.284596483715546, 31.864859063414567 ], [ 131.284633866395467, 31.864926694584661 ], [ 131.28471358353238, 31.864980631633237 ], [ 131.284782732507608, 31.86503459229754 ], [ 131.284846556150825, 31.865088564851728 ], [ 131.284883842342424, 31.865138157662845 ], [ 131.284889368935751, 31.865196840863955 ], [ 131.284857720462014, 31.865242078467432 ], [ 131.284783550501061, 31.865260353545402 ], [ 131.284635300640531, 31.865319521955374 ], [ 131.284513567741726, 31.865383140494206 ], [ 131.284413025931627, 31.865437621812951 ], [ 131.284328377745823, 31.865492067517877 ], [ 131.284264934595001, 31.865541885680759 ], [ 131.28423324418128, 31.865573594348579 ], [ 131.284185750252419, 31.86564148578308 ], [ 131.284133138095257, 31.865750045716386 ], [ 131.284075172479334, 31.865849527874129 ], [ 131.28404357892191, 31.865912874109426 ], [ 131.283990744974005, 31.865962668436609 ], [ 131.283932585719242, 31.866012545094627 ], [ 131.283863851209333, 31.866066954956377 ], [ 131.283805760740563, 31.866125850650594 ], [ 131.283779381796819, 31.86616656659783 ], [ 131.283763646959812, 31.866211768412477 ], [ 131.283779775768323, 31.866274937619878 ], [ 131.28378540528351, 31.866360678374406 ], [ 131.283764393203228, 31.866414911212068 ], [ 131.283706295626814, 31.866478316498327 ], [ 131.283632228164237, 31.866523718882544 ], [ 131.283531636345003, 31.866569180364959 ], [ 131.283420469149149, 31.866619174961617 ], [ 131.283346325605748, 31.8666465388538 ], [ 131.283261634095481, 31.86668738460699 ], [ 131.283224665878549, 31.866728194486761 ], [ 131.283203549793143, 31.866755299256763 ], [ 131.283156427037909, 31.866918032494375 ], [ 131.283146169163615, 31.867012898355227 ], [ 131.283130420090288, 31.867053590495324 ], [ 131.283104040587517, 31.867094306299801 ], [ 131.283019507226157, 31.867180318235899 ], [ 131.282823909052325, 31.86734352262707 ], [ 131.282760436289294, 31.867384320851439 ], [ 131.282712816249074, 31.867411554931515 ], [ 131.282654586581856, 31.867438883039405 ], [ 131.282501040710656, 31.867502570353111 ], [ 131.282352916423349, 31.867597812806547 ], [ 131.282231268312444, 31.867683977081857 ], [ 131.282023705561841, 31.867975383934677 ] ] ] } },
{ "type": "Feature", "properties": { "FNODE_": 34, "TNODE_": 35, "LPOLY_": 0, "RPOLY_": 0, "LENGTH": 87.498, "RINDOU_": 19, "RINDOU_ID": 21, "CLSID": 2, "NUM": 28, "林道名": "モマ", "総延長": 120, "区域": "6", "開設年度": 1972, "延長年度": null, "NO": 16, "内外区別": 1 }, "geometry": { "type": "MultiLineString", "coordinates": [ [ [ 131.280774767806889, 31.86228375458295 ], [ 131.280750908166908, 31.862246989801388 ], [ 131.280705501288963, 31.862206891029256 ], [ 131.280661765867052, 31.862175479257292 ], [ 131.280621371840709, 31.862132614108024 ], [ 131.280583272558545, 31.862108834677123 ], [ 131.280533323502709, 31.862078319328887 ], [ 131.280483517439933, 31.86203841878223 ], [ 131.280466117677946, 31.861990886591784 ], [ 131.280412962508734, 31.861954926784151 ], [ 131.280337790915695, 31.861929922561121 ], [ 131.280287365860488, 31.861898533891392 ], [ 131.280274640382032, 31.861828962120875 ], [ 131.280272381404075, 31.861751567790026 ], [ 131.280231791386711, 31.861643794238685 ] ] ] } },
{ "type": "Feature", "properties": { "FNODE_": 37, "TNODE_": 36, "LPOLY_": 0, "RPOLY_": 0, "LENGTH": 907.481, "RINDOU_": 20, "RINDOU_ID": 22, "CLSID": 2, "NUM": 18, "林道名": "コジュケイ", "総延長": 927, "区域": "5,6", "開設年度": 1967, "延長年度": "1978", "NO": 17, "内外区別": 1 }, "geometry": { "type": "MultiLineString", "coordinates": [ [ [ 131.2807603249328, 31.863609445291075 ], [ 131.280567280989402, 31.863573129133055 ], [ 131.280402884402378, 31.863569123013367 ], [ 131.280349830881249, 31.863560220726004 ], [ 131.280206420585756, 31.863492962853048 ], [ 131.280137412166027, 31.863470566750006 ], [ 131.280052537863128, 31.863457295265 ], [ 131.279951817906124, 31.863466677201565 ], [ 131.279909558229008, 31.863511936950683 ], [ 131.279883239820833, 31.863566180856257 ], [ 131.279883431203729, 31.863615856789579 ], [ 131.279910166289625, 31.863679003181758 ], [ 131.279936901412242, 31.863742149567514 ], [ 131.279958290768633, 31.863791708373085 ], [ 131.279979693992061, 31.863845847233343 ], [ 131.2799958131761, 31.863899997723394 ], [ 131.280017230079892, 31.863958646172357 ], [ 131.280033328665127, 31.864012796701871 ], [ 131.280065252383991, 31.864044293785355 ], [ 131.280107785555714, 31.864075767492885 ], [ 131.280235036378826, 31.864075346223558 ], [ 131.280468415485672, 31.864092729318624 ], [ 131.280691171363003, 31.864105555343841 ], [ 131.280818477121443, 31.864123242336145 ], [ 131.280903427700338, 31.864154622104259 ], [ 131.280993799463033, 31.864217557218229 ], [ 131.28102584020786, 31.864280691643355 ], [ 131.281015422748595, 31.864330391010323 ], [ 131.280959510283623, 31.8643706212921 ], [ 131.280929032628308, 31.86438290566895 ], [ 131.280873477511307, 31.864405297783996 ], [ 131.280386231842186, 31.864434346431178 ], [ 131.280324364140512, 31.864443197214797 ], [ 131.280011033892947, 31.864488021702567 ], [ 131.279647188414884, 31.864540124327071 ], [ 131.279355828958501, 31.864583470871306 ], [ 131.279119625701298, 31.86464080081431 ], [ 131.278906597178747, 31.864708570438154 ], [ 131.278814798953192, 31.864751466707073 ], [ 131.278725327921819, 31.864816730223854 ], [ 131.278644287952659, 31.864877226010101 ], [ 131.278576277885264, 31.864929525577999 ], [ 131.278521151562245, 31.864968802962043 ], [ 131.278436840647885, 31.865036467029284 ], [ 131.278381602692662, 31.865104144967159 ], [ 131.278353476425565, 31.865180532087304 ], [ 131.278327899051334, 31.865219668333857 ], [ 131.278286014607346, 31.865223694252467 ], [ 131.27821946498301, 31.86521382936715 ], [ 131.278119576669923, 31.865212551687591 ], [ 131.278063399958853, 31.865223282145823 ], [ 131.277945476820946, 31.865274866281304 ], [ 131.277901136207078, 31.86531518926439 ], [ 131.277848367126978, 31.865387599503851 ], [ 131.277806105547455, 31.865432858551184 ], [ 131.277769060460997, 31.865455558062589 ], [ 131.277721372315909, 31.865460242304408 ], [ 131.277662924927029, 31.865428802553094 ], [ 131.277631001539476, 31.865397304871472 ], [ 131.277604382964228, 31.865365795601633 ], [ 131.27757774355473, 31.865334215908572 ], [ 131.277524635445559, 31.865307344526908 ], [ 131.277397375550208, 31.865312202272573 ], [ 131.277280807210985, 31.865330635919694 ], [ 131.277180173039341, 31.86536256360802 ], [ 131.277105425242581, 31.86543388209887 ], [ 131.277049618755711, 31.865471510218654 ], [ 131.276957276881461, 31.865530649574218 ], [ 131.276864820218407, 31.865524070452466 ], [ 131.276815295245171, 31.865479669799367 ], [ 131.27676237748841, 31.865440013616045 ], [ 131.276704234171575, 31.8654283901589 ], [ 131.276628933385354, 31.865427462362188 ], [ 131.276533630394255, 31.865468326731293 ], [ 131.276454241926871, 31.865509226896247 ], [ 131.27638538831323, 31.865531995150221 ], [ 131.276216163987584, 31.865654475032176 ], [ 131.276184591789615, 31.865726768077543 ], [ 131.276147695241661, 31.865785614262524 ], [ 131.276102322170033, 31.865862502666218 ], [ 131.275921093206165, 31.865851441540023 ], [ 131.275625790030062, 31.8658444456083 ], [ 131.275490343767046, 31.865832770426316 ], [ 131.275428591250261, 31.86581689999851 ], [ 131.275313996071361, 31.86583385258124 ], [ 131.275272244326175, 31.865898374370559 ], [ 131.275264125175823, 31.865989073181943 ], [ 131.275297949361203, 31.866079681198297 ], [ 131.275323519717119, 31.866215647690748 ] ] ] } },
{ "type": "Feature", "properties": { "FNODE_": 41, "TNODE_": 40, "LPOLY_": 0, "RPOLY_": 0, "LENGTH": 370.35, "RINDOU_": 22, "RINDOU_ID": 24, "CLSID": 2, "NUM": 19, "林道名": "ホオジロ", "総延長": 200, "区域": "2", "開設年度": 1967, "延長年度": null, "NO": 18, "内外区別": 1 }, "geometry": { "type": "MultiLineString", "coordinates": [ [ [ 131.274214842934924, 31.85659951543602 ], [ 131.274227649151413, 31.856672557963122 ], [ 131.274217175477332, 31.856704218434189 ], [ 131.274169752692501, 31.856790144608453 ], [ 131.274074773460569, 31.856916900867322 ], [ 131.2740273977507, 31.857011846149362 ], [ 131.274011766570084, 31.857093194130393 ], [ 131.274022529221554, 31.857138267263998 ], [ 131.274059827049513, 31.857187863317034 ], [ 131.274123585675511, 31.857223802972296 ], [ 131.274235001770762, 31.857246040488725 ], [ 131.274288131206532, 31.857282002978398 ], [ 131.274325489931101, 31.857345127716098 ], [ 131.274341570453714, 31.85739469898207 ], [ 131.274368225885269, 31.857439808265053 ], [ 131.27447447275523, 31.857493624143146 ], [ 131.274564759556597, 31.857538525586026 ], [ 131.274633809597105, 31.857569943927341 ], [ 131.274686912632859, 31.857596887041161 ], [ 131.274713548607195, 31.857628396933741 ], [ 131.274734899935993, 31.857673517593661 ], [ 131.274745838226863, 31.857763757059423 ], [ 131.274740856396903, 31.857858611008051 ], [ 131.274735801379478, 31.857921827230474 ], [ 131.274714778597001, 31.857980568311209 ], [ 131.274693722945074, 31.858021270933669 ], [ 131.274656687309431, 31.858039459905502 ], [ 131.274570879647797, 31.858070685978554 ], [ 131.274450063542702, 31.858060924065295 ], [ 131.274265427032987, 31.858026958892239 ], [ 131.274206724153998, 31.858031380898861 ], [ 131.274154782465672, 31.858052970034617 ], [ 131.274129707599428, 31.858083092109677 ], [ 131.274111364257664, 31.858120358726122 ], [ 131.274088110968989, 31.858199158434434 ], [ 131.274078147077176, 31.858233543365792 ], [ 131.27406484069914, 31.858272230931121 ], [ 131.274033085016526, 31.858312390057858 ], [ 131.273996254178968, 31.858338242002194 ], [ 131.273930802611517, 31.858329792123548 ], [ 131.273877191562235, 31.858354248362705 ], [ 131.273825283470302, 31.858387291777589 ], [ 131.273763394385753, 31.858448992870922 ], [ 131.273686322250143, 31.858482090391611 ], [ 131.273590720381122, 31.858489455132954 ], [ 131.273486705151868, 31.858488247029488 ], [ 131.273374276591454, 31.858478466060287 ], [ 131.273256794149262, 31.858461536796035 ], [ 131.273168234852193, 31.858445854730107 ] ] ] } },
{ "type": "Feature", "properties": { "FNODE_": 42, "TNODE_": 43, "LPOLY_": 0, "RPOLY_": 0, "LENGTH": 693.906, "RINDOU_": 23, "RINDOU_ID": 26, "CLSID": 3, "NUM": 0, "林道名": null, "総延長": 0, "区域": null, "開設年度": 0, "延長年度": null, "NO": 19, "内外区別": 0 }, "geometry": { "type": "MultiLineString", "coordinates": [ [ [ 131.288380589961321, 31.854231468289729 ], [ 131.28832178696652, 31.854384806581617 ], [ 131.288288990237248, 31.854445015759755 ], [ 131.288235420896569, 31.854480932437141 ], [ 131.28817515478201, 31.854521159697175 ], [ 131.288109869400017, 31.854565693730564 ], [ 131.288027750851569, 31.854591652308937 ], [ 131.287950562492682, 31.854584668023335 ], [ 131.287891271941191, 31.854576450100488 ], [ 131.287841545668329, 31.854592073832091 ], [ 131.287795829680221, 31.85464729201588 ], [ 131.287756295454642, 31.854689506444043 ], [ 131.287751466397538, 31.854815927974286 ], [ 131.287751822846872, 31.854910770351662 ], [ 131.287775672016124, 31.854987402676258 ], [ 131.287777594125572, 31.855066147919811 ], [ 131.287764351730573, 31.855123450310856 ], [ 131.28774943178459, 31.855180756495201 ], [ 131.287724477727693, 31.855248108051278 ], [ 131.28770960664221, 31.855321164037292 ], [ 131.287704774091253, 31.855385606450088 ], [ 131.287705018611433, 31.855464355484667 ], [ 131.287710666295084, 31.85553542509906 ], [ 131.287698422182217, 31.855626490792567 ], [ 131.287755905086499, 31.855644648512452 ], [ 131.287890101873188, 31.855642197120009 ], [ 131.287994073948084, 31.855630507257263 ], [ 131.288109766534717, 31.855611631708076 ], [ 131.28824545150016, 31.855548324618518 ], [ 131.288327423802144, 31.855475116481223 ], [ 131.288401084042619, 31.855426267919313 ], [ 131.288473031005481, 31.855365968715148 ], [ 131.28855165681054, 31.855295631643695 ], [ 131.288620315401602, 31.855256816975899 ], [ 131.28871584126972, 31.855226532151192 ], [ 131.288814713219011, 31.855193376035633 ], [ 131.288893374330684, 31.855134493157806 ], [ 131.288918367686762, 31.855080027581391 ], [ 131.288946693752706, 31.855018395375215 ], [ 131.288988422163953, 31.854951005469186 ], [ 131.289025135791434, 31.854889354187343 ], [ 131.289098808599419, 31.854844800623489 ], [ 131.289211109164711, 31.854814477298437 ], [ 131.289305001558205, 31.85479851385308 ], [ 131.28940714739548, 31.854739577237204 ], [ 131.289510934839228, 31.854669182316684 ], [ 131.289599610983657, 31.854594526285972 ], [ 131.289679997848282, 31.854551388909005 ], [ 131.289795693211346, 31.85453394363368 ], [ 131.289908109640095, 31.85454084650981 ], [ 131.290049102241454, 31.854566297664931 ], [ 131.290183331016038, 31.854574582365998 ], [ 131.290299066681399, 31.854570022837763 ], [ 131.290408056341619, 31.854554024121022 ], [ 131.290525361749616, 31.85451509734547 ], [ 131.290704542203912, 31.854414461197969 ], [ 131.29087864476503, 31.854299518303019 ], [ 131.291148261851475, 31.854151424923941 ], [ 131.291357595653494, 31.854037832534011 ], [ 131.291466548468748, 31.854010378510008 ], [ 131.291485755195168, 31.853869562653053 ], [ 131.291496059922423, 31.853792734378196 ], [ 131.291490387805226, 31.853688884927521 ], [ 131.291506017481112, 31.853612114909659 ], [ 131.291500338913153, 31.853512775102864 ], [ 131.291468217457805, 31.853431604880409 ], [ 131.291436138608333, 31.853363963446188 ], [ 131.291377503258246, 31.85327834431348 ], [ 131.29134553691992, 31.853233321218887 ], [ 131.291329419480547, 31.853174662457942 ], [ 131.291345567534194, 31.853111772476872 ] ] ] } },
{ "type": "Feature", "properties": { "FNODE_": 44, "TNODE_": 45, "LPOLY_": 0, "RPOLY_": 0, "LENGTH": 171.716, "RINDOU_": 24, "RINDOU_ID": 27, "CLSID": 5, "NUM": 0, "林道名": null, "総延長": 0, "区域": null, "開設年度": 0, "延長年度": null, "NO": 20, "内外区別": 0 }, "geometry": { "type": "MultiLineString", "coordinates": [ [ [ 131.298832415629619, 31.853902190921797 ], [ 131.298648760670972, 31.853937149124746 ], [ 131.298468596648036, 31.853960261092372 ], [ 131.298304237176353, 31.853956277959899 ], [ 131.298198088414267, 31.853929539544232 ], [ 131.298097135927179, 31.853875660617703 ], [ 131.297996175190661, 31.85381276236906 ], [ 131.297830858932116, 31.853555959713759 ], [ 131.297680960621733, 31.85317707886697 ], [ 131.297622348839354, 31.853100552301015 ], [ 131.297403593807587, 31.853142182166167 ] ] ] } },
{ "type": "Feature", "properties": { "FNODE_": 46, "TNODE_": 24, "LPOLY_": 0, "RPOLY_": 0, "LENGTH": 191.507, "RINDOU_": 25, "RINDOU_ID": 28, "CLSID": 5, "NUM": 0, "林道名": null, "総延長": 0, "区域": null, "開設年度": 0, "延長年度": null, "NO": 21, "内外区別": 0 }, "geometry": { "type": "MultiLineString", "coordinates": [ [ [ 131.297403593807587, 31.853142182166167 ], [ 131.297096473575692, 31.853274149196466 ], [ 131.296970909704584, 31.853351998827801 ], [ 131.296828360570743, 31.853441757366184 ], [ 131.296770372899147, 31.853527716583951 ], [ 131.296585284984218, 31.853650190172395 ], [ 131.296458558310718, 31.853790566001564 ], [ 131.296426962864558, 31.853849405760993 ], [ 131.296347593195549, 31.853890318307169 ], [ 131.296072132028115, 31.853949866846744 ], [ 131.295711860285422, 31.85401419208652 ] ] ] } },
{ "type": "Feature", "properties": { "FNODE_": 47, "TNODE_": 48, "LPOLY_": 0, "RPOLY_": 0, "LENGTH": 2553.142, "RINDOU_": 26, "RINDOU_ID": 2, "CLSID": 4, "NUM": 0, "林道名": null, "総延長": 0, "区域": null, "開設年度": 0, "延長年度": null, "NO": 22, "内外区別": 0 }, "geometry": { "type": "MultiLineString", "coordinates": [ [ [ 131.31405953601336, 31.871740866685361 ], [ 131.314011014209569, 31.871664463997107 ], [ 131.313946485069124, 31.871579222508156 ], [ 131.313887261172084, 31.871493967888892 ], [ 131.313833136394095, 31.871390521270751 ], [ 131.313784296446556, 31.871287132048963 ], [ 131.313719526011369, 31.871179272495734 ], [ 131.313670948463539, 31.871098430653955 ], [ 131.313633464211023, 31.871062657582101 ], [ 131.313579375885439, 31.870963720372142 ], [ 131.313514421230565, 31.87083789316311 ], [ 131.313454601707434, 31.870698383487724 ], [ 131.313394931601721, 31.870572472721349 ], [ 131.31335139740878, 31.870468999776946 ], [ 131.313318174986335, 31.870338302788479 ], [ 131.313268667994606, 31.870171639444475 ], [ 131.313260209388972, 31.870057327701588 ], [ 131.3132285227924, 31.869879027488384 ], [ 131.31318443430763, 31.869721369982948 ], [ 131.31310017347019, 31.869412096671489 ], [ 131.312977159271838, 31.869212543235932 ], [ 131.312822827044243, 31.869136934554863 ], [ 131.312683966092152, 31.869038769144215 ], [ 131.312534588078449, 31.868949719124533 ], [ 131.312390628316933, 31.868869674850195 ], [ 131.31221411576513, 31.86872213654803 ], [ 131.312095525917954, 31.868538026597534 ], [ 131.312052142944111, 31.86844808164637 ], [ 131.312029958720586, 31.868357943738026 ], [ 131.312013135958068, 31.868272302286726 ], [ 131.312017270752563, 31.868163920398015 ], [ 131.312056793983317, 31.868061426095153 ], [ 131.312122019536474, 31.867922180028255 ], [ 131.312221739118854, 31.867777104395635 ], [ 131.312370460015558, 31.867471575823046 ], [ 131.312437111287892, 31.867335390460134 ], [ 131.312466073402959, 31.867217195256302 ], [ 131.312532615642141, 31.867048794458142 ], [ 131.312615729672331, 31.866819501100863 ], [ 131.312634953700609, 31.86647432648515 ], [ 131.312649471106454, 31.866347810085671 ], [ 131.312642512716536, 31.866194288770082 ], [ 131.312646477186746, 31.866072378391156 ], [ 131.3126403550867, 31.865995377608186 ], [ 131.312639036343313, 31.865873762065405 ], [ 131.312621859007351, 31.865756483737421 ], [ 131.312599377164503, 31.865639288906934 ], [ 131.312587170880079, 31.865490360552645 ], [ 131.312580361771069, 31.865350438166189 ], [ 131.312534376631191, 31.865021208042464 ], [ 131.312499802042737, 31.86476410376158 ], [ 131.312449909557557, 31.864561363923496 ], [ 131.312400535497716, 31.864408228605569 ], [ 131.312361976341407, 31.86427310518145 ], [ 131.3123343960483, 31.864174031740593 ], [ 131.312269575857641, 31.864061661804026 ], [ 131.312215719304589, 31.863980832258623 ], [ 131.31213519107655, 31.863886680219576 ], [ 131.312049322732889, 31.863788102073102 ], [ 131.311942072145115, 31.863671608296784 ], [ 131.31186154446533, 31.863577456076403 ], [ 131.311738401478095, 31.863461142019304 ], [ 131.311609933264037, 31.863344770425151 ], [ 131.311491925978942, 31.863214844212813 ], [ 131.311374031906183, 31.863093936852177 ], [ 131.311282619574087, 31.862972823637183 ], [ 131.311212553545971, 31.862865046056488 ], [ 131.311163797927804, 31.86276609461288 ], [ 131.311114908919478, 31.862658124231935 ], [ 131.311087258883248, 31.862550031415736 ], [ 131.311080544504506, 31.862419127886334 ], [ 131.311099865233359, 31.862247362684439 ], [ 131.311135248057525, 31.862089016583699 ], [ 131.311310589321664, 31.861640514266686 ], [ 131.311372714120978, 31.86150450981021 ], [ 131.311596956732501, 31.861168416505841 ], [ 131.311748875827362, 31.861004570386719 ], [ 131.311901091887393, 31.860867781091613 ], [ 131.31216997302343, 31.860739090385159 ], [ 131.312459901230426, 31.860596607146491 ], [ 131.312655141054364, 31.860518195407838 ], [ 131.312823822695492, 31.860435480000291 ], [ 131.31289703599677, 31.860344543739028 ], [ 131.312943989393375, 31.860276431556137 ], [ 131.312969596781215, 31.860194913480182 ], [ 131.312989679230384, 31.860090931343091 ], [ 131.312961950410312, 31.859978259004485 ], [ 131.312929384772559, 31.859906255629685 ], [ 131.312805926736701, 31.859762815098257 ], [ 131.312661775733091, 31.859664732937233 ], [ 131.3123465475405, 31.859428118098414 ], [ 131.311123753809085, 31.858580557885166 ], [ 131.310953013439956, 31.858473660472761 ], [ 131.310339819634777, 31.858126648750694 ], [ 131.309865563356141, 31.857886821990817 ], [ 131.309503096961976, 31.857691254007278 ], [ 131.309236577395779, 31.857548933073979 ], [ 131.309044701471777, 31.857446805467006 ], [ 131.308889857417142, 31.857339725695955 ], [ 131.30874050197562, 31.85725067091321 ], [ 131.308622711090436, 31.857138779846515 ], [ 131.308515359967402, 31.857013264003822 ], [ 131.308386388808515, 31.856847284317382 ], [ 131.308305058120823, 31.856676397544604 ], [ 131.308245199471941, 31.856532375510557 ], [ 131.3081960058135, 31.856392837228608 ], [ 131.308167951936923, 31.856248597153666 ], [ 131.30818164061148, 31.856045278471303 ], [ 131.308201246884494, 31.855896060964628 ], [ 131.308204199673469, 31.855679309865046 ], [ 131.308218424941458, 31.85552566622232 ], [ 131.308201368019695, 31.855417476502907 ], [ 131.308141566636721, 31.855277963876382 ], [ 131.30805537836585, 31.85514774577263 ], [ 131.307975066526438, 31.855071628908224 ], [ 131.307804336254918, 31.854964727146122 ], [ 131.30703667213163, 31.854542254771111 ], [ 131.306290323013286, 31.854128675175772 ], [ 131.30609280088018, 31.853994848290849 ], [ 131.305980209127171, 31.85387392292213 ], [ 131.305915460095179, 31.853766058964887 ], [ 131.305871554908521, 31.853626506984757 ], [ 131.305741078712259, 31.85332051821953 ] ] ] } },
{ "type": "Feature", "properties": { "FNODE_": 50, "TNODE_": 49, "LPOLY_": 0, "RPOLY_": 0, "LENGTH": 618.626, "RINDOU_": 27, "RINDOU_ID": 3, "CLSID": 5, "NUM": 0, "林道名": null, "総延長": 0, "区域": null, "開設年度": 0, "延長年度": null, "NO": 23, "内外区別": 0 }, "geometry": { "type": "MultiLineString", "coordinates": [ [ [ 131.30820389712818, 31.855701518401645 ], [ 131.308011147635568, 31.855676724624249 ], [ 131.307896780331845, 31.855685896060542 ], [ 131.307796767731503, 31.855736948677173 ], [ 131.307650914013578, 31.85581454718092 ], [ 131.307413156430187, 31.856038259860789 ], [ 131.307088862884768, 31.856433846987933 ], [ 131.307031319422208, 31.856502053086995 ], [ 131.307005355289562, 31.856551933042894 ], [ 131.307021875153026, 31.856610518312333 ], [ 131.307107971542905, 31.856731718055787 ], [ 131.30722596437775, 31.856861648559267 ], [ 131.307354806051478, 31.857014100864252 ], [ 131.307508811816518, 31.857220714641372 ], [ 131.307609834357862, 31.857331435559328 ], [ 131.307723391381472, 31.857427807977469 ], [ 131.30784953044801, 31.857524149838238 ], [ 131.308034444439187, 31.857638246850001 ], [ 131.308173058792789, 31.857702342467515 ], [ 131.308391346402459, 31.857762665249592 ], [ 131.308307562771745, 31.857791504553262 ], [ 131.308177681371092, 31.857831194074336 ], [ 131.308098067754514, 31.857852864091239 ], [ 131.307976704967984, 31.857931907517582 ], [ 131.307809125193529, 31.857986006032149 ], [ 131.307591289017751, 31.858061703012517 ], [ 131.307427890864517, 31.858112211389994 ], [ 131.307356712254261, 31.858148178643741 ], [ 131.307293090978419, 31.858170616696544 ], [ 131.307344696900287, 31.858248037162081 ], [ 131.307431903934742, 31.858331833673489 ], [ 131.307488748684307, 31.858386303611081 ], [ 131.307528919226627, 31.858424771440031 ], [ 131.30756180004019, 31.858456258497206 ], [ 131.307630206007673, 31.858532157280624 ], [ 131.307739564847367, 31.858593261325129 ], [ 131.307840290240023, 31.858614017429332 ], [ 131.308052855297518, 31.858634502616081 ], [ 131.308171462445586, 31.858651396988012 ], [ 131.308240853834661, 31.858666501458458 ], [ 131.308350437635312, 31.858660508591441 ] ] ] } },
{ "type": "Feature", "properties": { "FNODE_": 52, "TNODE_": 51, "LPOLY_": 0, "RPOLY_": 0, "LENGTH": 135.746, "RINDOU_": 28, "RINDOU_ID": 4, "CLSID": 5, "NUM": 0, "林道名": null, "総延長": 0, "区域": null, "開設年度": 0, "延長年度": null, "NO": 24, "内外区別": 0 }, "geometry": { "type": "MultiLineString", "coordinates": [ [ [ 131.30609280088018, 31.853994848290849 ], [ 131.305754117502943, 31.854038363425925 ], [ 131.305531963025089, 31.854076383542594 ], [ 131.305405177708337, 31.85411361061357 ], [ 131.305331278929742, 31.854141339042496 ], [ 131.305262979535769, 31.85419604129903 ], [ 131.304802901745347, 31.854569151684029 ] ] ] } },
{ "type": "Feature", "properties": { "FNODE_": 54, "TNODE_": 53, "LPOLY_": 0, "RPOLY_": 0, "LENGTH": 280.61, "RINDOU_": 29, "RINDOU_ID": 5, "CLSID": 5, "NUM": 0, "林道名": null, "総延長": 0, "区域": null, "開設年度": 0, "延長年度": null, "NO": 25, "内外区別": 0 }, "geometry": { "type": "MultiLineString", "coordinates": [ [ [ 131.30703667213163, 31.854542254771111 ], [ 131.307038173444681, 31.854666429746629 ], [ 131.307177039090561, 31.85491631054046 ], [ 131.307222425883651, 31.855059990658759 ], [ 131.307186079019715, 31.855128004712476 ], [ 131.307112920386999, 31.855223447262016 ], [ 131.306987502356833, 31.855387083101444 ], [ 131.306898635370516, 31.85550074287336 ], [ 131.306867459248281, 31.855559725101674 ], [ 131.306815107723537, 31.855618828866778 ], [ 131.306694252750731, 31.855714738532068 ], [ 131.306636745001356, 31.855787454000801 ], [ 131.306505985576592, 31.85594659260714 ], [ 131.306448181654929, 31.855992250940201 ], [ 131.30629500109643, 31.856097048243548 ], [ 131.306047041043541, 31.856151337987125 ], [ 131.305921382400641, 31.856199367269998 ], [ 131.305858533336277, 31.856217416039676 ], [ 131.305778689849802, 31.856211986520794 ], [ 131.305695968468939, 31.856223639841456 ] ] ] } },
{ "type": "Feature", "properties": { "FNODE_": 55, "TNODE_": 56, "LPOLY_": 0, "RPOLY_": 0, "LENGTH": 426.912, "RINDOU_": 30, "RINDOU_ID": 6, "CLSID": 2, "NUM": 31, "林道名": "マメンノ", "総延長": 433, "区域": "16", "開設年度": 1979, "延長年度": null, "NO": 26, "内外区別": 1 }, "geometry": { "type": "MultiLineString", "coordinates": [ [ [ 131.312580361771069, 31.865350438166189 ], [ 131.312638111941283, 31.86530026761486 ], [ 131.312711514215238, 31.865227439989784 ], [ 131.312758767969626, 31.865186384895168 ], [ 131.312811567723173, 31.865167864238195 ], [ 131.31288022498552, 31.865144724463399 ], [ 131.312932911654059, 31.865117184795427 ], [ 131.313022170579501, 31.865039596962465 ], [ 131.313641526802172, 31.864483458204905 ], [ 131.313841183747968, 31.864323719689143 ], [ 131.313893535396829, 31.864264542647721 ], [ 131.313919441368228, 31.86421015187566 ], [ 131.313908075180251, 31.864169593353072 ], [ 131.3138865753711, 31.864111091824348 ], [ 131.313864837820091, 31.864061610118132 ], [ 131.313843249336145, 31.864025656899923 ], [ 131.31385845364025, 31.863962343770737 ], [ 131.313926569610857, 31.863889458020463 ], [ 131.31402125987492, 31.863825455395126 ], [ 131.314068363258912, 31.86377087132081 ], [ 131.314110609393282, 31.863756956270439 ], [ 131.314174202446594, 31.863756446869118 ], [ 131.31425929131035, 31.863782801114375 ], [ 131.31432312602135, 31.863804839141892 ], [ 131.314370918468001, 31.863813458397118 ], [ 131.314413221164415, 31.863804052726675 ], [ 131.314497656751854, 31.86377171290334 ], [ 131.314660611103335, 31.863648422667112 ], [ 131.314813274934011, 31.863552285879496 ], [ 131.314923821139587, 31.863483592784966 ], [ 131.315034815068174, 31.863455555529878 ], [ 131.315103748310321, 31.863459471593085 ], [ 131.315183476108274, 31.863481399347133 ], [ 131.31526337383383, 31.863516855490076 ], [ 131.315322145811081, 31.863561453667597 ], [ 131.315370535523073, 31.863624256969953 ], [ 131.315424657397244, 31.86372770307819 ], [ 131.315551952380389, 31.864166353330262 ] ] ] } },
{ "type": "Feature", "properties": { "FNODE_": 57, "TNODE_": 55, "LPOLY_": 0, "RPOLY_": 0, "LENGTH": 3568.476, "RINDOU_": 31, "RINDOU_ID": 7, "CLSID": 1, "NUM": 6, "林道名": "ホリグチ", "総延長": 3700, "区域": "12,13,15", "開設年度": 1962, "延長年度": "1963,1964,1965", "NO": 27, "内外区別": 1 }, "geometry": { "type": "MultiLineString", "coordinates": [ [ [ 131.30189201533571, 31.858489199599386 ], [ 131.301845604109701, 31.858546464525212 ], [ 131.301823750422272, 31.858555530101064 ], [ 131.301811896922487, 31.858655718139818 ], [ 131.301792678213843, 31.85872380273338 ], [ 131.301798865467532, 31.858771104093744 ], [ 131.301800406662267, 31.858773742228284 ], [ 131.301836157008864, 31.858803856371786 ], [ 131.301839941312522, 31.858806284775977 ], [ 131.301908508619647, 31.858816351729619 ], [ 131.301909506451665, 31.85881641874191 ], [ 131.30194074224238, 31.858811659598672 ], [ 131.301975865701621, 31.858803559322745 ], [ 131.301993739871193, 31.858803583701071 ], [ 131.302052517084263, 31.858803842270333 ], [ 131.302132640521734, 31.858814092541852 ], [ 131.302184888682604, 31.858837680131515 ], [ 131.302235107301584, 31.858860351446591 ], [ 131.302298591650839, 31.858920928901014 ], [ 131.302349361144849, 31.85896581122768 ], [ 131.302441609688486, 31.859013820208439 ], [ 131.302518412325242, 31.859034467722498 ], [ 131.302585465005336, 31.859046603516838 ], [ 131.302642840139526, 31.859057755131563 ], [ 131.30272062028169, 31.859082069268453 ], [ 131.302771923420011, 31.859093884659579 ], [ 131.302788222905747, 31.859129922860816 ], [ 131.302783306229855, 31.859166082033425 ], [ 131.302757303689475, 31.859211451028322 ], [ 131.302704596020362, 31.859238987105297 ], [ 131.30259899975988, 31.859276019470677 ], [ 131.302541008214746, 31.859303568051359 ], [ 131.302488061039838, 31.859308555379879 ], [ 131.302429664000243, 31.859300027319708 ], [ 131.302360551392184, 31.859277996381767 ], [ 131.302259318898479, 31.859229194829883 ], [ 131.30219000370721, 31.859189124676593 ], [ 131.30213136618363, 31.859158049472391 ], [ 131.302072898996357, 31.859140431149562 ], [ 131.302052520548784, 31.859158747634808 ], [ 131.302064253117209, 31.859326957327962 ], [ 131.302018653867805, 31.859365036632497 ], [ 131.301958636462217, 31.859382998555645 ], [ 131.301858611291067, 31.859362474766861 ], [ 131.301714821368051, 31.859325445008356 ], [ 131.301642175533772, 31.859341128588927 ], [ 131.301571276406492, 31.859356569351508 ], [ 131.301520964464999, 31.859361699970929 ], [ 131.301516062118282, 31.859401802245266 ], [ 131.301548160395328, 31.859470452976328 ], [ 131.30159872177137, 31.859541923534497 ], [ 131.30162908101093, 31.85959167848905 ], [ 131.301655291472372, 31.859655331822779 ], [ 131.301664676124972, 31.859741282158051 ], [ 131.301565427790365, 31.859814602995179 ], [ 131.301456635074686, 31.859892417226515 ], [ 131.301398042660281, 31.859930737664119 ], [ 131.30132124493889, 31.859959555815841 ], [ 131.301247080245844, 31.859938254373468 ], [ 131.301170225713065, 31.859913777459738 ], [ 131.301119269897129, 31.85993597183522 ], [ 131.301062694849321, 31.859949827273581 ], [ 131.301011722878059, 31.859938587742331 ], [ 131.300965987537978, 31.859874886193143 ], [ 131.300847020655624, 31.859833406569741 ], [ 131.300729653300834, 31.859853968106759 ], [ 131.300650036168179, 31.85987563347603 ], [ 131.300691024233856, 31.859926240499917 ], [ 131.300734962606185, 31.859948035312694 ], [ 131.300849406297772, 31.860003364690499 ], [ 131.300992217655704, 31.860067384279859 ], [ 131.301086578469693, 31.860074430388984 ], [ 131.301131387667482, 31.860108689721887 ], [ 131.301138321559989, 31.860177400129107 ], [ 131.301133484166087, 31.860237547554267 ], [ 131.301162171348125, 31.860289024744549 ], [ 131.301205910645223, 31.860326148192176 ], [ 131.301227419127429, 31.86035771002858 ], [ 131.301301984623109, 31.860393258634144 ], [ 131.30134962757171, 31.860388353727867 ], [ 131.30145542942833, 31.860369360412129 ], [ 131.301529425612699, 31.860350652707375 ], [ 131.301603750521252, 31.860363582568073 ], [ 131.301656936476292, 31.860381213627146 ], [ 131.301710361003472, 31.860421391121328 ], [ 131.301826842474895, 31.860411390860317 ], [ 131.301831613599148, 31.860361703751384 ], [ 131.301846937261587, 31.860307339945543 ], [ 131.301867635648335, 31.860262053643837 ], [ 131.301946605345506, 31.860211696604676 ], [ 131.302031098720249, 31.860183874523791 ], [ 131.302152828121336, 31.860169281964822 ], [ 131.302322256479357, 31.860154363423501 ], [ 131.302460284464416, 31.8601757383625 ], [ 131.302587831396977, 31.860210806787606 ], [ 131.302667609280405, 31.860237181464491 ], [ 131.302710502302091, 31.860282034701772 ], [ 131.302737332548674, 31.860313397286273 ], [ 131.302748362480713, 31.860353957653118 ], [ 131.302722395617877, 31.860403836723997 ], [ 131.302685897264155, 31.860458321492409 ], [ 131.302675730934993, 31.860499072684686 ], [ 131.302681658488751, 31.860557683697536 ], [ 131.302704219421713, 31.860683969951829 ], [ 131.302742614272631, 31.860805567958632 ], [ 131.302743625757273, 31.86090033812555 ], [ 131.302749851666675, 31.860986076629576 ], [ 131.302729187227897, 31.861035943625563 ], [ 131.302681749375552, 31.861058885957032 ], [ 131.302612946017916, 31.861068562176609 ], [ 131.302512206995914, 31.861064855916304 ], [ 131.302246925645022, 31.861035470009838 ], [ 131.302146334871082, 31.861045361892632 ], [ 131.30207222628971, 31.861055050974215 ], [ 131.302003646567215, 31.861082694367706 ], [ 131.301956390087668, 31.861123744958725 ], [ 131.301919812448062, 31.86117372006785 ], [ 131.301894047761976, 31.861241706895218 ], [ 131.30188942392175, 31.861304923073231 ], [ 131.301895408530982, 31.861368114068615 ], [ 131.301895942595337, 31.861417789679809 ], [ 131.301885684920421, 31.861449451860768 ], [ 131.301854174134235, 31.86147679523744 ], [ 131.301817286403178, 31.861495203682516 ], [ 131.301790932636209, 31.861508936020183 ], [ 131.301769826802541, 31.861518145725523 ], [ 131.301717321638648, 31.861563789868114 ], [ 131.301680562167661, 31.861595655277529 ], [ 131.301611813621264, 31.861609840450594 ], [ 131.301548481082591, 31.861632891617692 ], [ 131.301501018993605, 31.861655904029199 ], [ 131.301453909228854, 31.861710483506457 ], [ 131.301396633026116, 31.861805815151587 ], [ 131.30137116286042, 31.861900858913742 ], [ 131.30140985157206, 31.862049514350741 ], [ 131.301447678097503, 31.862116928126458 ], [ 131.301485338096143, 31.862170813964262 ], [ 131.301491139064041, 31.862215896448848 ], [ 131.301497104115413, 31.862279087501111 ], [ 131.301465999539573, 31.86234257726796 ], [ 131.301387412188063, 31.862429010081705 ], [ 131.301345549984575, 31.862479067454419 ], [ 131.301308664102834, 31.862497404733272 ], [ 131.301255898832693, 31.86252043016691 ], [ 131.301203154178495, 31.862543456080282 ], [ 131.301155657942104, 31.862561888356257 ], [ 131.301113886795235, 31.8626209652341 ], [ 131.301071842944111, 31.862652913439256 ], [ 131.301029594672769, 31.8626668247217 ], [ 131.300981893952752, 31.862667218923178 ], [ 131.300901968998119, 31.862627244219802 ], [ 131.300763402944654, 31.862556193111718 ], [ 131.300673070274684, 31.862534351833382 ], [ 131.300609386966045, 31.862525905909472 ], [ 131.300567195883644, 31.862544325976536 ], [ 131.30054122724033, 31.862594205146387 ], [ 131.30053641940188, 31.86263938265586 ], [ 131.300526251896258, 31.862680134220096 ], [ 131.300510891575755, 31.86272991730079 ], [ 131.300484717916731, 31.862761758448691 ], [ 131.300400720795665, 31.862834674563562 ], [ 131.300364199064319, 31.862889228070802 ], [ 131.300354269695418, 31.862952527724854 ], [ 131.300365262772601, 31.862988508285213 ], [ 131.300370989513681, 31.863029151831871 ], [ 131.300355481335316, 31.863065405820588 ], [ 131.300255917770727, 31.863170066889126 ], [ 131.30019315312083, 31.863247371893404 ], [ 131.300146132283913, 31.863310970465342 ], [ 131.300115005798034, 31.863374459947948 ], [ 131.300067984843395, 31.863438058490448 ], [ 131.300026088157466, 31.863483605333183 ], [ 131.29996827547248, 31.863529190254962 ], [ 131.29985718566337, 31.863548195357684 ], [ 131.299772723798498, 31.863580525542361 ], [ 131.299698815133496, 31.863608250715806 ], [ 131.299646274243798, 31.863649313995015 ], [ 131.299609806972313, 31.863708376776117 ], [ 131.299578734564989, 31.863776376171394 ], [ 131.299559042153845, 31.863916502718205 ], [ 131.299549112129966, 31.863979802303206 ], [ 131.299533988469562, 31.864052132264106 ], [ 131.299482160513094, 31.864160979060227 ], [ 131.299461677067768, 31.864228882472869 ], [ 131.299446315279113, 31.864278665419452 ], [ 131.299424255516612, 31.864323891412372 ], [ 131.299428788843073, 31.864397917556207 ], [ 131.299408355844207, 31.864466244770117 ], [ 131.299364649902287, 31.864521259045937 ], [ 131.299343892872514, 31.864572766524553 ], [ 131.299312973565463, 31.864636774224554 ], [ 131.299276059796114, 31.864709139902502 ], [ 131.299303054661948, 31.864746418633395 ], [ 131.299350586013873, 31.864776897272286 ], [ 131.299460958118999, 31.864760212918792 ], [ 131.29958522840289, 31.86473923804466 ], [ 131.299649156513965, 31.864732950065275 ], [ 131.299664383545348, 31.864735661193411 ], [ 131.299691527391047, 31.864749227741946 ], [ 131.299760548906306, 31.864795075009578 ], [ 131.299866914638244, 31.864816778748644 ], [ 131.299965466165105, 31.864831444427068 ], [ 131.299996366567456, 31.864836042769959 ], [ 131.300021208856634, 31.864845041128326 ], [ 131.300065892901642, 31.86487707500569 ], [ 131.300095424750083, 31.864949357707033 ], [ 131.300118780430154, 31.865006523417588 ], [ 131.300145789823603, 31.865072631916497 ], [ 131.300169318777677, 31.865130221569284 ], [ 131.300223117302068, 31.865185866124499 ], [ 131.300286118594016, 31.865220476778266 ], [ 131.300374645300735, 31.86523154549711 ], [ 131.300421455253712, 31.865207359786769 ], [ 131.300436413380424, 31.865177972786086 ], [ 131.300462530534162, 31.865141623270301 ], [ 131.300461368866792, 31.865124192448935 ], [ 131.300470035939213, 31.865094014833964 ], [ 131.300483638203985, 31.865040511091934 ], [ 131.300499680199607, 31.864990797236228 ], [ 131.300534147261004, 31.864964809958561 ], [ 131.300554860366901, 31.864953618678978 ], [ 131.300619246572353, 31.864952064835318 ], [ 131.300668783914375, 31.864975560411043 ], [ 131.300722738763739, 31.865004911803656 ], [ 131.300776067541193, 31.865029813208054 ], [ 131.300841262650721, 31.865043941702599 ], [ 131.300906040438122, 31.865033116447766 ], [ 131.300959520232652, 31.865012174058787 ], [ 131.300981272550473, 31.865007079749315 ], [ 131.300991140247788, 31.865005332435555 ], [ 131.30101788286089, 31.864995889907288 ], [ 131.301031669492261, 31.864994102530776 ], [ 131.301074720841569, 31.864988521101495 ], [ 131.301110886952785, 31.864997122851555 ], [ 131.301160656962566, 31.865029217439336 ], [ 131.301248401410618, 31.865064269338422 ], [ 131.301337190246556, 31.865059841707271 ], [ 131.301426108920111, 31.865051982781434 ], [ 131.301498511313298, 31.865048335622603 ], [ 131.30156190362132, 31.865049689078365 ], [ 131.301628737822142, 31.865070223873143 ], [ 131.301656340661538, 31.86507739731044 ], [ 131.3016762482508, 31.865117215968997 ], [ 131.301698954006213, 31.8651513095515 ], [ 131.301729233779781, 31.865209619520954 ], [ 131.301766193424385, 31.865278318990267 ], [ 131.30177650570684, 31.865299317433074 ], [ 131.301798289868373, 31.865343675519462 ], [ 131.301830009274511, 31.865379817888414 ], [ 131.301882966394345, 31.865402452084503 ], [ 131.30195714762786, 31.865420666103766 ], [ 131.30196862731745, 31.865421568460381 ], [ 131.302017848877142, 31.865427524930315 ], [ 131.30207847092538, 31.865444850990567 ], [ 131.302131460000822, 31.865458465277232 ], [ 131.302173751102885, 31.865508252137801 ], [ 131.302182835257497, 31.865531627305046 ], [ 131.302186204033148, 31.865537435131273 ], [ 131.302195370773859, 31.865561024959653 ], [ 131.302196446587175, 31.865570428588754 ], [ 131.302211063203373, 31.865643958741543 ], [ 131.302217213105678, 31.865697528265368 ], [ 131.302218953744159, 31.865712690311447 ], [ 131.302220895388047, 31.865729603233884 ], [ 131.30222008580219, 31.865764967061342 ], [ 131.30222010002268, 31.865765548697773 ], [ 131.302217953462701, 31.865785319809774 ], [ 131.302212512886001, 31.865816514617116 ], [ 131.30220755759936, 31.865844926883124 ], [ 131.302204567990572, 31.865890008438328 ], [ 131.302204416282535, 31.865892296105244 ], [ 131.302204313513755, 31.865915315864633 ], [ 131.302199327508276, 31.865954612479289 ], [ 131.302192541619092, 31.865965828757638 ], [ 131.302184201844341, 31.865979613422066 ], [ 131.30217737202571, 31.865989834019235 ], [ 131.302125917691171, 31.866000522778894 ], [ 131.30208631649802, 31.866003054764388 ], [ 131.302052302593978, 31.866005687534162 ], [ 131.302052225638732, 31.866005881697703 ], [ 131.30204911724104, 31.866005709231896 ], [ 131.30203020443102, 31.86600728996698 ], [ 131.302006666216244, 31.866009257289978 ], [ 131.301921810372903, 31.866019233273718 ], [ 131.301854720656053, 31.866025358404343 ], [ 131.301810058974553, 31.86604932786647 ], [ 131.301806055164747, 31.866107802840865 ], [ 131.301886229615917, 31.866255565975671 ], [ 131.301943641636001, 31.866282872646888 ], [ 131.302031777132214, 31.866299367769706 ], [ 131.302131764890049, 31.866309182850721 ], [ 131.302176325800957, 31.866324168130522 ], [ 131.302218808473214, 31.866338769881384 ], [ 131.302260823826771, 31.866357934319595 ], [ 131.302297996119052, 31.866391180694983 ], [ 131.302312227707034, 31.866427200920935 ], [ 131.302311155302533, 31.866424001328738 ], [ 131.30232085578038, 31.866449038606554 ], [ 131.302320948499954, 31.866449411307386 ], [ 131.302327864753352, 31.866473780004998 ], [ 131.3023419823746, 31.866523463780858 ], [ 131.302423755923343, 31.866612556162721 ], [ 131.302458353278297, 31.866657529988132 ], [ 131.302476308854807, 31.866682144602848 ], [ 131.302548990444194, 31.86684631324265 ], [ 131.302626638210739, 31.866957327719302 ], [ 131.302753965801713, 31.867147200929978 ], [ 131.302782332757715, 31.867217275061783 ], [ 131.302812436602125, 31.867308787548264 ], [ 131.302839127829969, 31.867330033170017 ], [ 131.302928966919865, 31.867402814755284 ], [ 131.303016480419785, 31.867446967689105 ], [ 131.303019025222227, 31.867445782797663 ], [ 131.303021519839461, 31.867449321830058 ], [ 131.30303247627549, 31.867444220376942 ], [ 131.303032689254792, 31.867444522523684 ], [ 131.303157139221355, 31.867386576963018 ], [ 131.303197992769441, 31.86737652566914 ], [ 131.30327401953852, 31.867351737813618 ], [ 131.303383964017371, 31.867365437802256 ], [ 131.303476561753598, 31.867356755724618 ], [ 131.303561860752239, 31.867364459329472 ], [ 131.303689178640582, 31.867386738738844 ], [ 131.303707842911905, 31.867390231570212 ], [ 131.303745219718195, 31.867395354585533 ], [ 131.30380030875304, 31.867407072415222 ], [ 131.303860137066437, 31.867432685349602 ], [ 131.303950259541494, 31.867432822226203 ], [ 131.304220799702534, 31.867378975925931 ], [ 131.304305687563641, 31.86735657704843 ], [ 131.304375824841912, 31.867329229297535 ], [ 131.304400721978595, 31.867323889737008 ], [ 131.3044319569739, 31.867311753051084 ], [ 131.304496491948925, 31.867286677273423 ], [ 131.304581292415293, 31.867285565369176 ], [ 131.304675150085501, 31.867312840734872 ], [ 131.304770920677129, 31.867348416723527 ], [ 131.304844872000871, 31.867387193371687 ], [ 131.304928593945505, 31.86744972573123 ], [ 131.304977281801456, 31.867532812609554 ], [ 131.304953132810965, 31.867612881357324 ], [ 131.304948803806781, 31.867639801661529 ], [ 131.304930367731458, 31.867671054280432 ], [ 131.304910903736953, 31.86771633895248 ], [ 131.304877355279018, 31.867745498518968 ], [ 131.304876927331634, 31.867745169190016 ], [ 131.304860094285118, 31.867759452642996 ], [ 131.304804577359732, 31.867793845176532 ], [ 131.304763517478932, 31.867822288563058 ], [ 131.304707442394289, 31.867856000688867 ], [ 131.304643573199428, 31.867955294157557 ], [ 131.304640440280934, 31.868012544068055 ], [ 131.304643602750673, 31.868045876422382 ], [ 131.304633730613745, 31.868113685832054 ], [ 131.304630405275304, 31.86812008216728 ], [ 131.304621865614422, 31.868170618187875 ], [ 131.304556201418109, 31.868245987667127 ], [ 131.304506488690009, 31.86830641035483 ], [ 131.304447742013593, 31.868383102904151 ], [ 131.304414098205172, 31.868419199971093 ], [ 131.304375667431259, 31.868455344160054 ], [ 131.304301974771676, 31.868534410165445 ], [ 131.304294487206704, 31.868544210262947 ], [ 131.304280138132299, 31.868580866496536 ], [ 131.304262502812605, 31.868601822600176 ], [ 131.304258832474545, 31.868612153656972 ], [ 131.304237430949883, 31.868688868377777 ], [ 131.304242472924614, 31.868797298569827 ], [ 131.304247576097595, 31.868874090790204 ], [ 131.304273811777392, 31.868987050380614 ], [ 131.304331950579638, 31.869059346978137 ], [ 131.3043742885462, 31.86909102431148 ], [ 131.304448442067041, 31.869118256832532 ], [ 131.304591464737513, 31.869172663907666 ], [ 131.304869013308462, 31.869253050233986 ], [ 131.304958351472692, 31.869288038623555 ], [ 131.305012637557979, 31.869313586602633 ], [ 131.305058672251988, 31.869337896703662 ], [ 131.305180788343705, 31.869387702400314 ], [ 131.305292001413164, 31.869442114202762 ], [ 131.305322638726267, 31.869448686947752 ], [ 131.305376776496956, 31.869460301319254 ], [ 131.305526421038053, 31.869426472593808 ], [ 131.305573224311104, 31.869386772836847 ], [ 131.305610455191839, 31.869321525321336 ], [ 131.305631140697216, 31.869284868879827 ], [ 131.305677323445053, 31.869170698614969 ], [ 131.305743284553529, 31.869089896537936 ], [ 131.305791122995146, 31.869049335862321 ], [ 131.305886671185448, 31.86900429178284 ], [ 131.306066977613881, 31.868991033658055 ], [ 131.306151921156641, 31.868941434791189 ], [ 131.306209556957953, 31.868879208240656 ], [ 131.306224231359806, 31.868870475539328 ], [ 131.306305977823314, 31.868824236475717 ], [ 131.306372281676573, 31.868788120347425 ], [ 131.306525762634777, 31.86872409044193 ], [ 131.306666978382651, 31.868690513540407 ], [ 131.30686532033593, 31.8686564591404 ], [ 131.306947222893683, 31.868637569089213 ], [ 131.307055725641163, 31.868631430977654 ], [ 131.307091490832647, 31.868600196475331 ], [ 131.307131962423711, 31.868499987865807 ], [ 131.307149051694893, 31.868399491554918 ], [ 131.307163496124616, 31.868340139824451 ], [ 131.307194967817964, 31.868257941287141 ], [ 131.30726460073501, 31.868224023642014 ], [ 131.307343666217548, 31.86824445923947 ], [ 131.307391749508753, 31.868284628251732 ], [ 131.307402705437426, 31.868316823435375 ], [ 131.307415055627189, 31.868448527011942 ], [ 131.307428542244878, 31.868492748074026 ], [ 131.307485348071253, 31.86862239815521 ], [ 131.307522941487491, 31.868667192588639 ], [ 131.307592414229759, 31.868720787111087 ], [ 131.307666749261386, 31.868733713357678 ], [ 131.307779601862194, 31.868750987894828 ], [ 131.307906714315436, 31.868714885009243 ], [ 131.307944767876563, 31.868659919307873 ], [ 131.307945120634173, 31.868597858824401 ], [ 131.307977227572991, 31.86847056394339 ], [ 131.308028769282544, 31.86839200902563 ], [ 131.308054884334894, 31.86835565688088 ], [ 131.308102233040444, 31.86832362307916 ], [ 131.308171077707698, 31.868318523312386 ], [ 131.308287680947757, 31.868317536601936 ], [ 131.308393858446237, 31.868334683453668 ], [ 131.308478561403604, 31.868324965529951 ], [ 131.308557718903813, 31.868292642453042 ], [ 131.308605701746615, 31.868214279759073 ], [ 131.308603583546159, 31.868182429369533 ], [ 131.308571978496417, 31.868101051653849 ], [ 131.308572144448647, 31.868033337267548 ], [ 131.308591459607754, 31.867975902491633 ], [ 131.30864663631553, 31.867920557490656 ], [ 131.308710355235718, 31.867889047115504 ], [ 131.308784626093228, 31.867871040123742 ], [ 131.308864176758163, 31.867857599764417 ], [ 131.308943741387452, 31.867848739645527 ], [ 131.309060324590916, 31.867866917777697 ], [ 131.309147502558119, 31.86787960045854 ], [ 131.30918246398096, 31.867884689874689 ], [ 131.309266563755159, 31.867908083953335 ], [ 131.309313010068905, 31.867938978175143 ], [ 131.309358784168552, 31.86796942523009 ], [ 131.309388750356561, 31.867989357490149 ], [ 131.309462894102808, 31.868025606097159 ], [ 131.309552961791212, 31.868052797279809 ], [ 131.309636237939145, 31.868048753755868 ], [ 131.309721268252133, 31.868035869064556 ], [ 131.309824583714146, 31.868004672691399 ], [ 131.309886581915322, 31.867981240821837 ], [ 131.309934436206532, 31.86796189520836 ], [ 131.309979546615381, 31.867943658815058 ], [ 131.310107186629125, 31.867879012425586 ], [ 131.310467553121327, 31.867739845120838 ], [ 131.310687403221976, 31.867746392566922 ], [ 131.311004442887082, 31.867690175720448 ], [ 131.311138764217588, 31.867680944662069 ], [ 131.31128467619456, 31.867664837697514 ], [ 131.311406456321208, 31.867674458100485 ], [ 131.31162737287508, 31.867713857521331 ], [ 131.311739235734393, 31.86772384596572 ], [ 131.311777097469161, 31.867727226688185 ], [ 131.311852674163106, 31.867710107062351 ], [ 131.3119151393133, 31.867635525899445 ], [ 131.31192632726777, 31.867623511978859 ], [ 131.311953027060667, 31.867546782979474 ], [ 131.31197981142526, 31.86743390632817 ], [ 131.31202255824553, 31.867298442413571 ], [ 131.3120752246584, 31.86716482501166 ], [ 131.312115920447923, 31.867051984124718 ], [ 131.31214541126019, 31.866970377145446 ], [ 131.312181902566095, 31.866869398191746 ], [ 131.312239432882052, 31.866827732096844 ], [ 131.312337674644994, 31.866755625352472 ], [ 131.31235593066026, 31.866648350606471 ], [ 131.312349789713522, 31.866571631713125 ], [ 131.312332483127619, 31.866440824819662 ], [ 131.312346965501717, 31.866309729007476 ], [ 131.312367178107422, 31.866219275046653 ], [ 131.312397758009098, 31.866106107695128 ], [ 131.312402114110142, 31.866020272759513 ], [ 131.312394914977546, 31.865844203917124 ], [ 131.312398879119627, 31.865722294089284 ], [ 131.312418963114652, 31.865618241108212 ], [ 131.312580362417947, 31.865350438715101 ] ] ] } },
{ "type": "Feature", "properties": { "FNODE_": 60, "TNODE_": 61, "LPOLY_": 0, "RPOLY_": 0, "LENGTH": 460.995, "RINDOU_": 33, "RINDOU_ID": 9, "CLSID": 2, "NUM": 16, "林道名": "ヒヨドリ", "総延長": 525, "区域": "15", "開設年度": 1966, "延長年度": null, "NO": 28, "内外区別": 1 }, "geometry": { "type": "MultiLineString", "coordinates": [ [ [ 131.309266563755159, 31.867908083953335 ], [ 131.309296530847405, 31.867742914436 ], [ 131.309293691722758, 31.867602622516298 ], [ 131.30931312974954, 31.86744194298748 ], [ 131.309342555856716, 31.867383816201269 ], [ 131.309389626608692, 31.867307975367353 ], [ 131.309442518386476, 31.867247154151876 ], [ 131.309465810731893, 31.867188393392976 ], [ 131.309462283002233, 31.867136856933712 ], [ 131.309465542813228, 31.867108212865006 ], [ 131.309431873052858, 31.867073931434668 ], [ 131.30937633522106, 31.867022521517022 ], [ 131.309288958546318, 31.866982643470369 ], [ 131.30923685760888, 31.866955565847793 ], [ 131.309174542064596, 31.866884127025841 ], [ 131.30913571978715, 31.866814062870233 ], [ 131.309120433333021, 31.866758140244112 ], [ 131.309113579403942, 31.866715322014905 ], [ 131.309131283743795, 31.866657887384815 ], [ 131.30915075381904, 31.866626817570101 ], [ 131.309188870750347, 31.866580767946797 ], [ 131.309264627102863, 31.866533155188495 ], [ 131.309338612985272, 31.866441174719835 ], [ 131.309360050216156, 31.866383832236885 ], [ 131.309360881363943, 31.866381546161197 ], [ 131.309363774121806, 31.866352690821493 ], [ 131.309365983264826, 31.866330654546832 ], [ 131.309363239111832, 31.866324681465166 ], [ 131.309350526763581, 31.866290856084518 ], [ 131.309313525537505, 31.866250148258658 ], [ 131.309212929163778, 31.86619127492953 ], [ 131.309138830959455, 31.866136987423427 ], [ 131.309064761622693, 31.866060394298117 ], [ 131.309022524888519, 31.865997151315355 ], [ 131.309012049553246, 31.865938411201061 ], [ 131.309017471980269, 31.865893231684826 ], [ 131.30904411008197, 31.865834612777494 ], [ 131.309079599366328, 31.865782986529759 ], [ 131.309082288715473, 31.865777311468065 ], [ 131.309102742941008, 31.865708201825587 ], [ 131.309102892382214, 31.865654015943523 ], [ 131.309081833768204, 31.865590791964973 ], [ 131.309050154262252, 31.865536542505204 ], [ 131.309029047088984, 31.865495866575451 ], [ 131.309013250275143, 31.865450668151158 ], [ 131.308998105041042, 31.865402931069955 ], [ 131.309013502708268, 31.865346806358456 ], [ 131.30907200056879, 31.865279090575658 ], [ 131.309125130524052, 31.865229496903737 ], [ 131.30915704514652, 31.865193413084597 ], [ 131.309162622061848, 31.865089225393262 ], [ 131.309189323246102, 31.865012497479736 ], [ 131.309247785707498, 31.864940655525476 ], [ 131.30928809764211, 31.864910456222926 ], [ 131.309316046097337, 31.864889518926002 ], [ 131.309377985172574, 31.864862614610338 ], [ 131.309463775323508, 31.864840273201427 ], [ 131.30949901231827, 31.864844586620027 ], [ 131.309500375298512, 31.864845031328329 ], [ 131.309522420220901, 31.864870737861228 ], [ 131.309517617304181, 31.864915916216219 ], [ 131.309502205349474, 31.864961261316619 ], [ 131.309476183870231, 31.865006632234167 ], [ 131.309434325317682, 31.865056621765337 ], [ 131.309392318323432, 31.865093082783261 ], [ 131.309334474465203, 31.865134232856274 ], [ 131.309276425835208, 31.865157344920572 ], [ 131.309228725186301, 31.865157742770361 ], [ 131.309159166182297, 31.865153788011806 ], [ 131.309159160776346, 31.865153889005271 ] ] ] } },
{ "type": "Feature", "properties": { "FNODE_": 65, "TNODE_": 64, "LPOLY_": 0, "RPOLY_": 0, "LENGTH": 123.572, "RINDOU_": 35, "RINDOU_ID": 11, "CLSID": 2, "NUM": 33, "林道名": "苗畑", "総延長": 123, "区域": "11", "開設年度": 1972, "延長年度": null, "NO": 29, "内外区別": 1 }, "geometry": { "type": "MultiLineString", "coordinates": [ [ [ 131.303780948743679, 31.856330882040599 ], [ 131.30397530135653, 31.856171241943002 ], [ 131.304101499443476, 31.856079831707678 ], [ 131.304238488827906, 31.85600643404468 ], [ 131.304323476244747, 31.856023775995983 ], [ 131.304403398871244, 31.856063748612272 ], [ 131.304478052777284, 31.856108243418049 ], [ 131.304487605991426, 31.856204834513811 ], [ 131.304541002959525, 31.856288228894698 ], [ 131.304639205408932, 31.856392993085567 ], [ 131.304698084607907, 31.85644296537847 ] ] ] } },
{ "type": "Feature", "properties": { "FNODE_": 67, "TNODE_": 66, "LPOLY_": 0, "RPOLY_": 0, "LENGTH": 621.078, "RINDOU_": 36, "RINDOU_ID": 13, "CLSID": 2, "NUM": 12, "林道名": "タカノス", "総延長": 622, "区域": "13", "開設年度": 1965, "延長年度": null, "NO": 30, "内外区別": 1 }, "geometry": { "type": "MultiLineString", "coordinates": [ [ [ 131.301201760003096, 31.862544652555879 ], [ 131.30114483269503, 31.862671549514495 ], [ 131.301113502697348, 31.862717001783427 ], [ 131.301082011896, 31.862744345469007 ], [ 131.301045342561196, 31.862785301288607 ], [ 131.301003627820791, 31.862848886517597 ], [ 131.300993662954141, 31.862907676681104 ], [ 131.301000068564747, 31.863011453316769 ], [ 131.301021855592239, 31.863065446763763 ], [ 131.301056133684938, 31.863094920578881 ], [ 131.301072674746933, 31.863140136425873 ], [ 131.301113141489964, 31.86317754790683 ], [ 131.301166736114624, 31.863231325636573 ], [ 131.301188500069202, 31.863285318556681 ], [ 131.301205516321204, 31.863388999582305 ], [ 131.301238130711596, 31.863465515457754 ], [ 131.301318149734414, 31.86351450951447 ], [ 131.301456658463138, 31.863581049963081 ], [ 131.301526090501085, 31.863630139445394 ], [ 131.301627658805074, 31.863710578554738 ], [ 131.301718505547996, 31.863782093685977 ], [ 131.301793276378874, 31.863835608962475 ], [ 131.301937828021295, 31.863969849888406 ], [ 131.302006114018326, 31.86405334166805 ], [ 131.302117738184592, 31.864084009726767 ], [ 131.302181339893025, 31.864110288835459 ], [ 131.302266355114, 31.864130770449044 ], [ 131.302348730570117, 31.864166344365881 ], [ 131.302462037346032, 31.864185165703265 ], [ 131.302568240737401, 31.864169401816699 ], [ 131.302646560478678, 31.864177567666882 ], [ 131.30273752144717, 31.864203600974676 ], [ 131.302871756632243, 31.864209247218788 ], [ 131.302979702982441, 31.864213444602559 ], [ 131.30310939483681, 31.86419786293715 ], [ 131.303218873056295, 31.864157511334387 ], [ 131.303332843786876, 31.864122876153438 ], [ 131.303494952366805, 31.864101569084021 ], [ 131.303607935608454, 31.864106947087613 ], [ 131.303777508974662, 31.864145041860812 ], [ 131.303936921297037, 31.864154206356858 ], [ 131.304177394814559, 31.864154824580407 ], [ 131.304315114803387, 31.864064728388996 ], [ 131.304795350004582, 31.863996099816941 ], [ 131.304944550091278, 31.863926564156554 ], [ 131.305083306292403, 31.863825116888801 ], [ 131.305233904664988, 31.863766458444669 ], [ 131.305337291035784, 31.863791387672173 ], [ 131.305439070780608, 31.863791143262581 ], [ 131.305593377144163, 31.863778363561735 ], [ 131.305710761020521, 31.86375724509811 ], [ 131.305882299200192, 31.86373640630266 ], [ 131.305975644019696, 31.863722072766059 ], [ 131.306067275704066, 31.86367607962713 ], [ 131.306149521064469, 31.863617329102379 ] ] ] } },
{ "type": "Feature", "properties": { "FNODE_": 69, "TNODE_": 68, "LPOLY_": 0, "RPOLY_": 0, "LENGTH": 190.939, "RINDOU_": 37, "RINDOU_ID": 14, "CLSID": 2, "NUM": 10, "林道名": "トネリコ", "総延長": 200, "区域": "18", "開設年度": 1963, "延長年度": null, "NO": 31, "内外区別": 1 }, "geometry": { "type": "MultiLineString", "coordinates": [ [ [ 131.302454693427592, 31.866655725692347 ], [ 131.302413909650681, 31.866654954363952 ], [ 131.302315274797735, 31.866653088865466 ], [ 131.302275580278973, 31.866651055539748 ], [ 131.302225948675499, 31.866652684542732 ], [ 131.30221787905046, 31.866652648013552 ], [ 131.302129200335798, 31.866655049309234 ], [ 131.302016676341822, 31.866633900024066 ], [ 131.30194253164143, 31.866602861800807 ], [ 131.301900751009413, 31.866621973024383 ], [ 131.301899308202735, 31.866643528908551 ], [ 131.301903778791825, 31.866680805083899 ], [ 131.301922133858739, 31.866716134490627 ], [ 131.301957208683319, 31.866779484781667 ], [ 131.301971549894432, 31.866822501630207 ], [ 131.301970535304719, 31.866882106518744 ], [ 131.301957766023861, 31.866927571042496 ], [ 131.301925830164748, 31.866977181874049 ], [ 131.301867363911668, 31.867031294797936 ], [ 131.301787781331313, 31.867053749760842 ], [ 131.30169236691583, 31.867044604649784 ], [ 131.301618216337488, 31.867017370685343 ], [ 131.301544083683154, 31.866976607869262 ], [ 131.301501742017194, 31.866949439337187 ], [ 131.301459438910371, 31.86690874193356 ], [ 131.301411765863037, 31.866886095596747 ], [ 131.301332304694739, 31.866863383638673 ], [ 131.301273959592777, 31.866872329656026 ], [ 131.30119442155214, 31.866876745788041 ], [ 131.301127254407163, 31.866890243474433 ], [ 131.30108083329327, 31.866904437585362 ] ] ] } },
{ "type": "Feature", "properties": { "FNODE_": 70, "TNODE_": 71, "LPOLY_": 0, "RPOLY_": 0, "LENGTH": 209.495, "RINDOU_": 38, "RINDOU_ID": 15, "CLSID": 2, "NUM": 25, "林道名": "アカゲラ", "総延長": 280, "区域": "13", "開設年度": 1969, "延長年度": null, "NO": 32, "内外区別": 1 }, "geometry": { "type": "MultiLineString", "coordinates": [ [ [ 131.304496491948925, 31.867286677273423 ], [ 131.304447475935291, 31.867174244062287 ], [ 131.304443393181543, 31.867167106632621 ], [ 131.304416173620496, 31.867076482650795 ], [ 131.304416774314035, 31.866997477227248 ], [ 131.304441048079042, 31.866954822246264 ], [ 131.304511575829849, 31.866913607764221 ], [ 131.304546342481558, 31.866856848808265 ], [ 131.304571196406698, 31.866817436556502 ], [ 131.304587049452493, 31.866760913053444 ], [ 131.304549259065936, 31.86668084885946 ], [ 131.304535101346431, 31.866627189995032 ], [ 131.304503437777953, 31.8665646242527 ], [ 131.304475230313756, 31.866490118499833 ], [ 131.304443557028065, 31.866424569832386 ], [ 131.304455793288639, 31.86635416193856 ], [ 131.304434116977916, 31.866309188644188 ], [ 131.304396377469658, 31.866250794848174 ], [ 131.304364091788159, 31.866205916297538 ], [ 131.304294734350606, 31.866161338940479 ], [ 131.304246792655505, 31.866139186848113 ], [ 131.304192772127976, 31.866118521884605 ], [ 131.30412435412228, 31.866090578524723 ], [ 131.30408157011604, 31.866054815811619 ], [ 131.304061139166805, 31.866006483799239 ], [ 131.304057007215079, 31.865962259258733 ], [ 131.304043468667828, 31.865899543500145 ], [ 131.304020607180121, 31.86580693244056 ], [ 131.303979378666327, 31.865745839567079 ], [ 131.303995909182987, 31.865670630161766 ], [ 131.304077640329808, 31.86562248110458 ], [ 131.304251989649146, 31.865565943894062 ] ] ] } },
{ "type": "Feature", "properties": { "FNODE_": 75, "TNODE_": 74, "LPOLY_": 0, "RPOLY_": 0, "LENGTH": 426.763, "RINDOU_": 40, "RINDOU_ID": 17, "CLSID": 2, "NUM": 15, "林道名": "オオマツガオ", "総延長": 636, "区域": "17", "開設年度": 1966, "延長年度": null, "NO": 33, "内外区別": 1 }, "geometry": { "type": "MultiLineString", "coordinates": [ [ [ 131.306111924485435, 31.868964789017646 ], [ 131.306109701709289, 31.868966086905385 ], [ 131.306069427301736, 31.869040769365558 ], [ 131.306017363782559, 31.86912700018561 ], [ 131.305970492797371, 31.86920419925384 ], [ 131.305934231271806, 31.869281231853996 ], [ 131.305918964752237, 31.869340105002038 ], [ 131.305919296094459, 31.869371671529215 ], [ 131.30596217342972, 31.869416453158117 ], [ 131.305999822854972, 31.86946582743311 ], [ 131.306042848193016, 31.869524137530526 ], [ 131.306064618663186, 31.86957820054387 ], [ 131.30605972209969, 31.869614359732644 ], [ 131.30603900243031, 31.869659646701596 ], [ 131.306013146739247, 31.869718615804935 ], [ 131.306008377422302, 31.869768303537178 ], [ 131.306014013828872, 31.869799857295199 ], [ 131.306046154295984, 31.869831206340574 ], [ 131.306099585554335, 31.869871382437314 ], [ 131.306137030879228, 31.869902648226397 ], [ 131.306163866617936, 31.869934080474945 ], [ 131.306196542762393, 31.870015033981357 ], [ 131.306230178468212, 31.870186388898393 ], [ 131.306285901192609, 31.8704387227822 ], [ 131.306292094248164, 31.870519951431724 ], [ 131.306287473235273, 31.87058323812375 ], [ 131.306256439682926, 31.870655748590647 ], [ 131.306219733989877, 31.870692195774996 ], [ 131.306151514982531, 31.870755987914187 ], [ 131.306099118943422, 31.870810581768925 ], [ 131.306057143816048, 31.870851621670081 ], [ 131.306025890749112, 31.870901514061078 ], [ 131.306005410663744, 31.870969418985776 ], [ 131.30599058790358, 31.871068948071446 ], [ 131.306007313901432, 31.871145571301533 ], [ 131.3060451830803, 31.871217493100126 ], [ 131.306238564633986, 31.871455121164399 ], [ 131.306389139919219, 31.87165705699584 ], [ 131.306458671125426, 31.871715162132002 ], [ 131.306528018850713, 31.871755229207871 ], [ 131.306597197985781, 31.871781767804229 ], [ 131.306740789892189, 31.871825672100812 ], [ 131.30684187050133, 31.871860941445888 ], [ 131.306916594830966, 31.871910014564808 ], [ 131.307194425833103, 31.872115306258976 ] ] ] } },
{ "type": "Feature", "properties": { "FNODE_": 77, "TNODE_": 76, "LPOLY_": 0, "RPOLY_": 0, "LENGTH": 443.663, "RINDOU_": 41, "RINDOU_ID": 18, "CLSID": 2, "NUM": 14, "林道名": "ヤマノカミ", "総延長": 486, "区域": "18", "開設年度": 1966, "延長年度": null, "NO": 34, "内外区別": 1 }, "geometry": { "type": "MultiLineString", "coordinates": [ [ [ 131.305083024806379, 31.86934782903602 ], [ 131.305055351912586, 31.869336143292642 ], [ 131.305042461153931, 31.869386520491677 ], [ 131.305033402802394, 31.869413690211381 ], [ 131.305009326639833, 31.869450454340928 ], [ 131.304990837364898, 31.869475925973848 ], [ 131.304879318317546, 31.869547994439749 ], [ 131.304778502565, 31.869579450882409 ], [ 131.304688314361414, 31.869597423487605 ], [ 131.304633845497278, 31.86961631100317 ], [ 131.304571334799448, 31.869655226486248 ], [ 131.304540119409467, 31.869676909227369 ], [ 131.304533247105553, 31.869678095179676 ], [ 131.304516983017692, 31.869689392483146 ], [ 131.304469164665448, 31.869729952325695 ], [ 131.304384243140561, 31.869761440864366 ], [ 131.304299385910326, 31.869774820386283 ], [ 131.304243666984803, 31.869766867931975 ], [ 131.304140686368953, 31.869742998760149 ], [ 131.30407465247265, 31.869728146320899 ], [ 131.304020586117076, 31.869768035442277 ], [ 131.303991358853722, 31.869771511275996 ], [ 131.303957626858562, 31.869777203476627 ], [ 131.303894479038945, 31.869811927061686 ], [ 131.3038258864201, 31.869793366642796 ], [ 131.30374469244984, 31.869754108672574 ], [ 131.303680065954467, 31.869728888389037 ], [ 131.303631905291553, 31.869730043835986 ], [ 131.303592434978498, 31.869742486034681 ], [ 131.303582597658675, 31.869768712315036 ], [ 131.303549173137043, 31.869808882691721 ], [ 131.303501517803937, 31.869858393768439 ], [ 131.303447953370835, 31.869896703110609 ], [ 131.303418884759594, 31.869919480026308 ], [ 131.303397602666479, 31.869935671553772 ], [ 131.303390418645023, 31.869939038988761 ], [ 131.303340467038453, 31.869956104696055 ], [ 131.30334048526953, 31.869959028654012 ], [ 131.303340369572368, 31.86995985422783 ], [ 131.303335652825865, 31.869962142655673 ], [ 131.303335867061179, 31.869965623891943 ], [ 131.303335664550957, 31.869965722144002 ], [ 131.303336849291981, 31.869984973700657 ], [ 131.303320185440469, 31.870103880854252 ], [ 131.30331862418717, 31.870113285468101 ], [ 131.303266229742178, 31.870164884453832 ], [ 131.303235798640515, 31.870207164150347 ], [ 131.303228467672483, 31.870275144588064 ], [ 131.303288733651925, 31.870301071179696 ], [ 131.303305605853296, 31.870305867451901 ], [ 131.303306853983486, 31.870306222258595 ], [ 131.30342826005554, 31.870292814641761 ], [ 131.303464626058258, 31.870290329817966 ], [ 131.303504238068683, 31.870309413292002 ], [ 131.303555676678428, 31.870330620480569 ], [ 131.303605369795918, 31.87035748888815 ], [ 131.303650593994348, 31.870407027833906 ], [ 131.303678710431171, 31.870456367194553 ], [ 131.303724867766846, 31.870525907245746 ], [ 131.303786965763607, 31.870588848367301 ], [ 131.303922307042029, 31.870594827938355 ], [ 131.303991622263624, 31.870503346558472 ], [ 131.304059878033627, 31.870444065100003 ], [ 131.30414318299097, 31.870303363108992 ], [ 131.304180128787891, 31.87028953449483 ], [ 131.304222710171501, 31.870307189246262 ], [ 131.304233651067534, 31.870338730391836 ], [ 131.304264884743247, 31.870540696458431 ], [ 131.304287528178264, 31.870620308556333 ], [ 131.30430161847994, 31.870744574233779 ], [ 131.304335032127483, 31.870893311628809 ], [ 131.304378352455018, 31.870978679273264 ], [ 131.304440920354864, 31.871127881627881 ], [ 131.304461154963775, 31.871280887781829 ] ] ] } },
{ "type": "Feature", "properties": { "FNODE_": 78, "TNODE_": 79, "LPOLY_": 0, "RPOLY_": 0, "LENGTH": 135.471, "RINDOU_": 42, "RINDOU_ID": 19, "CLSID": 2, "NUM": 34, "林道名": "マメンノ支線", "総延長": 135, "区域": "16", "開設年度": 1979, "延長年度": null, "NO": 35, "内外区別": 1 }, "geometry": { "type": "MultiLineString", "coordinates": [ [ [ 131.314070270912396, 31.863762496804746 ], [ 131.314019960325254, 31.863641495179984 ], [ 131.313972317755884, 31.863516240406597 ], [ 131.313985062109197, 31.863419397094248 ], [ 131.313994627268443, 31.86332446005995 ], [ 131.314014744902579, 31.863224916884779 ], [ 131.314097858802143, 31.863070750369644 ], [ 131.314170831066775, 31.862957195438263 ], [ 131.314249442159536, 31.862875264338587 ], [ 131.314421959935743, 31.8626570373379 ] ] ] } },
{ "type": "Feature", "properties": { "FNODE_": 79, "TNODE_": 80, "LPOLY_": 0, "RPOLY_": 0, "LENGTH": 76.228, "RINDOU_": 43, "RINDOU_ID": 20, "CLSID": 5, "NUM": 0, "林道名": null, "総延長": 0, "区域": null, "開設年度": 0, "延長年度": null, "NO": 36, "内外区別": 0 }, "geometry": { "type": "MultiLineString", "coordinates": [ [ [ 131.314421959935743, 31.862657037337879 ], [ 131.314619600001521, 31.862312196710995 ], [ 131.314660764844774, 31.862198931562176 ], [ 131.314681272648784, 31.862135534734982 ], [ 131.314738386806766, 31.862026669251627 ] ] ] } },
{ "type": "Feature", "properties": { "FNODE_": 81, "TNODE_": 82, "LPOLY_": 0, "RPOLY_": 0, "LENGTH": 132.607, "RINDOU_": 44, "RINDOU_ID": 21, "CLSID": 5, "NUM": 0, "林道名": null, "総延長": 0, "区域": null, "開設年度": 0, "延長年度": null, "NO": 37, "内外区別": 0 }, "geometry": { "type": "MultiLineString", "coordinates": [ [ [ 131.314619600001521, 31.862312196710995 ], [ 131.314799375564945, 31.862274477003041 ], [ 131.314894418813253, 31.862242110657007 ], [ 131.315031763655838, 31.86220026790452 ], [ 131.315132239681219, 31.862181346323659 ], [ 131.315211631681109, 31.862171637090587 ], [ 131.315285868563677, 31.862175539914269 ], [ 131.315354914128534, 31.862188474809489 ], [ 131.315407804280909, 31.862178972092547 ], [ 131.315455354075283, 31.862165043442065 ], [ 131.315470762896069, 31.862119768084181 ], [ 131.315480475926137, 31.862038429884709 ], [ 131.31548494100187, 31.86196161432326 ], [ 131.315510546601899, 31.861880095768672 ], [ 131.315525862707574, 31.861825801389877 ], [ 131.315557107376861, 31.861775836182975 ], [ 131.3155990744294, 31.861734863602955 ] ] ] } },
{ "type": "Feature", "properties": { "FNODE_": 56, "TNODE_": 83, "LPOLY_": 0, "RPOLY_": 0, "LENGTH": 230.611, "RINDOU_": 45, "RINDOU_ID": 22, "CLSID": 5, "NUM": 0, "林道名": null, "総延長": 0, "区域": null, "開設年度": 0, "延長年度": null, "NO": 38, "内外区別": 0 }, "geometry": { "type": "MultiLineString", "coordinates": [ [ [ 131.315551952380389, 31.864166353330262 ], [ 131.315604705308346, 31.864056450546414 ], [ 131.31561834455394, 31.863956190198845 ], [ 131.31557951943833, 31.863834704206226 ], [ 131.315568276884733, 31.863776107046075 ], [ 131.315572984143984, 31.863721909463877 ], [ 131.315588336513315, 31.863672124622141 ], [ 131.31560341066799, 31.863595212285976 ] ] ] } },
{ "type": "Feature", "properties": { "FNODE_": 85, "TNODE_": 86, "LPOLY_": 0, "RPOLY_": 0, "LENGTH": 829.33, "RINDOU_": 47, "RINDOU_ID": 34, "CLSID": 2, "NUM": 22, "林道名": "ツグミ", "総延長": 873, "区域": "11", "開設年度": 1968, "延長年度": "1980", "NO": 40, "内外区別": 1 }, "geometry": { "type": "MultiLineString", "coordinates": [ [ [ 131.297417110614617, 31.859928885725026 ], [ 131.297402662790546, 31.859885171801981 ], [ 131.297412195542847, 31.859616287472665 ], [ 131.297427577066344, 31.85947631216218 ], [ 131.297443030712429, 31.859358814347424 ], [ 131.297473431243162, 31.859315914103544 ], [ 131.297514384685371, 31.859312860292 ], [ 131.297603198392324, 31.859333609132477 ], [ 131.297647194500598, 31.859338567957749 ], [ 131.297724507917366, 31.859340534595177 ], [ 131.297834413473794, 31.859317001784049 ], [ 131.297909472504642, 31.859255239389125 ], [ 131.297961559040857, 31.859203754468403 ], [ 131.298009503320571, 31.859145192856509 ], [ 131.298058218650368, 31.859075091443493 ], [ 131.298104400239566, 31.85901731594425 ], [ 131.298172658822182, 31.858978672434432 ], [ 131.298231338518804, 31.858962862101986 ], [ 131.298327313557394, 31.858933310991304 ], [ 131.298372501128, 31.858915051161976 ], [ 131.298400887843826, 31.858877140939533 ], [ 131.298443165394502, 31.858840894264731 ], [ 131.298480109222226, 31.858795570377143 ], [ 131.298522156296542, 31.85870062860738 ], [ 131.298651802842159, 31.858670619891697 ], [ 131.298837540092791, 31.858631936710584 ], [ 131.298963293205389, 31.858529156436074 ], [ 131.298995555647537, 31.858464931605852 ], [ 131.299045266923656, 31.858404258084771 ], [ 131.299083673310918, 31.858275404484449 ], [ 131.299155834647195, 31.858085125812234 ], [ 131.299220384994811, 31.857990914459158 ], [ 131.299291077453631, 31.857953385135566 ], [ 131.299368568565086, 31.857922941238581 ], [ 131.299446045346428, 31.85789832215292 ], [ 131.29950281955513, 31.857872982736904 ], [ 131.299548806255785, 31.857846952097006 ], [ 131.299590258548989, 31.857815423988512 ], [ 131.299627698174078, 31.857781027510878 ], [ 131.299664895917402, 31.857717971268027 ], [ 131.299681193264206, 31.857656249543226 ], [ 131.299758895293877, 31.857488505598116 ], [ 131.299878989637136, 31.857320450268858 ], [ 131.299888806782945, 31.857248061694282 ], [ 131.299868735536393, 31.857170088136659 ], [ 131.29986595788418, 31.857094717768287 ], [ 131.299849057381579, 31.857000055433293 ], [ 131.299877394705277, 31.856922021132295 ], [ 131.299948926461468, 31.856855514450036 ], [ 131.300066202493952, 31.856805245754657 ], [ 131.30022794840832, 31.856755646557847 ], [ 131.300308794025256, 31.856722630622066 ], [ 131.300703638343549, 31.856666548637573 ], [ 131.300854022651095, 31.856649763612683 ], [ 131.300920233627323, 31.856651815094615 ], [ 131.301027154078781, 31.856682374959515 ], [ 131.301148755102844, 31.856717130672472 ], [ 131.301209096999173, 31.856727263646693 ], [ 131.301257677980288, 31.856728008565312 ], [ 131.301307833626936, 31.856705198053351 ], [ 131.301336826736502, 31.856665482397904 ], [ 131.301349550949823, 31.856600054263655 ], [ 131.301297463179907, 31.856529541357531 ], [ 131.301263203530738, 31.856432728385531 ], [ 131.301256332313557, 31.856382072323388 ], [ 131.301266015811763, 31.856336221052583 ], [ 131.301291252365417, 31.856281604682525 ], [ 131.301308732237572, 31.856229123580889 ], [ 131.301329283445028, 31.856170308805076 ], [ 131.30133930271154, 31.856116028606266 ], [ 131.301311658490363, 31.855996846898933 ], [ 131.301288636731186, 31.855954954503456 ], [ 131.301246991584378, 31.855932761219382 ], [ 131.30118921424139, 31.85590675474344 ], [ 131.301071538417858, 31.855909378796294 ], [ 131.300931276610243, 31.855908595462722 ], [ 131.300711443399564, 31.855895925873014 ], [ 131.300538816660264, 31.855885976652555 ], [ 131.300505833856505, 31.855887454076722 ], [ 131.300473722046661, 31.855930375374523 ], [ 131.300457957208096, 31.85596091082304 ], [ 131.300421679251542, 31.856080025083919 ], [ 131.300396123776181, 31.856093044836381 ], [ 131.300343987894166, 31.856100029604541 ], [ 131.300278305930931, 31.856052152571422 ], [ 131.300241482535455, 31.856016319809118 ], [ 131.300113151065716, 31.855909025766955 ] ] ] } },
{ "type": "Feature", "properties": { "FNODE_": 88, "TNODE_": 87, "LPOLY_": 0, "RPOLY_": 0, "LENGTH": 1190.464, "RINDOU_": 48, "RINDOU_ID": 25, "CLSID": 2, "NUM": 1, "林道名": "ウグイス", "総延長": 948, "区域": "11", "開設年度": 1944, "延長年度": null, "NO": 41, "内外区別": 1 }, "geometry": { "type": "MultiLineString", "coordinates": [ [ [ 131.305307564503579, 31.855585433639337 ], [ 131.305276153898518, 31.855419669100971 ], [ 131.305253500466961, 31.855284364173347 ], [ 131.305199303534607, 31.855171964923148 ], [ 131.305123854728009, 31.855055177465555 ], [ 131.305000767046636, 31.854943366147651 ], [ 131.304864532467519, 31.854864873340674 ], [ 131.304780584887141, 31.854771123941969 ], [ 131.304757457529348, 31.854713834762421 ], [ 131.304768082141464, 31.854654678182857 ], [ 131.304781345338398, 31.854606919406166 ], [ 131.304798501663129, 31.854571182956821 ], [ 131.304789909566125, 31.854565218691263 ], [ 131.30475893796563, 31.854540405095587 ], [ 131.304297858466555, 31.854181714220033 ], [ 131.304244404810646, 31.854140130344422 ], [ 131.304114325526172, 31.85401188824267 ], [ 131.304039253950179, 31.853999025627697 ], [ 131.303990298879597, 31.854006846667051 ], [ 131.303942536261644, 31.854017160026679 ], [ 131.303796227470627, 31.85408814026005 ], [ 131.303710239494649, 31.854129728097483 ], [ 131.303657493075917, 31.854151953669334 ], [ 131.303611723403094, 31.854174383035136 ], [ 131.303261593571733, 31.854277671453648 ], [ 131.303197863856298, 31.854322778757478 ], [ 131.303149976185267, 31.854390466911696 ], [ 131.303123266908756, 31.854471703886443 ], [ 131.303122971377377, 31.854588482112565 ], [ 131.303123067493971, 31.854589902754423 ], [ 131.303132859541535, 31.854670799279628 ], [ 131.303152868243245, 31.85477441257413 ], [ 131.30315278696267, 31.854775546381305 ], [ 131.303154295458597, 31.854783357984587 ], [ 131.303152538590581, 31.854807865047896 ], [ 131.303155310162026, 31.854823481432913 ], [ 131.303149639288762, 31.854864582720531 ], [ 131.303173299570858, 31.854987144770863 ], [ 131.303141577712381, 31.855045369522283 ], [ 131.30313352545474, 31.855056100832083 ], [ 131.303097183314009, 31.855099547968027 ], [ 131.303083107459855, 31.855108502743821 ], [ 131.303040765306008, 31.855120128368281 ], [ 131.303019940659937, 31.855126541166225 ], [ 131.302894055967158, 31.855168879037098 ], [ 131.302785140495359, 31.855226784442586 ], [ 131.302723631277757, 31.855271816514684 ], [ 131.302650485532041, 31.8553189425234 ], [ 131.302593907721871, 31.855347512385382 ], [ 131.302541167471645, 31.855370538301855 ], [ 131.302361113279147, 31.855435636475473 ], [ 131.302155497235077, 31.855485761177377 ], [ 131.301987836743734, 31.855514795558058 ], [ 131.301828816355624, 31.855515811713055 ], [ 131.301614292343572, 31.855511863749907 ], [ 131.301482842606703, 31.855542779074735 ], [ 131.301442749520334, 31.855611696643667 ], [ 131.30120442661709, 31.855622199931311 ], [ 131.300881580441597, 31.855666234456919 ], [ 131.300682395275743, 31.855705605787971 ], [ 131.300391821994594, 31.855774747695413 ], [ 131.300110390789314, 31.855904931551663 ], [ 131.299903428167369, 31.855988826299676 ], [ 131.299813781557134, 31.856030258468607 ], [ 131.299750523048772, 31.856062397742381 ], [ 131.299687229271086, 31.856090027439567 ], [ 131.299650470837491, 31.856121963295038 ], [ 131.299624523462512, 31.856171841722418 ], [ 131.299598352619256, 31.856203682157755 ], [ 131.299519257868013, 31.856240438709253 ], [ 131.299440016135406, 31.856263666672927 ], [ 131.299376519368423, 31.856273258180444 ], [ 131.299296948570117, 31.85626491943199 ], [ 131.298925441591109, 31.856213861914526 ], [ 131.298839901072654, 31.856223152645661 ], [ 131.29860464599372, 31.856271760901848 ], [ 131.298445702882731, 31.856303842280042 ], [ 131.298334433834214, 31.856322282759766 ], [ 131.298223193770639, 31.856349742331101 ], [ 131.298075045506408, 31.8564269646821 ], [ 131.29795600254019, 31.856517323370571 ], [ 131.297722246948382, 31.856570050851055 ], [ 131.297517071064334, 31.856616254918571 ], [ 131.297484956527427, 31.856655920221307 ], [ 131.297268130257379, 31.856713717281373 ], [ 131.297138480145463, 31.856715004142046 ], [ 131.297058232181087, 31.856737266643087 ], [ 131.29704251985865, 31.856786979713821 ], [ 131.297010836815105, 31.856818691565088 ], [ 131.296961522403507, 31.856868347805598 ], [ 131.296872182307141, 31.856909124312427 ], [ 131.296777137342048, 31.856911921016899 ], [ 131.296741962804361, 31.856961307000734 ], [ 131.296687354749309, 31.857017314252918 ], [ 131.296631583356827, 31.857076257936598 ], [ 131.296559905591579, 31.857212908746291 ], [ 131.296489531944331, 31.857284085671459 ] ] ] } },
{ "type": "Feature", "properties": { "FNODE_": 53, "TNODE_": 89, "LPOLY_": 0, "RPOLY_": 0, "LENGTH": 3331.413, "RINDOU_": 49, "RINDOU_ID": 24, "CLSID": 1, "NUM": 2, "林道名": "サクラ", "総延長": 3372, "区域": "10,11,12,20", "開設年度": 1951, "延長年度": "1960,1961", "NO": 42, "内外区別": 1 }, "geometry": { "type": "MultiLineString", "coordinates": [ [ [ 131.305695968468939, 31.856223639841456 ], [ 131.305644230006806, 31.856224370469754 ], [ 131.305612876447981, 31.856198094647343 ], [ 131.305566070886357, 31.856105556334484 ], [ 131.305518981481185, 31.856004771967953 ], [ 131.30547345031178, 31.855907322428529 ], [ 131.305415092894691, 31.855834862414959 ], [ 131.305369727259546, 31.855743996740287 ], [ 131.305333117371049, 31.855657163924096 ], [ 131.305307718365384, 31.855585634412904 ], [ 131.305105517680431, 31.855321782742376 ], [ 131.30500878158162, 31.855196167951057 ], [ 131.304938968098384, 31.855110934265959 ], [ 131.304863906905354, 31.855030293210142 ], [ 131.304778462156008, 31.85496778596562 ], [ 131.304661488729067, 31.854932693807505 ], [ 131.304534039869822, 31.854906645879382 ], [ 131.304363975501502, 31.854862943145111 ], [ 131.304262822889427, 31.854818652576906 ], [ 131.304177266575579, 31.854747125934171 ], [ 131.30410774961689, 31.85468901930729 ], [ 131.304027090159366, 31.854581333361665 ], [ 131.303941147374189, 31.854473659987473 ], [ 131.303876787128445, 31.854401941558866 ], [ 131.303802226376803, 31.854366465416948 ], [ 131.303722727683123, 31.854367148515486 ], [ 131.303627561859884, 31.85438604840574 ], [ 131.303548358172691, 31.854413788463862 ], [ 131.303506465731914, 31.85445926657307 ], [ 131.303485987328202, 31.854527171256422 ], [ 131.303484412504247, 31.854540055664028 ], [ 131.303500217811404, 31.854803262108597 ], [ 131.303511225319085, 31.854925619590293 ], [ 131.303551623641198, 31.855217673599793 ], [ 131.30358279719016, 31.855466049784887 ], [ 131.303685076749701, 31.855637496495582 ], [ 131.303735723903486, 31.855728068555532 ], [ 131.303823336800633, 31.855838385835749 ], [ 131.303887386423185, 31.855918375969267 ], [ 131.30392397504076, 31.855966320658073 ], [ 131.303949682109561, 31.856017053766383 ], [ 131.303780948743679, 31.856330882040599 ], [ 131.303666294175059, 31.85651252740594 ], [ 131.30362463985611, 31.856580553110156 ], [ 131.303604069611765, 31.856639438756261 ], [ 131.303578398868439, 31.856716445544212 ], [ 131.303526543418542, 31.856820713505432 ], [ 131.303511221300852, 31.856875076983226 ], [ 131.303469658396921, 31.856952192132677 ], [ 131.303438205004483, 31.856984045954007 ], [ 131.30329638732016, 31.857102620997875 ], [ 131.303254473141862, 31.857148169524816 ], [ 131.303218270021944, 31.857229710974476 ], [ 131.303140630520318, 31.857401966493018 ], [ 131.303062639800544, 31.857542655411034 ], [ 131.302931851114579, 31.857701790401759 ], [ 131.302842997572327, 31.857815447294282 ], [ 131.302775080451056, 31.857906294763623 ], [ 131.30272758690387, 31.857924728173924 ], [ 131.302637588687872, 31.85793452531183 ], [ 131.302552712062607, 31.857926271696925 ], [ 131.302478570423688, 31.857931380449074 ], [ 131.302409733129707, 31.857936476546008 ], [ 131.30230964527783, 31.857991534632436 ], [ 131.302215079464702, 31.858069057188192 ], [ 131.302151932385954, 31.85811021663633 ], [ 131.302021253524771, 31.858278440140118 ], [ 131.30189201533571, 31.858489199599386 ], [ 131.30177440741511, 31.858495312872215 ], [ 131.301637079360177, 31.858529988416805 ], [ 131.301595514160311, 31.858607102947968 ], [ 131.301569693976745, 31.858670580791134 ], [ 131.301538386580205, 31.858715962670939 ], [ 131.301485826921606, 31.858757096685025 ], [ 131.301433084458381, 31.858780122143358 ], [ 131.301380615746581, 31.858830204687525 ], [ 131.301354907251152, 31.858902701473045 ], [ 131.301323985556508, 31.858984229855857 ], [ 131.301271958480498, 31.859074968404087 ], [ 131.301193191854821, 31.859143363053587 ], [ 131.301129987651905, 31.859180012501302 ], [ 131.301019106387059, 31.85921705662097 ], [ 131.300866161574334, 31.859286119852616 ], [ 131.300734209913998, 31.85933688337024 ], [ 131.300591578918215, 31.859378723203001 ], [ 131.30048765236009, 31.859419300433569 ], [ 131.300432971748535, 31.859427649113758 ], [ 131.300342598941853, 31.859437618319319 ], [ 131.300254758615864, 31.859409410770954 ], [ 131.300155083307715, 31.859384018943246 ], [ 131.300123162356044, 31.859317794037771 ], [ 131.300100042893916, 31.859277559604912 ], [ 131.300041104971001, 31.859212947725364 ], [ 131.300012171827461, 31.859186071210548 ], [ 131.299955983970989, 31.859175815342155 ], [ 131.299824787793568, 31.859242942454777 ], [ 131.299676985169498, 31.859362608230199 ], [ 131.299522164569851, 31.859482571884879 ], [ 131.299464466702005, 31.859537246042123 ], [ 131.299358903353465, 31.859578785820581 ], [ 131.299079034483839, 31.859671398352507 ], [ 131.298978922124832, 31.859726453874977 ], [ 131.29885145033208, 31.859803628499474 ], [ 131.298666040760708, 31.859861350379827 ], [ 131.298581239888051, 31.85987063920744 ], [ 131.298507004338774, 31.859866374303714 ], [ 131.298432689820373, 31.859844000575524 ], [ 131.298353114670959, 31.859835238485235 ], [ 131.298252400394858, 31.859844564423589 ], [ 131.298157025943595, 31.859858457852837 ], [ 131.29800879337094, 31.859917641799466 ], [ 131.297943933858363, 31.859999773776043 ], [ 131.297932754081359, 31.860005620082053 ], [ 131.297905141092969, 31.860018684773696 ], [ 131.297852874597481, 31.860041820972349 ], [ 131.29779953953377, 31.860062218633651 ], [ 131.297692604802648, 31.860068375358146 ], [ 131.297616218461116, 31.86004726258869 ], [ 131.297556988148671, 31.860027631216337 ], [ 131.297492456367621, 31.860003453896496 ], [ 131.297464374044011, 31.859977352479948 ], [ 131.297429967001165, 31.859930448009873 ], [ 131.297377176350778, 31.859924032976856 ], [ 131.297300180468767, 31.859978621732576 ], [ 131.297213655904102, 31.859969812975425 ], [ 131.297134179891515, 31.859979088395029 ], [ 131.297070483058604, 31.859965778778811 ], [ 131.296996139885579, 31.859934385025337 ], [ 131.296911216957341, 31.859912105642522 ], [ 131.296868836934181, 31.859916714199681 ], [ 131.29684789198879, 31.859989058031115 ], [ 131.29686407813017, 31.860061244730339 ], [ 131.296880214753713, 31.860124412290229 ], [ 131.296906931463468, 31.860178535896537 ], [ 131.296928300128741, 31.860219072642238 ], [ 131.296928436627951, 31.860255219793459 ], [ 131.296854545806838, 31.860345725727136 ], [ 131.296764547348118, 31.860382153694459 ], [ 131.296701071310082, 31.860418519726448 ], [ 131.296589990860326, 31.860491073757238 ], [ 131.29651055165661, 31.860518457668363 ], [ 131.296420387731757, 31.860509719057593 ], [ 131.296361937203585, 31.860478287894761 ], [ 131.296303478507269, 31.860437837472077 ], [ 131.296239752407445, 31.860415437795066 ], [ 131.29619207604236, 31.860429148178483 ], [ 131.295980579067304, 31.860578810528029 ], [ 131.295911698949311, 31.860597079777015 ], [ 131.295821613467893, 31.860606449525605 ], [ 131.295731507102658, 31.860615748796061 ], [ 131.295678589867805, 31.860643000051176 ], [ 131.295657536611344, 31.860688215716706 ], [ 131.295647170576814, 31.860751445037991 ], [ 131.295642129914995, 31.860814732441519 ], [ 131.295642323482809, 31.860868917962616 ], [ 131.295609022161415, 31.860922555702142 ], [ 131.295576897727415, 31.860948842925623 ], [ 131.295514587991875, 31.860969221405917 ], [ 131.295447620586572, 31.86096377240257 ], [ 131.295364350241499, 31.860927507710269 ], [ 131.29530141891945, 31.860913157188204 ], [ 131.29520596412118, 31.8609277948621 ], [ 131.295061812743825, 31.861066001412318 ], [ 131.294910016139369, 31.861159609825183 ], [ 131.294825726997033, 31.861211166702788 ], [ 131.29435106046256, 31.861296566130573 ], [ 131.294211696235834, 31.86137460080565 ], [ 131.294047568760789, 31.861315607077177 ], [ 131.293889564657889, 31.861351246436502 ], [ 131.293838474096219, 31.861385514070026 ], [ 131.293751919672872, 31.861384788643505 ], [ 131.293693533240997, 31.861366955449146 ], [ 131.293625120025922, 31.861339422059146 ], [ 131.293543875028149, 31.861289496292542 ], [ 131.293444558327906, 31.86125075762903 ], [ 131.293336634403403, 31.86120648161317 ], [ 131.293255440632407, 31.861190309298109 ], [ 131.293151204951897, 31.8612801845665 ], [ 131.293070858674213, 31.861370263488169 ], [ 131.292951917862752, 31.861380518651508 ], [ 131.292901105145859, 31.861378441084579 ], [ 131.292813607672912, 31.861379182178741 ], [ 131.292689849184995, 31.861370338047397 ], [ 131.292606990145174, 31.861397585204962 ], [ 131.292550357084309, 31.861410409762271 ], [ 131.29252146172982, 31.861443219914989 ], [ 131.292516369554789, 31.86149741759985 ], [ 131.2925219085854, 31.861565119708878 ], [ 131.292516879765429, 31.861632846124092 ], [ 131.292501192894179, 31.861691648263317 ], [ 131.292474882389342, 31.861745894743624 ], [ 131.292400851501071, 31.861800321406523 ], [ 131.292348038634032, 31.861854628790233 ], [ 131.292303390884541, 31.861898622901915 ], [ 131.292246725602666, 31.861968901893636 ], [ 131.292218759305115, 31.862081039338289 ], [ 131.292205939691002, 31.862139555005196 ], [ 131.292137269821069, 31.862212007696581 ], [ 131.292073847575296, 31.862266409797677 ], [ 131.291989270324223, 31.862334459778047 ], [ 131.291914260547628, 31.862406575996353 ], [ 131.291821655441339, 31.862470842307289 ], [ 131.291782990004521, 31.862488223253433 ], [ 131.291648271938953, 31.862545359077114 ], [ 131.29162193164106, 31.862556269474311 ], [ 131.291597637369648, 31.862569687602694 ], [ 131.291550113173486, 31.862601636030796 ], [ 131.291518976405996, 31.862635076318906 ], [ 131.291486826279169, 31.86267918944003 ], [ 131.291444756014386, 31.862769619286023 ], [ 131.291429125434519, 31.862819356173436 ], [ 131.291423417896993, 31.862852246113732 ], [ 131.291372456017569, 31.862970316920929 ], [ 131.291327384093222, 31.863068287827691 ], [ 131.291325639383103, 31.863074746865287 ], [ 131.291307088909548, 31.863174384819377 ], [ 131.291292531580154, 31.863251363092321 ], [ 131.291284592191687, 31.863330731670118 ], [ 131.291282487022528, 31.863344631575426 ], [ 131.291254239085873, 31.863425041442142 ], [ 131.291248364005781, 31.863438029044566 ], [ 131.291231159275924, 31.863473679722677 ], [ 131.291185752258258, 31.863561311600982 ], [ 131.29112534915626, 31.863664110596179 ], [ 131.291057429306676, 31.863755777868789 ], [ 131.291017172960096, 31.863839201537374 ], [ 131.29100584532145, 31.863873838306603 ], [ 131.290982545495439, 31.863945082611465 ], [ 131.290930055589229, 31.864089722067611 ], [ 131.290930295614146, 31.864152997183108 ], [ 131.290951761982654, 31.864225172522406 ], [ 131.290983809276042, 31.86428823393619 ], [ 131.291060358136889, 31.864349395161156 ], [ 131.291162251776854, 31.864359941542407 ], [ 131.291265026842325, 31.8643724334088 ], [ 131.291344166210735, 31.864395789004654 ], [ 131.291390389617021, 31.864397447714708 ], [ 131.291476992530193, 31.864384157833864 ], [ 131.291560524909073, 31.864371339090571 ], [ 131.29162660002757, 31.864361199268814 ], [ 131.29167671100268, 31.864353509264195 ], [ 131.29172781982237, 31.864347499938411 ], [ 131.291758292320964, 31.864376158713956 ], [ 131.291763823217991, 31.864434841597824 ], [ 131.291769305070574, 31.864484505345832 ], [ 131.291785325149135, 31.864511526332713 ], [ 131.291811976691804, 31.864552051793908 ], [ 131.291859847216699, 31.864592528553118 ], [ 131.291897157585879, 31.864642119243339 ], [ 131.291929163027731, 31.864691651637063 ], [ 131.291977104976411, 31.864754746767634 ], [ 131.292056755105563, 31.864786131235693 ], [ 131.292152290875038, 31.86480838945025 ], [ 131.292274301354212, 31.864821567502396 ], [ 131.292390992655584, 31.864830177580938 ], [ 131.292470493966931, 31.864820905057236 ], [ 131.292587050680169, 31.864793438277985 ], [ 131.29266643155384, 31.864752598545 ], [ 131.292751067733064, 31.864702656954925 ], [ 131.292830376947677, 31.864639198704193 ], [ 131.2929360826665, 31.864548551398812 ], [ 131.293010158218294, 31.864507653208701 ], [ 131.293084268614876, 31.864471264518652 ], [ 131.293200761236221, 31.864430268454687 ], [ 131.293274971668893, 31.864425517250897 ], [ 131.293355090587283, 31.864578800585651 ], [ 131.293424315910102, 31.864655374940867 ], [ 131.293493371013994, 31.864691222114217 ], [ 131.293557113703798, 31.864718132729024 ], [ 131.29362606271232, 31.864726992797703 ], [ 131.293726811167261, 31.864726619213528 ], [ 131.293806404637195, 31.864739964221652 ], [ 131.293827738071968, 31.864775991918613 ], [ 131.29386530568479, 31.864893296241632 ], [ 131.293897355190694, 31.864956356901306 ], [ 131.293961233543058, 31.865019414444959 ], [ 131.294046310184513, 31.865082352479309 ], [ 131.294157947439857, 31.865163267512603 ], [ 131.29423767659415, 31.865212688917222 ], [ 131.294290916918641, 31.865266681195884 ], [ 131.294312308206656, 31.865320817627452 ], [ 131.294323188556518, 31.865393016872744 ], [ 131.294339359381183, 31.865460694248629 ], [ 131.294363913637, 31.865552041826955 ], [ 131.29444419508215, 31.86562542309143 ], [ 131.29455477330913, 31.865704744805793 ], [ 131.294667897232216, 31.865771477600983 ], [ 131.294793002698924, 31.86582045103404 ], [ 131.294858657038532, 31.865867544049262 ], [ 131.29490125512757, 31.865929061874212 ], [ 131.294914200799099, 31.866004988667591 ], [ 131.294914362384475, 31.866082042274545 ], [ 131.294888280234289, 31.866194984236028 ], [ 131.294888629771407, 31.866285316791053 ], [ 131.294895022378114, 31.866354328923226 ], [ 131.294963384190538, 31.866425012163212 ], [ 131.295030336867228, 31.866542964375093 ], [ 131.295122903300239, 31.866660654056268 ], [ 131.295199748581524, 31.866758740628143 ], [ 131.29522821513973, 31.866781310334229 ], [ 131.295301762617072, 31.866839622358544 ], [ 131.295414661529946, 31.866905096521538 ], [ 131.29556379842623, 31.866967584611377 ], [ 131.29559155356182, 31.866983223537492 ], [ 131.295643660265426, 31.867012583582504 ], [ 131.295699952606412, 31.867038472877123 ], [ 131.295880870444648, 31.867136909064925 ], [ 131.296007251222534, 31.867183100140256 ], [ 131.296033030453628, 31.867196074656214 ], [ 131.296092401249268, 31.867226169401661 ], [ 131.296215017259669, 31.867279368478499 ], [ 131.296362148944411, 31.86733910037367 ], [ 131.296469690157807, 31.867350738062161 ], [ 131.296569627741519, 31.867371677516779 ], [ 131.296604927025498, 31.867398241696755 ], [ 131.296651417664862, 31.867434094010534 ], [ 131.296710436045856, 31.867473978935227 ], [ 131.296738402459283, 31.867537738325723 ], [ 131.296744247618733, 31.867611405630612 ], [ 131.296731398477277, 31.867693261723151 ], [ 131.296714496723524, 31.867804865832863 ], [ 131.296704168177712, 31.867873743289156 ], [ 131.296692298610253, 31.867952883220337 ], [ 131.296703842776765, 31.8680544216156 ], [ 131.296729758849636, 31.868140694851775 ], [ 131.296770622619192, 31.86823752253634 ], [ 131.296867723848976, 31.868424559975033 ], [ 131.29689241809146, 31.868496715583714 ], [ 131.296876282741238, 31.868590493660559 ], [ 131.29682572528327, 31.868711026355463 ], [ 131.296765938063771, 31.868849572425589 ], [ 131.296712782770669, 31.868972749835098 ], [ 131.296653450040679, 31.869091378006065 ], [ 131.296582979785711, 31.869222634263746 ], [ 131.296520632193477, 31.86925669702352 ] ] ] } },
{ "type": "Feature", "properties": { "FNODE_": 93, "TNODE_": 92, "LPOLY_": 0, "RPOLY_": 0, "LENGTH": 1353.177, "RINDOU_": 51, "RINDOU_ID": 31, "CLSID": 2, "NUM": 11, "林道名": "ヤマバト", "総延長": 1362, "区域": "12,19", "開設年度": 1965, "延長年度": null, "NO": 43, "内外区別": 1 }, "geometry": { "type": "MultiLineString", "coordinates": [ [ [ 131.293274971668893, 31.864425517250897 ], [ 131.293418094136825, 31.864411517314746 ], [ 131.293598236676985, 31.864374813175253 ], [ 131.293704240458936, 31.864365478693262 ], [ 131.293831405673359, 31.864337986274176 ], [ 131.293953337646883, 31.864333053942243 ], [ 131.294054143159713, 31.864350788925236 ], [ 131.294218662717839, 31.864386414932216 ], [ 131.294388452155772, 31.864417518903274 ], [ 131.294526462645052, 31.864457715496854 ], [ 131.294659189161024, 31.864497924183141 ], [ 131.294781450065813, 31.864583323684645 ], [ 131.29485054085572, 31.864623750123009 ], [ 131.294919617346864, 31.864659666933363 ], [ 131.294993885316615, 31.864672953085197 ], [ 131.295078754702189, 31.864677195349152 ], [ 131.29518470095897, 31.864649750811168 ], [ 131.29533169097661, 31.864629024219273 ], [ 131.295434337260872, 31.864637851463819 ], [ 131.295541835953543, 31.864660099255087 ], [ 131.295631280995451, 31.864700071121934 ], [ 131.295714489274218, 31.864741514000531 ], [ 131.295746403620541, 31.864781000640189 ], [ 131.295763334186972, 31.864824070300443 ], [ 131.295726415215142, 31.86487834209484 ], [ 131.295663108441119, 31.864968822675749 ], [ 131.295586672286163, 31.865033478611686 ], [ 131.29553054617034, 31.865097568094079 ], [ 131.295525975909243, 31.86515889789381 ], [ 131.295564971096553, 31.865237650994747 ], [ 131.295621911742444, 31.865293181074286 ], [ 131.295694196000852, 31.865357605288967 ], [ 131.295737521689318, 31.865450340360738 ], [ 131.295770827603889, 31.86553044196414 ], [ 131.29581159654694, 31.865617366945358 ], [ 131.295882090610746, 31.865661429833807 ], [ 131.295947932290204, 31.865668801659176 ], [ 131.296017954831569, 31.865676641547182 ], [ 131.296152216501866, 31.865701291315446 ], [ 131.296184599236057, 31.865696757657894 ], [ 131.296187128475623, 31.865697081593503 ], [ 131.296216850132851, 31.865694668513836 ], [ 131.296285052453868, 31.865691949901631 ], [ 131.296364572793408, 31.865690905886922 ], [ 131.296424784094029, 31.865690115345586 ], [ 131.296469834514284, 31.865704777526528 ], [ 131.29648512696437, 31.865713271501889 ], [ 131.296524905053843, 31.865746110282288 ], [ 131.296577694044828, 31.865778967111147 ], [ 131.296611984153856, 31.865800309852204 ], [ 131.296696364950122, 31.865852505247275 ], [ 131.296815661629267, 31.865938071293129 ], [ 131.296930437000782, 31.866028512960124 ], [ 131.296968005843127, 31.866092445827224 ], [ 131.297007220012233, 31.866230856906263 ], [ 131.297035334476703, 31.866349926479586 ], [ 131.297056942333114, 31.866441439235729 ], [ 131.297090065967808, 31.866522162215926 ], [ 131.297122382926545, 31.866648426572901 ], [ 131.297167944427571, 31.866785324929786 ], [ 131.297265394403894, 31.866866175694454 ], [ 131.29737394901349, 31.866941802422058 ], [ 131.297512848884139, 31.866986708926788 ], [ 131.297641868789469, 31.867028421050531 ], [ 131.297769395890214, 31.867069650384447 ], [ 131.297856205334739, 31.867114426187417 ], [ 131.297889103511267, 31.86714265286793 ], [ 131.297940114155949, 31.867200728815423 ], [ 131.298019813486832, 31.867266575317565 ], [ 131.298065299211032, 31.867304154938697 ], [ 131.298148042699665, 31.867339821334731 ], [ 131.298207609082311, 31.867360650836385 ], [ 131.298273022404004, 31.867401079269051 ], [ 131.298338184485857, 31.867475885536948 ], [ 131.298353685789607, 31.867508198788105 ], [ 131.298365455592148, 31.867539565266888 ], [ 131.298373674797091, 31.867597525238082 ], [ 131.298352299900529, 31.867692851270821 ], [ 131.298342899570713, 31.867765753422788 ], [ 131.298330766163843, 31.867811603821689 ], [ 131.298333495486844, 31.867857497624875 ], [ 131.29835606256961, 31.867903422921962 ], [ 131.298397861573278, 31.867934676287636 ], [ 131.29845875622874, 31.86798020752375 ], [ 131.298527950405912, 31.868010065776222 ], [ 131.298572543210923, 31.868028423016078 ], [ 131.298618655801107, 31.868048804891771 ], [ 131.298637905246437, 31.868065720018507 ], [ 131.298655030527101, 31.868097497850975 ], [ 131.298639317414455, 31.868147281498985 ], [ 131.298607732850456, 31.868210560812308 ], [ 131.298560362141302, 31.868301005363811 ], [ 131.298528777698749, 31.868364355118938 ], [ 131.298518427347091, 31.868432094176903 ], [ 131.298511033302447, 31.868529430386062 ], [ 131.298517770127063, 31.868635067569794 ], [ 131.298581121305546, 31.868730011418727 ], [ 131.29862044564598, 31.868775535258802 ], [ 131.298663984583555, 31.868825242112294 ], [ 131.298772701176375, 31.868977396720716 ], [ 131.298827431550734, 31.869075985820476 ], [ 131.298859953139015, 31.869136788830119 ], [ 131.299019872260203, 31.869355832529326 ], [ 131.299078039767295, 31.869419182281533 ], [ 131.299127739850945, 31.869459290536941 ], [ 131.299195762015927, 31.869512065568159 ], [ 131.299251069648392, 31.869551485014789 ], [ 131.299300297344757, 31.869586571055507 ], [ 131.299321395139145, 31.869631758195581 ], [ 131.299337194030869, 31.869672448217344 ], [ 131.299321138485226, 31.869731181100892 ], [ 131.299283850338838, 31.869798842201075 ], [ 131.299241308135919, 31.869843967718417 ], [ 131.299161677551012, 31.869884459500074 ], [ 131.29907677469248, 31.869915944457269 ], [ 131.298954742365083, 31.869942866135162 ], [ 131.298951287910796, 31.869944063742938 ], [ 131.298927279195027, 31.869952387203153 ], [ 131.298897010073517, 31.869962881043104 ], [ 131.298857788335823, 31.86997675561301 ], [ 131.298821373039431, 31.869991451975832 ], [ 131.298791657324642, 31.870024838361473 ], [ 131.298808781696323, 31.870077423219847 ], [ 131.298884769316743, 31.870129528025647 ], [ 131.298926080902476, 31.870144228102831 ], [ 131.299037710784887, 31.870174898798549 ], [ 131.29915464557061, 31.870205486452846 ], [ 131.299244691303443, 31.870200201258761 ], [ 131.299334737025475, 31.870194916000969 ], [ 131.29939815246999, 31.870176375916824 ], [ 131.299477496953557, 31.870162096517042 ], [ 131.299551592685845, 31.870152479976419 ], [ 131.299641638342166, 31.870147194501666 ], [ 131.299768980283147, 31.870159648130297 ], [ 131.299875214495643, 31.870181382035582 ], [ 131.29994960426373, 31.870198822279441 ], [ 131.300023937936288, 31.870211682530901 ], [ 131.300114039748109, 31.870210976670037 ], [ 131.300214821740184, 31.870219123841434 ], [ 131.300351600616921, 31.870248960575456 ], [ 131.300428790372166, 31.870338266142113 ], [ 131.300430395250999, 31.870551480885325 ], [ 131.300410646860911, 31.870687097929931 ], [ 131.300406427848003, 31.870786460414507 ], [ 131.300407675653389, 31.870903848453032 ], [ 131.300495136632037, 31.871151459376645 ], [ 131.300582598083508, 31.871399070227536 ] ] ] } },
{ "type": "Feature", "properties": { "FNODE_": 94, "TNODE_": 95, "LPOLY_": 0, "RPOLY_": 0, "LENGTH": 1120.969, "RINDOU_": 52, "RINDOU_ID": 12, "CLSID": 2, "NUM": 24, "林道名": "サイソウチ", "総延長": 1130, "区域": "13,14", "開設年度": 1969, "延長年度": null, "NO": 44, "内外区別": 1 }, "geometry": { "type": "MultiLineString", "coordinates": [ [ [ 131.301240206267067, 31.862527280829692 ], [ 131.301353650969929, 31.862603425026467 ], [ 131.301429291556616, 31.862656035333231 ], [ 131.301528085323213, 31.862726647660107 ], [ 131.301577017209837, 31.862796538008716 ], [ 131.301618797050594, 31.862858851486351 ], [ 131.301639311576196, 31.86287874313803 ], [ 131.301659170296205, 31.862883987879041 ], [ 131.3016837097002, 31.862881620758749 ], [ 131.301727933525314, 31.862854410779899 ], [ 131.301780472800118, 31.862816733706765 ], [ 131.30192730984669, 31.862711433343257 ], [ 131.30213804144293, 31.86275578938875 ], [ 131.302165676717777, 31.862761606197385 ], [ 131.302224362729248, 31.862810440126111 ], [ 131.302276312281947, 31.862859634149096 ], [ 131.302323353714797, 31.862983610444882 ], [ 131.302328624637738, 31.863038485819033 ], [ 131.302340007755106, 31.863099310603193 ], [ 131.302336012180575, 31.863160171946841 ], [ 131.302335965287824, 31.86323096787326 ], [ 131.302316443432005, 31.863332749200879 ], [ 131.302317439685822, 31.863418041842664 ], [ 131.302307255967406, 31.863510536986851 ], [ 131.302321509264232, 31.863594025238736 ], [ 131.302415210472219, 31.863648695024573 ], [ 131.302421149600121, 31.863648000756573 ], [ 131.302438668554203, 31.863650739312121 ], [ 131.302449873664415, 31.863649400916898 ], [ 131.302538137818715, 31.863639173995129 ], [ 131.30261869704583, 31.863615075268452 ], [ 131.302652306550641, 31.86360763520987 ], [ 131.302682777541492, 31.863595708192928 ], [ 131.302697276499146, 31.863492636365159 ], [ 131.302662296110043, 31.863343769382077 ], [ 131.30262141011471, 31.863229184828473 ], [ 131.302614469902295, 31.863165499517994 ], [ 131.302625120295232, 31.863119824925533 ], [ 131.302664495841299, 31.863102233044653 ], [ 131.302744043426969, 31.863118281579574 ], [ 131.302847990759574, 31.8631690474914 ], [ 131.302965633318337, 31.863209055543521 ], [ 131.303118602195923, 31.863255926655221 ], [ 131.303200203683758, 31.863247888933302 ], [ 131.303287719491294, 31.863208797240034 ], [ 131.303295958836827, 31.86316830745217 ], [ 131.303292171788826, 31.86312185274199 ], [ 131.303280754185522, 31.863045216384961 ], [ 131.303258671274193, 31.862964095835881 ], [ 131.303252888747352, 31.862919013396699 ], [ 131.30326809989532, 31.862855631016121 ], [ 131.303367383801202, 31.86272384006508 ], [ 131.303386021880442, 31.86268426848055 ], [ 131.303432127382422, 31.862589005249855 ], [ 131.303485604365164, 31.862460804351851 ], [ 131.303498656641551, 31.862436027836829 ], [ 131.303480578397256, 31.862468658182976 ], [ 131.303526537577653, 31.862382720355683 ], [ 131.30352642694632, 31.862381381463873 ], [ 131.303621714432211, 31.862224990239294 ], [ 131.303688804121578, 31.862057339824261 ], [ 131.303761437211392, 31.861912224247277 ], [ 131.303880847860626, 31.861680961702035 ], [ 131.303922173178449, 31.861581228455421 ], [ 131.303947901257345, 31.861508801602294 ], [ 131.303952558907071, 31.861450024436873 ], [ 131.303941084899066, 31.861368878631371 ], [ 131.303924327007422, 31.861287745450973 ], [ 131.30393948136043, 31.861219853488429 ], [ 131.303954895668539, 31.861174579484718 ], [ 131.30398649788853, 31.861156254067836 ], [ 131.30407119477556, 31.861146539106823 ], [ 131.304150622554943, 31.861141346314643 ], [ 131.304198137866933, 31.86112284186208 ], [ 131.304208339270218, 31.861086670006792 ], [ 131.304175815467516, 31.861019173902012 ], [ 131.3041378398012, 31.860938232416544 ], [ 131.304105041518085, 31.860843679203416 ], [ 131.3041096431852, 31.860780462999166 ], [ 131.304141655342022, 31.860719077914005 ], [ 131.304188930315746, 31.860646177895969 ], [ 131.304267148622927, 31.860571658831237 ], [ 131.304398637639707, 31.860497968555631 ], [ 131.30442728588315, 31.860427039054922 ], [ 131.304460577903313, 31.860393627716928 ], [ 131.304534609183264, 31.860379498819725 ], [ 131.304577333973157, 31.860410752489635 ], [ 131.304551240169616, 31.86044703289793 ], [ 131.304504258489771, 31.860512372110342 ], [ 131.304412755128965, 31.860575590738581 ], [ 131.304339089929755, 31.860621584913073 ], [ 131.304301176507693, 31.860656039038798 ], [ 131.304273619167475, 31.860693729718662 ], [ 131.304258360396432, 31.860730158024314 ], [ 131.304255787712833, 31.860798175084284 ], [ 131.304253456013072, 31.860846917842629 ], [ 131.304285740394334, 31.860891795919091 ], [ 131.304354819204121, 31.860909316806218 ], [ 131.304471413186604, 31.860908333101342 ], [ 131.304646273193669, 31.860906857417785 ], [ 131.304725812961266, 31.860910683246757 ], [ 131.30479485615686, 31.860923623892951 ], [ 131.304896015710284, 31.860967913952358 ], [ 131.304943953811573, 31.860990135748612 ], [ 131.305002352784555, 31.86099866264243 ], [ 131.305140031603372, 31.86098846758318 ], [ 131.305209110410829, 31.861005917542236 ], [ 131.30529443390563, 31.861054895835519 ], [ 131.305395833294341, 31.861121733037692 ], [ 131.305470477130569, 31.861161788071509 ], [ 131.305534251823076, 31.861179321055459 ], [ 131.30558729027274, 31.861183350934144 ], [ 131.305629536528841, 31.861169438694869 ], [ 131.30565565051694, 31.861133087558844 ], [ 131.305655206765891, 31.861092431549704 ], [ 131.305654727728239, 31.861047336464292 ], [ 131.305654192299016, 31.86099766142744 ], [ 131.305658996914644, 31.860952483179965 ], [ 131.305679893111403, 31.860945640002033 ], [ 131.305732143502894, 31.860942230570792 ], [ 131.305817466008506, 31.860964829210545 ], [ 131.305882803858879, 31.860994228049922 ], [ 131.305936103929128, 31.861020778002079 ], [ 131.306100136321817, 31.861123066923913 ], [ 131.306161660734688, 31.861166584293457 ], [ 131.306207802876543, 31.861199221447855 ], [ 131.306257313504574, 31.861307943517666 ], [ 131.306262006918587, 31.861400824230547 ], [ 131.306223330310161, 31.861443591477947 ], [ 131.306128426819924, 31.861483575523305 ], [ 131.306033132934743, 31.861523001115433 ], [ 131.306001215002567, 31.861566337300463 ], [ 131.306000790530931, 31.86160732553228 ], [ 131.306048865325607, 31.861662558047431 ], [ 131.306093967603971, 31.86170869981758 ], [ 131.306165329714332, 31.86176615834415 ], [ 131.306170138132387, 31.861834869696512 ], [ 131.306172958888311, 31.86190647358535 ], [ 131.306183230046088, 31.861961691501321 ] ] ] } },
{ "type": "Feature", "properties": { "FNODE_": 98, "TNODE_": 99, "LPOLY_": 0, "RPOLY_": 0, "LENGTH": 549.813, "RINDOU_": 54, "RINDOU_ID": 36, "CLSID": 3, "NUM": 0, "林道名": null, "総延長": 0, "区域": null, "開設年度": 0, "延長年度": null, "NO": 45, "内外区別": 0 }, "geometry": { "type": "MultiLineString", "coordinates": [ [ [ 131.271773877228298, 31.857195375592148 ], [ 131.271844744820385, 31.857143222444183 ], [ 131.272001831894926, 31.857093914807731 ], [ 131.272662481427318, 31.85702365788255 ], [ 131.273078226380505, 31.856975908041697 ], [ 131.273330926230756, 31.85692357492514 ], [ 131.273580802448521, 31.856858704965731 ], [ 131.273792823379466, 31.856779118779635 ], [ 131.274023598392262, 31.856690261182958 ], [ 131.274209202166389, 31.856604389544639 ], [ 131.274214842934924, 31.85659951543602 ], [ 131.274406569074671, 31.856288219146187 ], [ 131.274406212913277, 31.856188867070248 ], [ 131.274389957534453, 31.856094129389223 ], [ 131.274368083095169, 31.85590005097686 ], [ 131.274383578801633, 31.855787065337076 ], [ 131.274430839393318, 31.855660552724572 ], [ 131.274641755602033, 31.855334769718297 ], [ 131.274752706044637, 31.855221577876762 ], [ 131.274921846468658, 31.855076551815287 ], [ 131.275064728533977, 31.854999367743702 ], [ 131.275154615845679, 31.854931317432438 ], [ 131.275207434932952, 31.854877017093912 ], [ 131.275302316749247, 31.854718692737109 ], [ 131.275381440595936, 31.854605569224251 ], [ 131.275465868419047, 31.854492434174006 ], [ 131.275539815630168, 31.854415398841098 ], [ 131.275587289591044, 31.85434751055687 ], [ 131.275618709650274, 31.854239070338238 ] ] ] } },
{ "type": "Feature", "properties": { "FNODE_": 100, "TNODE_": 101, "LPOLY_": 0, "RPOLY_": 0, "LENGTH": 79.418, "RINDOU_": 55, "RINDOU_ID": 37, "CLSID": 5, "NUM": 0, "林道名": null, "総延長": 0, "区域": null, "開設年度": 0, "延長年度": null, "NO": 46, "内外区別": 0 }, "geometry": { "type": "MultiLineString", "coordinates": [ [ [ 131.303498292153364, 31.856899065532524 ], [ 131.303182649209134, 31.856547131621028 ], [ 131.302982480349783, 31.856211610625451 ] ] ] } },
{ "type": "Feature", "properties": { "FNODE_": 102, "TNODE_": 103, "LPOLY_": 0, "RPOLY_": 0, "LENGTH": 166.453, "RINDOU_": 56, "RINDOU_ID": 38, "CLSID": 5, "NUM": 0, "林道名": null, "総延長": 0, "区域": null, "開設年度": 0, "延長年度": null, "NO": 47, "内外区別": 0 }, "geometry": { "type": "MultiLineString", "coordinates": [ [ [ 131.302198459281357, 31.858079890278237 ], [ 131.302341423778131, 31.858103354199528 ], [ 131.302435561724195, 31.858109753896652 ], [ 131.302512149922421, 31.858120634431049 ], [ 131.302593907449733, 31.85815334612311 ] ] ] } },
{ "type": "Feature", "properties": { "FNODE_": 104, "TNODE_": 105, "LPOLY_": 0, "RPOLY_": 0, "LENGTH": 318.706, "RINDOU_": 57, "RINDOU_ID": 39, "CLSID": 2, "NUM": 32, "林道名": "ユーカリ", "総延長": 400, "区域": "20", "開設年度": 1993, "延長年度": "1996", "NO": 48, "内外区別": 1 }, "geometry": { "type": "MultiLineString", "coordinates": [ [ [ 131.291343516665791, 31.864392727703549 ], [ 131.291374818991102, 31.864436221926141 ], [ 131.291391375350742, 31.864461273563492 ], [ 131.291384982814776, 31.864528862105676 ], [ 131.291396558051503, 31.86456681507126 ], [ 131.291480906907964, 31.864625140530674 ], [ 131.291533044211008, 31.864665827558923 ], [ 131.291790928793688, 31.864847025467977 ], [ 131.291800383621108, 31.864853668706793 ], [ 131.291817655744921, 31.864866912195151 ], [ 131.292017857972581, 31.864946957485721 ], [ 131.292087581084701, 31.864962620435296 ], [ 131.292219822304702, 31.864992327646274 ], [ 131.292432136061052, 31.865012923360386 ], [ 131.29265760553443, 31.864978654651118 ], [ 131.292680902528133, 31.864973628808876 ], [ 131.292769547382477, 31.864953410503603 ], [ 131.292787963992737, 31.864950532460917 ], [ 131.292861678812841, 31.864941154122224 ], [ 131.292912520940746, 31.864936222892098 ], [ 131.29305320011332, 31.86493880630108 ], [ 131.293207463319561, 31.864968397362144 ], [ 131.293264214265292, 31.864979112413369 ], [ 131.293277524491771, 31.864980515183461 ], [ 131.293314545846698, 31.864987505104398 ], [ 131.293351473552917, 31.865009440242506 ], [ 131.293454636818353, 31.865079174486532 ], [ 131.293508448625403, 31.865176253658312 ], [ 131.293521073057917, 31.865225944158531 ], [ 131.293504568939738, 31.86528926711528 ], [ 131.293495728236394, 31.865392139264596 ], [ 131.293568555365823, 31.865470063387754 ], [ 131.293626562575781, 31.865554581489114 ] ] ] } },
{ "type": "Feature", "properties": { "FNODE_": 106, "TNODE_": 107, "LPOLY_": 0, "RPOLY_": 0, "LENGTH": 631.127, "RINDOU_": 58, "RINDOU_ID": 25, "CLSID": 2, "NUM": 13, "林道名": "マエサコ", "総延長": 484, "区域": "1,4", "開設年度": 1966, "延長年度": null, "NO": 49, "内外区別": 1 }, "geometry": { "type": "MultiLineString", "coordinates": [ [ [ 131.269230144804141, 31.872314476756781 ], [ 131.269401795044814, 31.872167734236367 ], [ 131.269459849234067, 31.872129429680189 ], [ 131.269486539177137, 31.872075918955222 ], [ 131.26951542731689, 31.872009040024253 ], [ 131.269528672235907, 31.871947921477588 ], [ 131.269548561811149, 31.871863879916052 ], [ 131.269573637137682, 31.87179043010569 ], [ 131.269648881953174, 31.871743395344524 ], [ 131.269729251321792, 31.871685952566907 ], [ 131.269843160607337, 31.871622711334371 ], [ 131.269916651471249, 31.8715080107138 ], [ 131.269929773626075, 31.871404892679401 ], [ 131.269976535829244, 31.871330339384301 ], [ 131.27003450574955, 31.871263398580609 ], [ 131.270101407293851, 31.871190711545907 ], [ 131.270177290558991, 31.871129459856828 ], [ 131.270195439584342, 31.871025750594765 ], [ 131.270199426809199, 31.870953411233646 ], [ 131.270252766999505, 31.870928846328777 ], [ 131.270319863184028, 31.870922976476784 ], [ 131.270416108512876, 31.87093995353387 ], [ 131.270528030290052, 31.870962624399791 ], [ 131.27067354765407, 31.870998587200656 ], [ 131.270839159937452, 31.871021143492658 ], [ 131.27094429799962, 31.871019010433166 ], [ 131.271080638077763, 31.870976720146192 ], [ 131.271241552542961, 31.87092292283096 ], [ 131.27135320037894, 31.870852048758781 ], [ 131.271377567848333, 31.870769906424812 ], [ 131.271376815691156, 31.870701571879184 ], [ 131.271408206436973, 31.8705796041369 ], [ 131.271455451848993, 31.870444003207631 ], [ 131.271486902504819, 31.870335493720376 ], [ 131.271539279024751, 31.870154715105006 ], [ 131.27165488888906, 31.869856339794872 ], [ 131.271728598452142, 31.869707153341977 ], [ 131.271809739952886, 31.869623616322123 ], [ 131.271924144281797, 31.869539849573602 ], [ 131.272002196164266, 31.869456160486191 ], [ 131.272102646540986, 31.869381968812696 ], [ 131.272194672721753, 31.869295863355482 ], [ 131.272306265944763, 31.869207329583908 ], [ 131.272376033534073, 31.869159453215541 ], [ 131.272451449847125, 31.869130655485371 ], [ 131.272510060132845, 31.869092348337592 ], [ 131.272585497421204, 31.869070709525207 ], [ 131.272632985587933, 31.869053903288407 ], [ 131.272716776618125, 31.869020314750593 ], [ 131.272778168977283, 31.868977228817847 ], [ 131.272836743877775, 31.868926989858117 ], [ 131.272900939459873, 31.86888628419873 ], [ 131.272942694194114, 31.86882176320151 ], [ 131.272976661902192, 31.868750624363777 ], [ 131.27297100970037, 31.868646844680686 ], [ 131.272949508836604, 31.868565576673056 ], [ 131.273023522683474, 31.86850665174417 ], [ 131.273166387072536, 31.86841594105654 ] ] ] } },
{ "type": "Feature", "properties": { "FNODE_": 17, "TNODE_": 18, "LPOLY_": 0, "RPOLY_": 0, "LENGTH": 740.919, "RINDOU_": 9, "RINDOU_ID": 11, "CLSID": 2, "NUM": 29, "林道名": "レンラク", "総延長": 600, "区域": "12,19", "開設年度": 1973, "延長年度": null, "NO": 50, "内外区別": 1 }, "geometry": { "type": "MultiLineString", "coordinates": [ [ [ 131.296931772239304, 31.866030324974361 ], [ 131.297050982058266, 31.86605775181048 ], [ 131.297133502271947, 31.866060787940761 ], [ 131.297226885480001, 31.866066060607736 ], [ 131.297328084042675, 31.86605818773084 ], [ 131.29741021926921, 31.86603508674261 ], [ 131.297463018067759, 31.865998556503278 ], [ 131.297480461140651, 31.865969311784514 ] ], [ [ 131.297932330102356, 31.86717904051461 ], [ 131.297981740042729, 31.867116482581768 ], [ 131.297995386443091, 31.867053579096069 ], [ 131.297993217300359, 31.866992314189361 ], [ 131.297960346676177, 31.866941692085039 ], [ 131.297920877374708, 31.866918579155449 ], [ 131.297865225631739, 31.866899896968008 ], [ 131.297800481220349, 31.866890447918657 ], [ 131.297690071401405, 31.866877650164447 ], [ 131.297565024179335, 31.866865195246323 ], [ 131.297460455296118, 31.866835285966847 ], [ 131.297355962702824, 31.86679250976292 ], [ 131.297295898197348, 31.866759496602963 ], [ 131.297274571956194, 31.866706522343001 ], [ 131.297260211887675, 31.866643524380255 ], [ 131.297270485964759, 31.866547297783249 ], [ 131.297278174279086, 31.866475726168268 ], [ 131.297283025924713, 31.866353814122107 ], [ 131.297303161100359, 31.866264786145486 ], [ 131.29735351712236, 31.866186238273141 ], [ 131.297360917080141, 31.866174695431457 ], [ 131.297408767591463, 31.866105487351497 ], [ 131.297420520226183, 31.86607788764795 ], [ 131.297444388864648, 31.866029789842091 ], [ 131.297485597989066, 31.865960699439743 ], [ 131.297486594164099, 31.865959738193737 ], [ 131.297482177129922, 31.865936566526987 ], [ 131.297462122283918, 31.865831359082105 ], [ 131.297464391397682, 31.865817560365155 ], [ 131.297499388000745, 31.865744917928335 ], [ 131.297549148002531, 31.865707680135436 ], [ 131.297633473348526, 31.865699128257127 ], [ 131.297793618140929, 31.865683387943051 ], [ 131.297802990362896, 31.865686460531087 ], [ 131.297806722542077, 31.865686229530326 ], [ 131.297845147566278, 31.865697060481999 ], [ 131.297920899856507, 31.865714598252492 ], [ 131.297984727076056, 31.865737357631939 ], [ 131.298075319590509, 31.8657357135138 ], [ 131.298131601819506, 31.865715039113748 ], [ 131.2982110742457, 31.865696743826 ], [ 131.298306504609485, 31.865691939921589 ], [ 131.298401993078727, 31.865705174296263 ], [ 131.298470992743233, 31.86572298039389 ], [ 131.298545419856595, 31.865772411526979 ], [ 131.298609144098606, 31.865799319639912 ], [ 131.298678129329801, 31.865812616036777 ], [ 131.298741780909552, 31.865816976145556 ], [ 131.298821267848751, 31.865803190064366 ], [ 131.298870752093279, 31.865786092232849 ], [ 131.29892506036839, 31.8657287487625 ], [ 131.298952732558774, 31.865700709966205 ], [ 131.298973510445563, 31.865659863135903 ], [ 131.298978318544357, 31.865614685152387 ], [ 131.298993680155519, 31.865564902271462 ], [ 131.299009356154357, 31.865542176379609 ], [ 131.299051458511912, 31.865514737796843 ], [ 131.299083007341437, 31.865491904105451 ], [ 131.2991518504449, 31.865486809779657 ], [ 131.299225998099956, 31.865481632472441 ], [ 131.299305394677845, 31.865471933146551 ], [ 131.299411446874501, 31.865478310150063 ], [ 131.299489616216164, 31.865455263457953 ], [ 131.29958234503593, 31.86542259073477 ], [ 131.299667244439462, 31.865389936393814 ], [ 131.299731903060604, 31.865323920856266 ], [ 131.299792053696223, 31.865247415989039 ], [ 131.299825763890823, 31.865179369982023 ], [ 131.299812203624981, 31.865166594173481 ], [ 131.299765541206625, 31.865122631123537 ], [ 131.299676439498057, 31.865126130634131 ], [ 131.299627494523776, 31.865101656309118 ], [ 131.29960272225415, 31.86509410697823 ], [ 131.299525950225075, 31.865086521989184 ], [ 131.299420209742607, 31.865086450445727 ], [ 131.299330349461314, 31.865100913230965 ], [ 131.299228926346643, 31.865153044443097 ], [ 131.299076366669794, 31.865148945281653 ], [ 131.2990753407216, 31.865147206369279 ], [ 131.299031929383801, 31.865121839845962 ], [ 131.298923947462214, 31.865058742703166 ], [ 131.298838684686899, 31.864978761849361 ], [ 131.298771366887905, 31.864914011396539 ], [ 131.29873385842177, 31.86486713621229 ], [ 131.298711460625725, 31.864819152587199 ], [ 131.298684785130234, 31.864778558178614 ], [ 131.298673951184128, 31.864715378447759 ], [ 131.29867893812235, 31.864629613446635 ], [ 131.298721110038485, 31.864566238753113 ], [ 131.298789849194918, 31.864516330495746 ], [ 131.29886648649304, 31.864464148828645 ], [ 131.298875863582481, 31.864459617168659 ], [ 131.298986569677879, 31.864404466379998 ], [ 131.299049869327575, 31.864376837031624 ], [ 131.299129082878636, 31.864349099757796 ], [ 131.299229564587051, 31.864330190712934 ], [ 131.299373980089172, 31.864341191471208 ], [ 131.299424255516612, 31.864323891412372 ] ] ] } },
{ "type": "Feature", "properties": { "FNODE_": 21, "TNODE_": 22, "LPOLY_": 0, "RPOLY_": 0, "LENGTH": 673.303, "RINDOU_": 11, "RINDOU_ID": 13, "CLSID": 2, "NUM": 30, "林道名": "シラスガオ支線", "総延長": 695, "区域": "8,9", "開設年度": 1976, "延長年度": "1990", "NO": 51, "内外区別": 1 }, "geometry": { "type": "MultiLineString", "coordinates": [ [ [ 131.293283445007518, 31.856794434968961 ], [ 131.293277629253396, 31.856658948119833 ], [ 131.293271983709502, 31.856564188463366 ], [ 131.293287640699617, 31.856496366997241 ], [ 131.293324252740319, 31.856365291931333 ], [ 131.293318692826688, 31.856297589851089 ], [ 131.293291274526752, 31.856238729076971 ], [ 131.293211690233278, 31.856040576304327 ], [ 131.293190203416941, 31.855968401300377 ], [ 131.293179253547549, 31.855873583393084 ], [ 131.293178955200631, 31.85579234028372 ], [ 131.293194562954284, 31.855715499675096 ], [ 131.293231373316388, 31.855634100554333 ], [ 131.293278806331017, 31.855557186558542 ], [ 131.293294457010717, 31.85549394518895 ], [ 131.293272990899254, 31.855421770144812 ], [ 131.293256779624045, 31.855340493257557 ], [ 131.293267118170348, 31.855268244876854 ], [ 131.293227832756571, 31.855197751826545 ], [ 131.293177356943886, 31.855144352410001 ], [ 131.293129655738596, 31.855096558219326 ], [ 131.293141182924387, 31.855061541784988 ], [ 131.293165420899442, 31.855011148549114 ], [ 131.293202316854519, 31.854956877476141 ], [ 131.293286694591757, 31.85483471153433 ], [ 131.293339417056018, 31.854753275680832 ], [ 131.293355038785677, 31.854680944639316 ], [ 131.293363663865847, 31.854479890604104 ], [ 131.293321335628974, 31.854426859523127 ], [ 131.293321227322707, 31.854397277581889 ], [ 131.293354315323825, 31.854293361316742 ] ], [ [ 131.293289227392933, 31.856233632036943 ], [ 131.293349060658471, 31.856162275497908 ], [ 131.293429504548016, 31.856137271894255 ], [ 131.293485459207773, 31.856148597275066 ], [ 131.293559295668985, 31.856156063200022 ], [ 131.293631193789622, 31.856129402420077 ], [ 131.293662641339296, 31.856078932215315 ], [ 131.293706531637156, 31.856001291962073 ], [ 131.293735789950887, 31.855935172380349 ], [ 131.293751470591246, 31.855898449650102 ], [ 131.293836143611202, 31.855836454785766 ], [ 131.293902900749828, 31.855776096588755 ], [ 131.293953807803746, 31.85573611138819 ], [ 131.293997273318496, 31.855708786993866 ], [ 131.294037483761088, 31.855694740207767 ], [ 131.294094851347609, 31.855658938527014 ], [ 131.294149796468389, 31.855635761102786 ], [ 131.294296750336628, 31.855596100788439 ], [ 131.294441393195399, 31.855534556194947 ], [ 131.294511819891284, 31.855489542419331 ], [ 131.29456031717433, 31.85541522225104 ], [ 131.294582264703962, 31.855340812495893 ], [ 131.294645181888285, 31.855155490086371 ], [ 131.294761105488703, 31.85496546472006 ], [ 131.294999011879042, 31.854784105184635 ], [ 131.295437921195372, 31.85448016615231 ], [ 131.29548014852179, 31.854434901296742 ], [ 131.295501122305041, 31.854371647284712 ], [ 131.295526706430763, 31.854123205858905 ], [ 131.295547723263866, 31.854073480627925 ], [ 131.295711860285422, 31.85401419208652 ] ] ] } },
{ "type": "Feature", "properties": { "FNODE_": 0, "TNODE_": 0, "LPOLY_": 0, "RPOLY_": 0, "LENGTH": 0.0, "RINDOU_": 0, "RINDOU_ID": 0, "CLSID": 0, "NUM": 0, "林道名": "トビノス", "総延長": 0, "区域": null, "開設年度": 0, "延長年度": null, "NO": 0, "内外区別": 1 }, "geometry": { "type": "MultiLineString", "coordinates": [ [ [ 131.314211402765409, 31.86742034441486 ], [ 131.314089565863185, 31.867480147383723 ], [ 131.314046798520025, 31.867552445931913 ], [ 131.313986691992596, 31.867611915560808 ], [ 131.313883399808702, 31.867693731961189 ], [ 131.313797841413901, 31.86771148637304 ], [ 131.313444784366453, 31.867723884915105 ], [ 131.313344813467182, 31.867712347965462 ], [ 131.313273804501335, 31.867673499313128 ], [ 131.313211097944048, 31.867628711159171 ], [ 131.313140960555074, 31.86761105235194 ], [ 131.313083933532425, 31.867606314126562 ], [ 131.313032815211272, 31.867636231230502 ], [ 131.312973653330147, 31.86767386348814 ], [ 131.312869553513707, 31.867730115239315 ], [ 131.312768489053269, 31.867761077810123 ], [ 131.312610553529311, 31.867771962258242 ], [ 131.312421615762503, 31.867771730769682 ], [ 131.312379967067443, 31.867711440634501 ], [ 131.312433926648737, 31.867543070807628 ], [ 131.31239565172018, 31.867420102866706 ] ] ] } },
{ "type": "Feature", "properties": { "FNODE_": 0, "TNODE_": 0, "LPOLY_": 0, "RPOLY_": 0, "LENGTH": 0.0, "RINDOU_": 0, "RINDOU_ID": 0, "CLSID": 0, "NUM": 0, "林道名": null, "総延長": 0, "区域": null, "開設年度": 0, "延長年度": null, "NO": 0, "内外区別": 0 }, "geometry": { "type": "MultiLineString", "coordinates": [ ] } },
{ "type": "Feature", "properties": { "FNODE_": 0, "TNODE_": 0, "LPOLY_": 0, "RPOLY_": 0, "LENGTH": 0.0, "RINDOU_": 0, "RINDOU_ID": 0, "CLSID": 0, "NUM": 320, "林道名": "ユーカリ", "総延長": 0, "区域": "20", "開設年度": 0, "延長年度": null, "NO": 0, "内外区別": 1 }, "geometry": { "type": "MultiLineString", "coordinates": [ [ [ 131.294388315876091, 31.86688881361696 ], [ 131.294301115716564, 31.866805313414737 ], [ 131.294253638931508, 31.86668758877887 ], [ 131.294260141790886, 31.866562587738276 ], [ 131.294333568301056, 31.866411885645199 ], [ 131.294426839956316, 31.866250055707305 ], [ 131.294371048280823, 31.866115974535337 ], [ 131.294344981647782, 31.866029945767703 ], [ 131.294290029042116, 31.865917228821417 ], [ 131.294239327938044, 31.865811669818147 ], [ 131.294109736200141, 31.865737439897408 ], [ 131.293986211837733, 31.865690001063051 ], [ 131.293894896560801, 31.865655310109219 ], [ 131.293749468027784, 31.865606457175954 ], [ 131.293626562575781, 31.865554581489114 ] ] ] } },
{ "type": "Feature", "properties": { "FNODE_": 0, "TNODE_": 0, "LPOLY_": 0, "RPOLY_": 0, "LENGTH": 0.0, "RINDOU_": 0, "RINDOU_ID": 0, "CLSID": 0, "NUM": 0, "林道名": null, "総延長": 0, "区域": null, "開設年度": 0, "延長年度": null, "NO": 0, "内外区別": 0 }, "geometry": { "type": "MultiLineString", "coordinates": [ [ [ 131.299428788843073, 31.864397917556207 ], [ 131.299616782368645, 31.864291755627743 ], [ 131.299742458409668, 31.864284950674477 ], [ 131.299887403533262, 31.864284233566973 ], [ 131.300339399926514, 31.864210763900868 ], [ 131.300428777569266, 31.864196924949979 ], [ 131.300547190802831, 31.864194947286784 ], [ 131.300561381111464, 31.864198424017026 ] ] ] } },
{ "type": "Feature", "properties": { "FNODE_": 41, "TNODE_": 40, "LPOLY_": 0, "RPOLY_": 0, "LENGTH": 370.35, "RINDOU_": 22, "RINDOU_ID": 24, "CLSID": 2, "NUM": 19, "林道名": "ホオジロ", "総延長": 200, "区域": "2", "開設年度": 1967, "延長年度": null, "NO": 18, "内外区別": 1 }, "geometry": { "type": "MultiLineString", "coordinates": [ [ [ 131.277663413973272, 31.856281200073102 ], [ 131.277605493665988, 31.856370610993473 ], [ 131.277530846157646, 31.856456014236823 ], [ 131.277429032731106, 31.856463155700524 ], [ 131.277294028997034, 31.856470726327771 ], [ 131.277175698378471, 31.856516677670513 ], [ 131.277104408574985, 31.856561840003177 ], [ 131.277004724094382, 31.85662131964726 ], [ 131.276890128331218, 31.856670768413949 ], [ 131.276662812280449, 31.856739793526824 ], [ 131.276482833297251, 31.856770733686467 ], [ 131.276340389760946, 31.856783509967318 ], [ 131.276239536760841, 31.85678485657105 ], [ 131.276113582194398, 31.856786538222188 ], [ 131.276022784781759, 31.856840727419396 ], [ 131.275859208384702, 31.856903761224991 ], [ 131.275655319988516, 31.856899683706907 ], [ 131.275537873575729, 31.856939340895114 ], [ 131.275361346784393, 31.85687716054975 ], [ 131.275298139013501, 31.856847631730922 ] ] ] } },
{ "type": "Feature", "properties": { "FNODE_": 0, "TNODE_": 0, "LPOLY_": 0, "RPOLY_": 0, "LENGTH": 0.0, "RINDOU_": 0, "RINDOU_ID": 0, "CLSID": 0, "NUM": 0, "林道名": null, "総延長": 0, "区域": null, "開設年度": 0, "延長年度": null, "NO": 0, "内外区別": 0 }, "geometry": { "type": "MultiLineString", "coordinates": [ [ [ 131.287702096055426, 31.855627651297901 ], [ 131.28766758479793, 31.855680750176475 ], [ 131.287655272801118, 31.855776928502284 ], [ 131.287575066124276, 31.855878768425619 ], [ 131.287476388458828, 31.855974922804709 ] ] ] } }
]
}
